2025-12-23 06:36:31,520 - Knowledge - INFO - Created shared MongoDB connection pool
2025-12-23 06:36:31,845 - Knowledge - INFO - Starting Knowledge Graph processing with 20 threads
2025-12-23 06:36:32,007 - Knowledge - INFO - Initial configuration: chunk_size=65536, max_cache_size=500
2025-12-23 06:36:32,177 - Knowledge - INFO - Knowledge Graph concurrency configuration: workers=20, max_batch_size=10, max_concurrent_llm_calls=50
2025-12-23 06:36:33,738 - Knowledge - INFO - 🔍 _load_persisted_knowledge called - checking for Redis optimization
2025-12-23 06:36:33,934 - Knowledge - WARNING - ❌ load_from_redis method not found - Redis support not attached
2025-12-23 06:36:34,113 - Knowledge - INFO - load persisted knowledge: begin
2025-12-23 06:36:34,292 - Knowledge - INFO - Loaded 0 files from persisted knowledge
2025-12-23 06:36:34,464 - Knowledge - INFO - load persisted knowledge: end
2025-12-23 06:36:34,652 - Knowledge - WARNING - No persisted knowledge found. Files will be queued during start()
2025-12-23 06:36:34,856 - Knowledge - INFO - Redis support added with prefix knowledge:b9205aw:
2025-12-23 06:36:35,207 - Knowledge - INFO - Starting knowledge initialization for ID: JhqJfC-b9205aw
2025-12-23 06:36:35,415 - Knowledge - INFO - 🔍 Checking Redis for build_id: b9205aw
2025-12-23 06:36:35,629 - Knowledge - INFO - 🔍 Full session ID: JhqJfC-b9205aw
2025-12-23 06:36:35,833 - Knowledge - INFO - 🔍 Redis prefix will be: knowledge:b9205aw:
2025-12-23 06:36:35,976 - Knowledge - INFO - 🔍 Using attached load_from_redis() method
2025-12-23 06:36:36,175 - Knowledge - INFO - 🔍 Attempting to load knowledge from Redis...
2025-12-23 06:36:36,423 - Knowledge - INFO - 🔍 Using derived instance_id for Redis lookup: b9205aw
2025-12-23 06:36:36,630 - Knowledge - WARNING - ❌ No Redis cache found
2025-12-23 06:36:36,808 - Knowledge - INFO - 📁 Loading knowledge from disk...
2025-12-23 06:36:37,031 - Knowledge - INFO - load persisted docinfo: begin
2025-12-23 06:36:37,196 - Knowledge - INFO - load persisted docinfo: end
2025-12-23 06:36:37,412 - Knowledge - INFO - 🔍 _load_persisted_knowledge called - checking for Redis optimization
2025-12-23 06:36:37,634 - Knowledge - INFO - ✅ load_from_redis method found - attempting Redis load
2025-12-23 06:36:37,833 - Knowledge - INFO - 🔍 Attempting to load knowledge from Redis...
2025-12-23 06:36:37,989 - Knowledge - INFO - 🔍 Using derived instance_id for Redis lookup: b9205aw
2025-12-23 06:36:38,205 - Knowledge - WARNING - ❌ No Redis cache found
2025-12-23 06:36:38,422 - Knowledge - INFO - ❌ Redis load returned False - falling back to file loading
2025-12-23 06:36:38,587 - Knowledge - INFO - load persisted knowledge: begin
2025-12-23 06:36:38,758 - Knowledge - INFO - Loaded 0 files from persisted knowledge
2025-12-23 06:36:38,938 - Knowledge - INFO - load persisted knowledge: end
2025-12-23 06:36:39,131 - Knowledge - INFO - 📁 Disk load complete in 2.14s
2025-12-23 06:36:39,312 - Knowledge - INFO - Populating ingest queue with source files...
2025-12-23 06:36:39,545 - Knowledge - INFO - Added 50 files from /app/data/tataelxsimockapisolutions5451/3632/b9205aw/Online-Examination-System-3632 to ingest queue
2025-12-23 06:36:39,705 - Knowledge - INFO - [WEBSOCKET] Sent: Type=progress_update, Size: 159, Duration: 0ms
2025-12-23 06:36:39,888 - Knowledge - INFO - Worker kw1 created using shared MongoDB connection pool
2025-12-23 06:36:40,080 - Knowledge - INFO - knowledge worker kw1 start
2025-12-23 06:36:40,082 - Knowledge - INFO - Worker kw2 created using shared MongoDB connection pool
2025-12-23 06:36:40,243 - Knowledge - INFO - [kw1] Queue=50, InProgress=0, PendingWorkers=0/1, Completed=0/50 (0.0%)
2025-12-23 06:36:40,375 - Knowledge - INFO - knowledge worker kw2 start
2025-12-23 06:36:40,378 - Knowledge - INFO - Worker kw3 created using shared MongoDB connection pool
2025-12-23 06:36:40,463 - Knowledge - INFO - Batch sizing: calculated=4, max_allowed=10, queue=50, active_workers=0/2
2025-12-23 06:36:40,606 - Knowledge - INFO - [kw2] Queue=50, InProgress=0, PendingWorkers=0/2, Completed=0/50 (0.0%)
2025-12-23 06:36:40,689 - Knowledge - INFO - knowledge worker kw3 start
2025-12-23 06:36:40,690 - Knowledge - INFO - Worker kw4 created using shared MongoDB connection pool
2025-12-23 06:36:40,810 - Knowledge - INFO - Worker kw1 processing /app/data/tataelxsimockapisolutions5451/3632/b9205aw/Online-Examination-System-3632/OnlineExamSystem/DownloadPdf.aspx.cs
2025-12-23 06:36:40,929 - Knowledge - INFO - Batch sizing: calculated=4, max_allowed=10, queue=50, active_workers=1/3
2025-12-23 06:36:41,013 - Knowledge - INFO - [kw3] Queue=46, InProgress=0, PendingWorkers=1/3, Completed=0/50 (0.0%)
2025-12-23 06:36:41,120 - Knowledge - INFO - knowledge worker kw4 start
2025-12-23 06:36:41,120 - Knowledge - INFO - Worker kw5 created using shared MongoDB connection pool
2025-12-23 06:36:41,236 - Knowledge - INFO - Fast-tracked /app/data/tataelxsimockapisolutions5451/3632/b9205aw/Online-Examination-System-3632/OnlineExamSystem/DownloadPdf.aspx.cs (ext=.cs, size=1655)
2025-12-23 06:36:41,307 - Knowledge - INFO - Worker kw2 processing /app/data/tataelxsimockapisolutions5451/3632/b9205aw/Online-Examination-System-3632/OnlineExamSystem/TakenCourses.aspx.designer.cs
2025-12-23 06:36:41,413 - Knowledge - INFO - Batch sizing: calculated=4, max_allowed=10, queue=46, active_workers=2/4
2025-12-23 06:36:41,505 - Knowledge - INFO - [kw4] Queue=42, InProgress=0, PendingWorkers=2/4, Completed=0/50 (0.0%)
2025-12-23 06:36:41,596 - Knowledge - INFO - knowledge worker kw5 start
2025-12-23 06:36:41,596 - Knowledge - INFO - Worker kw6 created using shared MongoDB connection pool
2025-12-23 06:36:41,676 - Knowledge - INFO - Worker kw1 processing /app/data/tataelxsimockapisolutions5451/3632/b9205aw/Online-Examination-System-3632/OnlineExamSystem/SignUpPage.aspx.designer.cs
2025-12-23 06:36:41,790 - Knowledge - INFO - Worker kw2 processing /app/data/tataelxsimockapisolutions5451/3632/b9205aw/Online-Examination-System-3632/OnlineExamSystem/SetExam.aspx.designer.cs
2025-12-23 06:36:41,898 - Knowledge - INFO - Worker kw3 processing /app/data/tataelxsimockapisolutions5451/3632/b9205aw/Online-Examination-System-3632/OnlineExamSystem/EditMCQ.aspx.designer.cs
2025-12-23 06:36:41,988 - Knowledge - INFO - Batch sizing: calculated=4, max_allowed=10, queue=42, active_workers=3/5
2025-12-23 06:36:42,126 - Knowledge - INFO - [kw5] Queue=38, InProgress=0, PendingWorkers=3/5, Completed=0/50 (0.0%)
2025-12-23 06:36:42,196 - Knowledge - INFO - knowledge worker kw6 start
2025-12-23 06:36:42,196 - Knowledge - INFO - Worker kw7 created using shared MongoDB connection pool
2025-12-23 06:36:42,296 - Knowledge - INFO - Worker kw1 processing /app/data/tataelxsimockapisolutions5451/3632/b9205aw/Online-Examination-System-3632/OnlineExamSystem/ShowAns.aspx.designer.cs
2025-12-23 06:36:42,369 - Knowledge - INFO - Worker kw2 processing /app/data/tataelxsimockapisolutions5451/3632/b9205aw/Online-Examination-System-3632/OnlineExamSystem/TheoryExam.aspx.cs
2025-12-23 06:36:42,486 - Knowledge - INFO - Worker kw3 processing /app/data/tataelxsimockapisolutions5451/3632/b9205aw/Online-Examination-System-3632/OnlineExamSystem/TheorySet.aspx.designer.cs
2025-12-23 06:36:42,564 - Knowledge - INFO - Worker kw4 processing /app/data/tataelxsimockapisolutions5451/3632/b9205aw/Online-Examination-System-3632/OnlineExamSystem/AdminQueue.aspx.cs
2025-12-23 06:36:42,647 - Knowledge - INFO - Batch sizing: calculated=4, max_allowed=10, queue=38, active_workers=4/6
2025-12-23 06:36:42,731 - Knowledge - INFO - [kw6] Queue=34, InProgress=0, PendingWorkers=4/6, Completed=0/50 (0.0%)
2025-12-23 06:36:42,807 - Knowledge - INFO - knowledge worker kw7 start
2025-12-23 06:36:42,808 - Knowledge - INFO - Worker kw8 created using shared MongoDB connection pool
2025-12-23 06:36:42,897 - Knowledge - INFO - Worker kw1 processing /app/data/tataelxsimockapisolutions5451/3632/b9205aw/Online-Examination-System-3632/OnlineExamSystem/ExamResult.aspx.cs
2025-12-23 06:36:42,977 - Knowledge - INFO - Worker kw2 processing /app/data/tataelxsimockapisolutions5451/3632/b9205aw/Online-Examination-System-3632/OnlineExamSystem/LoginPage.aspx.cs
2025-12-23 06:36:43,056 - Knowledge - INFO - Worker kw3 processing /app/data/tataelxsimockapisolutions5451/3632/b9205aw/Online-Examination-System-3632/OnlineExamSystem/AdminLeaderboard.aspx.cs
2025-12-23 06:36:43,188 - Knowledge - INFO - Fast-tracked /app/data/tataelxsimockapisolutions5451/3632/b9205aw/Online-Examination-System-3632/OnlineExamSystem/AdminQueue.aspx.cs (ext=.cs, size=1159)
2025-12-23 06:36:43,275 - Knowledge - INFO - Worker kw5 processing /app/data/tataelxsimockapisolutions5451/3632/b9205aw/Online-Examination-System-3632/OnlineExamSystem/AdminPanel.aspx.designer.cs
2025-12-23 06:36:43,391 - Knowledge - INFO - Batch sizing: calculated=4, max_allowed=10, queue=34, active_workers=5/7
2025-12-23 06:36:43,488 - Knowledge - INFO - [kw7] Queue=30, InProgress=0, PendingWorkers=5/7, Completed=0/50 (0.0%)
2025-12-23 06:36:43,561 - Knowledge - INFO - knowledge worker kw8 start
2025-12-23 06:36:43,561 - Knowledge - INFO - Worker kw9 created using shared MongoDB connection pool
2025-12-23 06:36:43,876 - Knowledge - INFO - Worker kw3 processing /app/data/tataelxsimockapisolutions5451/3632/b9205aw/Online-Examination-System-3632/OnlineExamSystem/AdminCourseQueue.aspx.designer.cs
2025-12-23 06:36:43,955 - Knowledge - INFO - Worker kw4 processing /app/data/tataelxsimockapisolutions5451/3632/b9205aw/Online-Examination-System-3632/OnlineExamSystem/Leaderboard.aspx.designer.cs
2025-12-23 06:36:44,066 - Knowledge - INFO - Worker kw5 processing /app/data/tataelxsimockapisolutions5451/3632/b9205aw/Online-Examination-System-3632/OnlineExamSystem/StartExam.aspx.designer.cs
2025-12-23 06:36:44,168 - Knowledge - INFO - Worker kw6 processing /app/data/tataelxsimockapisolutions5451/3632/b9205aw/Online-Examination-System-3632/OnlineExamSystem/UserProfile.aspx.cs
2025-12-23 06:36:44,284 - Knowledge - INFO - Batch sizing: calculated=4, max_allowed=10, queue=30, active_workers=6/8
2025-12-23 06:36:44,360 - Knowledge - INFO - [kw8] Queue=26, InProgress=0, PendingWorkers=6/8, Completed=0/50 (0.0%)
2025-12-23 06:36:44,473 - Knowledge - INFO - knowledge worker kw9 start
2025-12-23 06:36:44,474 - Knowledge - INFO - Worker kw10 created using shared MongoDB connection pool
2025-12-23 06:36:44,672 - Knowledge - INFO - Worker kw4 processing /app/data/tataelxsimockapisolutions5451/3632/b9205aw/Online-Examination-System-3632/OnlineExamSystem/MCQExam.aspx.cs
2025-12-23 06:36:44,761 - Knowledge - INFO - Worker kw5 processing /app/data/tataelxsimockapisolutions5451/3632/b9205aw/Online-Examination-System-3632/OnlineExamSystem/Dashboard.aspx.cs
2025-12-23 06:36:44,847 - Knowledge - INFO - Worker kw6 processing /app/data/tataelxsimockapisolutions5451/3632/b9205aw/Online-Examination-System-3632/OnlineExamSystem/EditTheory.aspx.designer.cs
2025-12-23 06:36:44,919 - Knowledge - INFO - Worker kw7 processing /app/data/tataelxsimockapisolutions5451/3632/b9205aw/Online-Examination-System-3632/OnlineExamSystem/MCQExam.aspx.designer.cs
2025-12-23 06:36:45,034 - Knowledge - INFO - Batch sizing: calculated=4, max_allowed=10, queue=26, active_workers=7/9
2025-12-23 06:36:45,152 - Knowledge - INFO - [kw9] Queue=22, InProgress=0, PendingWorkers=7/9, Completed=0/50 (0.0%)
2025-12-23 06:36:45,230 - Knowledge - INFO - knowledge worker kw10 start
2025-12-23 06:36:45,230 - Knowledge - INFO - Worker kw11 created using shared MongoDB connection pool
2025-12-23 06:36:45,341 - Knowledge - INFO - Worker kw4 processing /app/data/tataelxsimockapisolutions5451/3632/b9205aw/Online-Examination-System-3632/OnlineExamSystem/MCQSet.aspx.designer.cs
2025-12-23 06:36:45,456 - Knowledge - INFO - Fast-tracked /app/data/tataelxsimockapisolutions5451/3632/b9205aw/Online-Examination-System-3632/OnlineExamSystem/Dashboard.aspx.cs (ext=.cs, size=1014)
2025-12-23 06:36:45,571 - Knowledge - INFO - Worker kw6 processing /app/data/tataelxsimockapisolutions5451/3632/b9205aw/Online-Examination-System-3632/OnlineExamSystem/ShowAns.aspx.cs
2025-12-23 06:36:45,681 - Knowledge - INFO - Worker kw7 processing /app/data/tataelxsimockapisolutions5451/3632/b9205aw/Online-Examination-System-3632/OnlineExamSystem/CSS/bootstrap.css
2025-12-23 06:36:45,788 - Knowledge - INFO - Worker kw8 processing /app/data/tataelxsimockapisolutions5451/3632/b9205aw/Online-Examination-System-3632/OnlineExamSystem/Dashboard.aspx.designer.cs
2025-12-23 06:36:45,873 - Knowledge - INFO - Batch sizing: calculated=4, max_allowed=10, queue=22, active_workers=8/10
2025-12-23 06:36:45,948 - Knowledge - INFO - [kw10] Queue=18, InProgress=0, PendingWorkers=8/10, Completed=0/50 (0.0%)
2025-12-23 06:36:46,032 - Knowledge - INFO - knowledge worker kw11 start
2025-12-23 06:36:46,032 - Knowledge - INFO - Worker kw12 created using shared MongoDB connection pool
2025-12-23 06:36:46,209 - Knowledge - INFO - Worker kw5 processing /app/data/tataelxsimockapisolutions5451/3632/b9205aw/Online-Examination-System-3632/OnlineExamSystem/EditExam.aspx.designer.cs
2025-12-23 06:36:46,285 - Knowledge - INFO - Worker kw6 processing /app/data/tataelxsimockapisolutions5451/3632/b9205aw/Online-Examination-System-3632/OnlineExamSystem/SignUpPage.aspx.cs
2025-12-23 06:36:46,388 - Knowledge - INFO - Fast-tracked /app/data/tataelxsimockapisolutions5451/3632/b9205aw/Online-Examination-System-3632/OnlineExamSystem/CSS/bootstrap.css (ext=.css, size=260877)
2025-12-23 06:36:46,501 - Knowledge - INFO - Worker kw8 processing /app/data/tataelxsimockapisolutions5451/3632/b9205aw/Online-Examination-System-3632/OnlineExamSystem/SetExam.aspx.cs
2025-12-23 06:36:46,605 - Knowledge - INFO - Worker kw9 processing /app/data/tataelxsimockapisolutions5451/3632/b9205aw/Online-Examination-System-3632/OnlineExamSystem/UserProfile.aspx.designer.cs
2025-12-23 06:36:46,705 - Knowledge - INFO - Batch sizing: calculated=4, max_allowed=10, queue=18, active_workers=9/11
2025-12-23 06:36:46,783 - Knowledge - INFO - [kw11] Queue=14, InProgress=0, PendingWorkers=9/11, Completed=0/50 (0.0%)
2025-12-23 06:36:46,895 - Knowledge - INFO - knowledge worker kw12 start
2025-12-23 06:36:46,896 - Knowledge - INFO - Worker kw13 created using shared MongoDB connection pool
2025-12-23 06:36:47,067 - Knowledge - INFO - Fast-tracked /app/data/tataelxsimockapisolutions5451/3632/b9205aw/Online-Examination-System-3632/OnlineExamSystem/UserProfile.aspx.cs (small file (2748 bytes))
2025-12-23 06:36:47,166 - Knowledge - INFO - Worker kw7 processing /app/data/tataelxsimockapisolutions5451/3632/b9205aw/Online-Examination-System-3632/OnlineExamSystem/EditMCQ.aspx.cs
2025-12-23 06:36:47,266 - Knowledge - INFO - Fast-tracked /app/data/tataelxsimockapisolutions5451/3632/b9205aw/Online-Examination-System-3632/OnlineExamSystem/SetExam.aspx.cs (ext=.cs, size=1303)
2025-12-23 06:36:47,351 - Knowledge - INFO - Worker kw9 processing /app/data/tataelxsimockapisolutions5451/3632/b9205aw/Online-Examination-System-3632/OnlineExamSystem/Properties/AssemblyInfo.cs
2025-12-23 06:36:47,468 - Knowledge - INFO - Worker kw10 processing /app/data/tataelxsimockapisolutions5451/3632/b9205aw/Online-Examination-System-3632/OnlineExamSystem/LoginPage.aspx.designer.cs
2025-12-23 06:36:47,569 - Knowledge - INFO - Batch sizing: calculated=4, max_allowed=10, queue=14, active_workers=10/12
2025-12-23 06:36:47,659 - Knowledge - INFO - [kw12] Queue=10, InProgress=0, PendingWorkers=10/12, Completed=0/50 (0.0%)
2025-12-23 06:36:47,735 - Knowledge - INFO - knowledge worker kw13 start
2025-12-23 06:36:47,735 - Knowledge - INFO - Worker kw14 created using shared MongoDB connection pool
2025-12-23 06:36:47,905 - Knowledge - INFO - Worker kw7 processing /app/data/tataelxsimockapisolutions5451/3632/b9205aw/Online-Examination-System-3632/OnlineExamSystem/TheorySet.aspx.cs
2025-12-23 06:36:48,020 - Knowledge - INFO - Worker kw8 processing /app/data/tataelxsimockapisolutions5451/3632/b9205aw/Online-Examination-System-3632/OnlineExamSystem/TakenCourses.aspx.cs
2025-12-23 06:36:48,093 - Knowledge - INFO - Fast-tracked /app/data/tataelxsimockapisolutions5451/3632/b9205aw/Online-Examination-System-3632/OnlineExamSystem/Properties/AssemblyInfo.cs (ext=.cs, size=1403)
2025-12-23 06:36:48,173 - Knowledge - INFO - Worker kw10 processing /app/data/tataelxsimockapisolutions5451/3632/b9205aw/Online-Examination-System-3632/OnlineExamSystem/MCQSet.aspx.cs
2025-12-23 06:36:48,248 - Knowledge - INFO - Worker kw11 processing /app/data/tataelxsimockapisolutions5451/3632/b9205aw/Online-Examination-System-3632/OnlineExamSystem/ExamResult.aspx.designer.cs
2025-12-23 06:36:48,368 - Knowledge - INFO - Batch sizing: calculated=4, max_allowed=10, queue=10, active_workers=11/13
2025-12-23 06:36:48,453 - Knowledge - INFO - [kw13] Queue=6, InProgress=0, PendingWorkers=11/13, Completed=0/50 (0.0%)
2025-12-23 06:36:48,533 - Knowledge - INFO - knowledge worker kw14 start
2025-12-23 06:36:48,533 - Knowledge - INFO - Worker kw15 created using shared MongoDB connection pool
2025-12-23 06:36:48,752 - Knowledge - INFO - Fast-tracked /app/data/tataelxsimockapisolutions5451/3632/b9205aw/Online-Examination-System-3632/OnlineExamSystem/TakenCourses.aspx.cs (ext=.cs, size=926)
2025-12-23 06:36:48,848 - Knowledge - INFO - Worker kw9 processing /app/data/tataelxsimockapisolutions5451/3632/b9205aw/Online-Examination-System-3632/OnlineExamSystem/TheoryExam.aspx.designer.cs
2025-12-23 06:36:48,927 - Knowledge - INFO - Worker kw10 processing /app/data/tataelxsimockapisolutions5451/3632/b9205aw/Online-Examination-System-3632/OnlineExamSystem/AdminLeaderboard.aspx.designer.cs
2025-12-23 06:36:49,048 - Knowledge - INFO - Worker kw11 processing /app/data/tataelxsimockapisolutions5451/3632/b9205aw/Online-Examination-System-3632/OnlineExamSystem/StartExam.aspx.cs
2025-12-23 06:36:49,127 - Knowledge - INFO - Worker kw12 processing /app/data/tataelxsimockapisolutions5451/3632/b9205aw/Online-Examination-System-3632/OnlineExamSystem/EditExam.aspx.cs
2025-12-23 06:36:49,213 - Knowledge - INFO - Batch sizing: calculated=4, max_allowed=10, queue=6, active_workers=12/14
2025-12-23 06:36:49,330 - Knowledge - INFO - [kw14] Queue=2, InProgress=0, PendingWorkers=12/14, Completed=0/50 (0.0%)
2025-12-23 06:36:49,416 - Knowledge - INFO - knowledge worker kw15 start
2025-12-23 06:36:49,416 - Knowledge - INFO - Worker kw16 created using shared MongoDB connection pool
2025-12-23 06:36:49,541 - Knowledge - INFO - Worker kw8 processing /app/data/tataelxsimockapisolutions5451/3632/b9205aw/Online-Examination-System-3632/OnlineExamSystem/AdminCourseQueue.aspx.cs
2025-12-23 06:36:49,620 - Knowledge - INFO - Worker kw9 processing /app/data/tataelxsimockapisolutions5451/3632/b9205aw/Online-Examination-System-3632/OnlineExamSystem/Leaderboard.aspx.cs
2025-12-23 06:36:49,692 - Knowledge - INFO - Worker kw10 processing /app/data/tataelxsimockapisolutions5451/3632/b9205aw/Online-Examination-System-3632/OnlineExamSystem/AdminQueue.aspx.designer.cs
2025-12-23 06:36:49,769 - Knowledge - INFO - Worker kw11 processing /app/data/tataelxsimockapisolutions5451/3632/b9205aw/Online-Examination-System-3632/OnlineExamSystem/AdminPanel.aspx.cs
2025-12-23 06:36:49,842 - Knowledge - INFO - Fast-tracked /app/data/tataelxsimockapisolutions5451/3632/b9205aw/Online-Examination-System-3632/OnlineExamSystem/EditExam.aspx.cs (ext=.cs, size=1213)
2025-12-23 06:36:49,926 - Knowledge - INFO - Worker kw13 processing /app/data/tataelxsimockapisolutions5451/3632/b9205aw/Online-Examination-System-3632/database-script/README.md
2025-12-23 06:36:50,002 - Knowledge - INFO - Batch sizing: calculated=2, max_allowed=10, queue=2, active_workers=13/15
2025-12-23 06:36:50,094 - Knowledge - INFO - [WEBSOCKET] Sent: Type=progress_update, Size: 159, Duration: 0ms
2025-12-23 06:36:50,176 - Knowledge - INFO - knowledge worker kw16 start
2025-12-23 06:36:50,176 - Knowledge - INFO - Worker kw17 created using shared MongoDB connection pool
2025-12-23 06:36:50,247 - Knowledge - INFO - Fast-tracked /app/data/tataelxsimockapisolutions5451/3632/b9205aw/Online-Examination-System-3632/OnlineExamSystem/Dashboard.aspx.designer.cs (small file (2951 bytes))
2025-12-23 06:36:50,330 - Knowledge - INFO - Fast-tracked /app/data/tataelxsimockapisolutions5451/3632/b9205aw/Online-Examination-System-3632/OnlineExamSystem/Leaderboard.aspx.cs (ext=.cs, size=1907)
2025-12-23 06:36:50,509 - Knowledge - INFO - Fast-tracked /app/data/tataelxsimockapisolutions5451/3632/b9205aw/Online-Examination-System-3632/OnlineExamSystem/AdminPanel.aspx.cs (ext=.cs, size=1165)
2025-12-23 06:36:50,616 - Knowledge - INFO - Worker kw12 processing /app/data/tataelxsimockapisolutions5451/3632/b9205aw/Online-Examination-System-3632/OnlineExamSystem/EditTheory.aspx.cs
2025-12-23 06:36:50,699 - Knowledge - INFO - Fast-tracked /app/data/tataelxsimockapisolutions5451/3632/b9205aw/Online-Examination-System-3632/database-script/README.md (ext=.md, size=45)
2025-12-23 06:36:50,955 - Knowledge - INFO - [WEBSOCKET] Sent: Type=unknown, Size: ?, Duration: 861ms
2025-12-23 06:36:51,105 - Knowledge - INFO - knowledge worker kw17 start
2025-12-23 06:36:51,106 - Knowledge - INFO - Worker kw18 created using shared MongoDB connection pool
2025-12-23 06:36:51,216 - Knowledge - INFO - Fast-tracked /app/data/tataelxsimockapisolutions5451/3632/b9205aw/Online-Examination-System-3632/OnlineExamSystem/AdminCourseQueue.aspx.cs (small file (2960 bytes))
2025-12-23 06:36:51,369 - Knowledge - INFO - Worker kw11 processing /app/data/tataelxsimockapisolutions5451/3632/b9205aw/Online-Examination-System-3632/OnlineExamSystem/DownloadPdf.aspx.designer.cs
2025-12-23 06:36:51,459 - Knowledge - INFO - Worker kw12 processing /app/data/tataelxsimockapisolutions5451/3632/b9205aw/Online-Examination-System-3632/README.md
2025-12-23 06:36:51,533 - Knowledge - INFO - Worker kw13 processing /app/data/tataelxsimockapisolutions5451/3632/b9205aw/Online-Examination-System-3632/packages/Microsoft.CodeDom.Providers.DotNetCompilerPlatform.1.0.0/lib/net45/Microsoft.CodeDom.Providers.DotNetCompilerPlatform.xml
2025-12-23 06:36:51,685 - Knowledge - INFO - Progress: 0.0% | Files: 0/50 | Rate: 0.00 files/sec | Queue: 0
2025-12-23 06:36:51,909 - Knowledge - INFO - knowledge worker kw18 start
2025-12-23 06:36:51,913 - Knowledge - INFO - Worker kw19 created using shared MongoDB connection pool
2025-12-23 06:36:52,026 - Knowledge - INFO - Processing batch of 4 files
2025-12-23 06:36:52,227 - Knowledge - INFO - Fast-tracked /app/data/tataelxsimockapisolutions5451/3632/b9205aw/Online-Examination-System-3632/README.md (ext=.md, size=1830)
2025-12-23 06:36:52,348 - Knowledge - INFO - Fast-tracked /app/data/tataelxsimockapisolutions5451/3632/b9205aw/Online-Examination-System-3632/packages/Microsoft.CodeDom.Providers.DotNetCompilerPlatform.1.0.0/lib/net45/Microsoft.CodeDom.Providers.DotNetCompilerPlatform.xml (ext=.xml, size=1805)
2025-12-23 06:36:52,652 - Knowledge - INFO - knowledge worker kw19 start
2025-12-23 06:36:52,652 - Knowledge - INFO - Worker kw20 created using shared MongoDB connection pool
2025-12-23 06:36:52,745 - Knowledge - INFO - process ingested knowledge for /app/data/tataelxsimockapisolutions5451/3632/b9205aw/Online-Examination-System-3632/OnlineExamSystem/Dashboard.aspx.designer.cs
2025-12-23 06:36:52,823 - Knowledge - INFO - Worker kw12 processing /app/data/tataelxsimockapisolutions5451/3632/b9205aw/Online-Examination-System-3632/database-script/Online-Examination-System-Databse-Script.sql
2025-12-23 06:36:52,909 - Knowledge - INFO - Processing batch of 2 files
2025-12-23 06:36:53,041 - Knowledge - INFO - Fast-tracked /app/data/tataelxsimockapisolutions5451/3632/b9205aw/Online-Examination-System-3632/OnlineExamSystem/AdminLeaderboard.aspx.cs (small file (2319 bytes))
2025-12-23 06:36:53,102 - Knowledge - INFO - knowledge worker kw20 start
2025-12-23 06:36:53,198 - Knowledge - INFO - process ingested knowledge for /app/data/tataelxsimockapisolutions5451/3632/b9205aw/Online-Examination-System-3632/OnlineExamSystem/SetExam.aspx.cs
2025-12-23 06:36:53,408 - Knowledge - INFO - process ingested knowledge for /app/data/tataelxsimockapisolutions5451/3632/b9205aw/Online-Examination-System-3632/database-script/README.md
2025-12-23 06:36:53,611 - Knowledge - INFO - [WEBSOCKET] Sent: Type=progress_update, Size: 285, Duration: 0ms
2025-12-23 06:36:53,650 - Knowledge - INFO - process ingested knowledge for /app/data/tataelxsimockapisolutions5451/3632/b9205aw/Online-Examination-System-3632/OnlineExamSystem/TakenCourses.aspx.cs
2025-12-23 06:36:53,724 - Knowledge - INFO - process ingested knowledge for /app/data/tataelxsimockapisolutions5451/3632/b9205aw/Online-Examination-System-3632/packages/Microsoft.CodeDom.Providers.DotNetCompilerPlatform.1.0.0/lib/net45/Microsoft.CodeDom.Providers.DotNetCompilerPlatform.xml
2025-12-23 06:36:53,836 - Knowledge - INFO - [WEBSOCKET] Sent: Type=unknown, Size: ?, Duration: 225ms
2025-12-23 06:36:53,947 - Knowledge - INFO - process ingested knowledge for /app/data/tataelxsimockapisolutions5451/3632/b9205aw/Online-Examination-System-3632/OnlineExamSystem/AdminCourseQueue.aspx.cs
2025-12-23 06:36:54,194 - Knowledge - INFO - Progress: 12.0% | Files: 6/50 | Rate: 0.27 files/sec | Queue: 0
2025-12-23 06:36:59,926 - Knowledge - INFO - Fast-tracked /app/data/tataelxsimockapisolutions5451/3632/b9205aw/Online-Examination-System-3632/OnlineExamSystem/LoginPage.aspx.cs (small file (2323 bytes))
2025-12-23 06:37:01,145 - Knowledge - INFO - Fast-tracked /app/data/tataelxsimockapisolutions5451/3632/b9205aw/Online-Examination-System-3632/database-script/Online-Examination-System-Databse-Script.sql (small file (0 bytes))
2025-12-23 06:37:04,419 - Knowledge - INFO - [LLM_CALL] Completed: SetExam.aspx.designer.cs:chunk1, Duration: 18676ms, PromptTokens: 2322, CompletionTokens: 257, Cost: $0.00033
2025-12-23 06:37:04,619 - Knowledge - INFO - done ingest for /app/data/tataelxsimockapisolutions5451/3632/b9205aw/Online-Examination-System-3632/OnlineExamSystem/SetExam.aspx.designer.cs
2025-12-23 06:37:04,620 - Knowledge - INFO - [LLM_CALL] Completed: SignUpPage.aspx.designer.cs:chunk1, Duration: 20957ms, PromptTokens: 4528, CompletionTokens: 394, Cost: $0.00061
2025-12-23 06:37:04,943 - Knowledge - INFO - done ingest for /app/data/tataelxsimockapisolutions5451/3632/b9205aw/Online-Examination-System-3632/OnlineExamSystem/SignUpPage.aspx.designer.cs
2025-12-23 06:37:05,648 - Knowledge - INFO - [LLM_CALL] Completed: AdminCourseQueue.aspx.designer.cs:chunk1, Duration: 12141ms, PromptTokens: 2334, CompletionTokens: 285, Cost: $0.00035
2025-12-23 06:37:05,905 - Knowledge - INFO - done ingest for /app/data/tataelxsimockapisolutions5451/3632/b9205aw/Online-Examination-System-3632/OnlineExamSystem/AdminCourseQueue.aspx.designer.cs
2025-12-23 06:37:06,921 - Knowledge - INFO - [LLM_CALL] Completed: ExamResult.aspx.cs:chunk1, Duration: 18060ms, PromptTokens: 2532, CompletionTokens: 425, Cost: $0.00042
2025-12-23 06:37:07,133 - Knowledge - INFO - done ingest for /app/data/tataelxsimockapisolutions5451/3632/b9205aw/Online-Examination-System-3632/OnlineExamSystem/ExamResult.aspx.cs
2025-12-23 06:37:07,263 - Knowledge - INFO - Fast-tracked /app/data/tataelxsimockapisolutions5451/3632/b9205aw/Online-Examination-System-3632/OnlineExamSystem/SignUpPage.aspx.cs (small file (2642 bytes))
2025-12-23 06:37:07,700 - Knowledge - INFO - [LLM_CALL] Completed: EditTheory.aspx.cs:chunk1, Duration: 14406ms, PromptTokens: 6822, CompletionTokens: 586, Cost: $0.00092
2025-12-23 06:37:07,981 - Knowledge - INFO - done ingest for /app/data/tataelxsimockapisolutions5451/3632/b9205aw/Online-Examination-System-3632/OnlineExamSystem/EditTheory.aspx.cs
2025-12-23 06:37:08,616 - Knowledge - INFO - [LLM_CALL] Completed: ShowAns.aspx.designer.cs:chunk1, Duration: 23055ms, PromptTokens: 9956, CompletionTokens: 615, Cost: $0.00124
2025-12-23 06:37:08,886 - Knowledge - INFO - done ingest for /app/data/tataelxsimockapisolutions5451/3632/b9205aw/Online-Examination-System-3632/OnlineExamSystem/ShowAns.aspx.designer.cs
2025-12-23 06:37:08,887 - Knowledge - INFO - Processing batch of 4 files
2025-12-23 06:37:09,207 - Knowledge - INFO - process ingested knowledge for /app/data/tataelxsimockapisolutions5451/3632/b9205aw/Online-Examination-System-3632/OnlineExamSystem/EditExam.aspx.cs
2025-12-23 06:37:09,410 - Knowledge - INFO - Processing batch of 4 files
2025-12-23 06:37:09,454 - Knowledge - INFO - process ingested knowledge for /app/data/tataelxsimockapisolutions5451/3632/b9205aw/Online-Examination-System-3632/OnlineExamSystem/EditTheory.aspx.cs
2025-12-23 06:37:09,650 - Knowledge - INFO - process ingested knowledge for /app/data/tataelxsimockapisolutions5451/3632/b9205aw/Online-Examination-System-3632/OnlineExamSystem/DownloadPdf.aspx.cs
2025-12-23 06:37:10,430 - Knowledge - INFO - process ingested knowledge for /app/data/tataelxsimockapisolutions5451/3632/b9205aw/Online-Examination-System-3632/README.md
2025-12-23 06:37:10,644 - Knowledge - INFO - process ingested knowledge for /app/data/tataelxsimockapisolutions5451/3632/b9205aw/Online-Examination-System-3632/OnlineExamSystem/SignUpPage.aspx.designer.cs
2025-12-23 06:37:10,867 - Knowledge - INFO - process ingested knowledge for /app/data/tataelxsimockapisolutions5451/3632/b9205aw/Online-Examination-System-3632/database-script/Online-Examination-System-Databse-Script.sql
2025-12-23 06:37:11,001 - Knowledge - INFO - process ingested knowledge for /app/data/tataelxsimockapisolutions5451/3632/b9205aw/Online-Examination-System-3632/OnlineExamSystem/ShowAns.aspx.designer.cs
2025-12-23 06:37:11,456 - Knowledge - INFO - [LLM_CALL] Completed: TheorySet.aspx.designer.cs:chunk1, Duration: 24201ms, PromptTokens: 4396, CompletionTokens: 386, Cost: $0.00059
2025-12-23 06:37:11,472 - Knowledge - INFO - process ingested knowledge for /app/data/tataelxsimockapisolutions5451/3632/b9205aw/Online-Examination-System-3632/OnlineExamSystem/ExamResult.aspx.cs
2025-12-23 06:37:11,675 - Knowledge - INFO - done ingest for /app/data/tataelxsimockapisolutions5451/3632/b9205aw/Online-Examination-System-3632/OnlineExamSystem/TheorySet.aspx.designer.cs
2025-12-23 06:37:11,675 - Knowledge - INFO - [LLM_CALL] Completed: TakenCourses.aspx.designer.cs:chunk1, Duration: 27917ms, PromptTokens: 2852, CompletionTokens: 306, Cost: $0.00041
2025-12-23 06:37:12,099 - Knowledge - INFO - done ingest for /app/data/tataelxsimockapisolutions5451/3632/b9205aw/Online-Examination-System-3632/OnlineExamSystem/TakenCourses.aspx.designer.cs
2025-12-23 06:37:13,172 - Knowledge - INFO - [LLM_CALL] Completed: EditMCQ.aspx.designer.cs:chunk1, Duration: 28613ms, PromptTokens: 2740, CompletionTokens: 335, Cost: $0.00041
2025-12-23 06:37:13,553 - Knowledge - INFO - done ingest for /app/data/tataelxsimockapisolutions5451/3632/b9205aw/Online-Examination-System-3632/OnlineExamSystem/EditMCQ.aspx.designer.cs
2025-12-23 06:37:15,255 - Knowledge - INFO - [LLM_CALL] Completed: TheoryExam.aspx.cs:chunk1, Duration: 24307ms, PromptTokens: 6522, CompletionTokens: 642, Cost: $0.00091
2025-12-23 06:37:15,512 - Knowledge - INFO - done ingest for /app/data/tataelxsimockapisolutions5451/3632/b9205aw/Online-Examination-System-3632/OnlineExamSystem/TheoryExam.aspx.cs
2025-12-23 06:37:15,532 - Knowledge - INFO - [LLM_CALL] Completed: EditTheory.aspx.designer.cs:chunk1, Duration: 27715ms, PromptTokens: 2736, CompletionTokens: 321, Cost: $0.00040
2025-12-23 06:37:15,973 - Knowledge - INFO - done ingest for /app/data/tataelxsimockapisolutions5451/3632/b9205aw/Online-Examination-System-3632/OnlineExamSystem/EditTheory.aspx.designer.cs
2025-12-23 06:37:16,015 - Knowledge - INFO - Processing batch of 4 files
2025-12-23 06:37:16,148 - Knowledge - INFO - [WEBSOCKET] Sent: Type=progress_update, Size: 288, Duration: 0ms
2025-12-23 06:37:16,424 - Knowledge - INFO - process ingested knowledge for /app/data/tataelxsimockapisolutions5451/3632/b9205aw/Online-Examination-System-3632/OnlineExamSystem/EditMCQ.aspx.designer.cs
2025-12-23 06:37:16,541 - Knowledge - INFO - Processing batch of 4 files
2025-12-23 06:37:16,573 - Knowledge - INFO - [WEBSOCKET] Sent: Type=unknown, Size: ?, Duration: 425ms
2025-12-23 06:37:16,818 - Knowledge - INFO - process ingested knowledge for /app/data/tataelxsimockapisolutions5451/3632/b9205aw/Online-Examination-System-3632/OnlineExamSystem/TheorySet.aspx.designer.cs
2025-12-23 06:37:16,943 - Knowledge - INFO - process ingested knowledge for /app/data/tataelxsimockapisolutions5451/3632/b9205aw/Online-Examination-System-3632/OnlineExamSystem/TakenCourses.aspx.designer.cs
2025-12-23 06:37:17,050 - Knowledge - INFO - Progress: 38.0% | Files: 22/50 | Rate: 0.49 files/sec | Queue: 0
2025-12-23 06:37:17,056 - Knowledge - INFO - [WEBSOCKET] Sent: Type=progress_update, Size: 290, Duration: 0ms
2025-12-23 06:37:17,643 - Knowledge - INFO - process ingested knowledge for /app/data/tataelxsimockapisolutions5451/3632/b9205aw/Online-Examination-System-3632/OnlineExamSystem/AdminLeaderboard.aspx.cs
2025-12-23 06:37:17,780 - Knowledge - INFO - [WEBSOCKET] Sent: Type=unknown, Size: ?, Duration: 724ms
2025-12-23 06:37:18,068 - Knowledge - INFO - process ingested knowledge for /app/data/tataelxsimockapisolutions5451/3632/b9205aw/Online-Examination-System-3632/OnlineExamSystem/SetExam.aspx.designer.cs
2025-12-23 06:37:18,074 - Knowledge - INFO - Progress: 44.0% | Files: 22/50 | Rate: 0.49 files/sec | Queue: 0
2025-12-23 06:37:18,138 - Knowledge - INFO - process ingested knowledge for /app/data/tataelxsimockapisolutions5451/3632/b9205aw/Online-Examination-System-3632/OnlineExamSystem/AdminCourseQueue.aspx.designer.cs
2025-12-23 06:37:18,404 - Knowledge - INFO - process ingested knowledge for /app/data/tataelxsimockapisolutions5451/3632/b9205aw/Online-Examination-System-3632/OnlineExamSystem/TheoryExam.aspx.cs
2025-12-23 06:37:19,320 - Knowledge - INFO - process ingested knowledge for /app/data/tataelxsimockapisolutions5451/3632/b9205aw/Online-Examination-System-3632/OnlineExamSystem/LoginPage.aspx.cs
2025-12-23 06:37:19,345 - Knowledge - INFO - [LLM_CALL] Completed: EditExam.aspx.designer.cs:chunk1, Duration: 18661ms, PromptTokens: 2326, CompletionTokens: 286, Cost: $0.00035
2025-12-23 06:37:19,895 - Knowledge - INFO - done ingest for /app/data/tataelxsimockapisolutions5451/3632/b9205aw/Online-Examination-System-3632/OnlineExamSystem/EditExam.aspx.designer.cs
2025-12-23 06:37:20,110 - Knowledge - INFO - [LLM_CALL] Completed: ShowAns.aspx.cs:chunk1, Duration: 24020ms, PromptTokens: 5282, CompletionTokens: 565, Cost: $0.00075
2025-12-23 06:37:20,387 - Knowledge - INFO - done ingest for /app/data/tataelxsimockapisolutions5451/3632/b9205aw/Online-Examination-System-3632/OnlineExamSystem/ShowAns.aspx.cs
2025-12-23 06:37:20,388 - Knowledge - INFO - [LLM_CALL] Completed: UserProfile.aspx.designer.cs:chunk1, Duration: 28702ms, PromptTokens: 4074, CompletionTokens: 341, Cost: $0.00054
2025-12-23 06:37:20,844 - Knowledge - INFO - done ingest for /app/data/tataelxsimockapisolutions5451/3632/b9205aw/Online-Examination-System-3632/OnlineExamSystem/UserProfile.aspx.designer.cs
2025-12-23 06:37:20,868 - Knowledge - INFO - [LLM_CALL] Completed: MCQSet.aspx.designer.cs:chunk1, Duration: 22739ms, PromptTokens: 5184, CompletionTokens: 430, Cost: $0.00069
2025-12-23 06:37:21,700 - Knowledge - INFO - done ingest for /app/data/tataelxsimockapisolutions5451/3632/b9205aw/Online-Examination-System-3632/OnlineExamSystem/MCQSet.aspx.designer.cs
2025-12-23 06:37:22,770 - Knowledge - INFO - [LLM_CALL] Completed: Leaderboard.aspx.designer.cs:chunk1, Duration: 36659ms, PromptTokens: 2332, CompletionTokens: 280, Cost: $0.00035
2025-12-23 06:37:23,033 - Knowledge - INFO - done ingest for /app/data/tataelxsimockapisolutions5451/3632/b9205aw/Online-Examination-System-3632/OnlineExamSystem/Leaderboard.aspx.designer.cs
2025-12-23 06:37:23,040 - Knowledge - INFO - [LLM_CALL] Completed: StartExam.aspx.designer.cs:chunk1, Duration: 31122ms, PromptTokens: 3504, CompletionTokens: 347, Cost: $0.00049
2025-12-23 06:37:23,403 - Knowledge - INFO - done ingest for /app/data/tataelxsimockapisolutions5451/3632/b9205aw/Online-Examination-System-3632/OnlineExamSystem/StartExam.aspx.designer.cs
2025-12-23 06:37:24,323 - Knowledge - INFO - Processing batch of 4 files
2025-12-23 06:37:24,624 - Knowledge - INFO - [WEBSOCKET] Sent: Type=progress_update, Size: 289, Duration: 0ms
2025-12-23 06:37:24,687 - Knowledge - INFO - process ingested knowledge for /app/data/tataelxsimockapisolutions5451/3632/b9205aw/Online-Examination-System-3632/OnlineExamSystem/UserProfile.aspx.cs
2025-12-23 06:37:24,979 - Knowledge - INFO - [LLM_CALL] Completed: TheoryExam.aspx.designer.cs:chunk1, Duration: 22277ms, PromptTokens: 7832, CompletionTokens: 509, Cost: $0.00099
2025-12-23 06:37:25,263 - Knowledge - INFO - done ingest for /app/data/tataelxsimockapisolutions5451/3632/b9205aw/Online-Examination-System-3632/OnlineExamSystem/TheoryExam.aspx.designer.cs
2025-12-23 06:37:25,296 - Knowledge - INFO - [WEBSOCKET] Sent: Type=unknown, Size: ?, Duration: 672ms
2025-12-23 06:37:25,771 - Knowledge - INFO - Progress: 52.0% | Files: 26/50 | Rate: 0.50 files/sec | Queue: 0
2025-12-23 06:37:25,781 - Knowledge - INFO - [LLM_CALL] Completed: AdminPanel.aspx.designer.cs:chunk1, Duration: 38803ms, PromptTokens: 2322, CompletionTokens: 277, Cost: $0.00034
2025-12-23 06:37:26,321 - Knowledge - INFO - done ingest for /app/data/tataelxsimockapisolutions5451/3632/b9205aw/Online-Examination-System-3632/OnlineExamSystem/AdminPanel.aspx.designer.cs
2025-12-23 06:37:26,325 - Knowledge - INFO - process ingested knowledge for /app/data/tataelxsimockapisolutions5451/3632/b9205aw/Online-Examination-System-3632/OnlineExamSystem/EditTheory.aspx.designer.cs
2025-12-23 06:37:26,387 - Knowledge - INFO - Processing batch of 4 files
2025-12-23 06:37:26,748 - Knowledge - INFO - [LLM_CALL] Completed: ExamResult.aspx.designer.cs:chunk1, Duration: 34606ms, PromptTokens: 5788, CompletionTokens: 401, Cost: $0.00074
2025-12-23 06:37:26,851 - Knowledge - INFO - process ingested knowledge for /app/data/tataelxsimockapisolutions5451/3632/b9205aw/Online-Examination-System-3632/OnlineExamSystem/UserProfile.aspx.designer.cs
2025-12-23 06:37:26,909 - Knowledge - INFO - process ingested knowledge for /app/data/tataelxsimockapisolutions5451/3632/b9205aw/Online-Examination-System-3632/OnlineExamSystem/ShowAns.aspx.cs
2025-12-23 06:37:27,046 - Knowledge - INFO - done ingest for /app/data/tataelxsimockapisolutions5451/3632/b9205aw/Online-Examination-System-3632/OnlineExamSystem/ExamResult.aspx.designer.cs
2025-12-23 06:37:27,416 - Knowledge - INFO - process ingested knowledge for /app/data/tataelxsimockapisolutions5451/3632/b9205aw/Online-Examination-System-3632/OnlineExamSystem/Properties/AssemblyInfo.cs
2025-12-23 06:37:27,417 - Knowledge - INFO - Processing batch of 4 files
2025-12-23 06:37:27,490 - Knowledge - INFO - process ingested knowledge for /app/data/tataelxsimockapisolutions5451/3632/b9205aw/Online-Examination-System-3632/OnlineExamSystem/SignUpPage.aspx.cs
2025-12-23 06:37:27,805 - Knowledge - INFO - process ingested knowledge for /app/data/tataelxsimockapisolutions5451/3632/b9205aw/Online-Examination-System-3632/OnlineExamSystem/AdminPanel.aspx.designer.cs
2025-12-23 06:37:27,867 - Knowledge - INFO - [LLM_CALL] Completed: AdminQueue.aspx.designer.cs:chunk1, Duration: 11792ms, PromptTokens: 2334, CompletionTokens: 296, Cost: $0.00035
2025-12-23 06:37:27,874 - Knowledge - INFO - process ingested knowledge for /app/data/tataelxsimockapisolutions5451/3632/b9205aw/Online-Examination-System-3632/OnlineExamSystem/TheoryExam.aspx.designer.cs
2025-12-23 06:37:28,163 - Knowledge - INFO - done ingest for /app/data/tataelxsimockapisolutions5451/3632/b9205aw/Online-Examination-System-3632/OnlineExamSystem/AdminQueue.aspx.designer.cs
2025-12-23 06:37:28,176 - Knowledge - INFO - [LLM_CALL] Completed: MCQExam.aspx.cs:chunk1, Duration: 37221ms, PromptTokens: 5282, CompletionTokens: 603, Cost: $0.00077
2025-12-23 06:37:28,393 - Knowledge - INFO - process ingested knowledge for /app/data/tataelxsimockapisolutions5451/3632/b9205aw/Online-Examination-System-3632/OnlineExamSystem/StartExam.aspx.designer.cs
2025-12-23 06:37:28,469 - Knowledge - INFO - process ingested knowledge for /app/data/tataelxsimockapisolutions5451/3632/b9205aw/Online-Examination-System-3632/OnlineExamSystem/Leaderboard.aspx.cs
2025-12-23 06:37:28,629 - Knowledge - INFO - done ingest for /app/data/tataelxsimockapisolutions5451/3632/b9205aw/Online-Examination-System-3632/OnlineExamSystem/MCQExam.aspx.cs
2025-12-23 06:37:28,882 - Knowledge - INFO - [LLM_CALL] Completed: DownloadPdf.aspx.designer.cs:chunk1, Duration: 20900ms, PromptTokens: 5036, CompletionTokens: 372, Cost: $0.00065
2025-12-23 06:37:29,122 - Knowledge - INFO - done ingest for /app/data/tataelxsimockapisolutions5451/3632/b9205aw/Online-Examination-System-3632/OnlineExamSystem/DownloadPdf.aspx.designer.cs
2025-12-23 06:37:31,138 - Knowledge - INFO - process ingested knowledge for /app/data/tataelxsimockapisolutions5451/3632/b9205aw/Online-Examination-System-3632/OnlineExamSystem/Dashboard.aspx.cs
2025-12-23 06:37:31,774 - Knowledge - INFO - [WEBSOCKET] Sent: Type=progress_update, Size: 270, Duration: 0ms
2025-12-23 06:37:32,091 - Knowledge - INFO - [LLM_CALL] Completed: AdminLeaderboard.aspx.designer.cs:chunk1, Duration: 21009ms, PromptTokens: 2592, CompletionTokens: 346, Cost: $0.00040
2025-12-23 06:37:32,368 - Knowledge - INFO - done ingest for /app/data/tataelxsimockapisolutions5451/3632/b9205aw/Online-Examination-System-3632/OnlineExamSystem/AdminLeaderboard.aspx.designer.cs
2025-12-23 06:37:32,368 - Knowledge - INFO - [WEBSOCKET] Sent: Type=unknown, Size: ?, Duration: 594ms
2025-12-23 06:37:32,489 - Knowledge - INFO - process ingested knowledge for /app/data/tataelxsimockapisolutions5451/3632/b9205aw/Online-Examination-System-3632/OnlineExamSystem/EditExam.aspx.designer.cs
2025-12-23 06:37:32,749 - Knowledge - INFO - Progress: 74.0% | Files: 38/50 | Rate: 0.64 files/sec | Queue: 0
2025-12-23 06:37:32,771 - Knowledge - INFO - [LLM_CALL] Completed: MCQExam.aspx.designer.cs:chunk1, Duration: 44113ms, PromptTokens: 4736, CompletionTokens: 410, Cost: $0.00064
2025-12-23 06:37:33,148 - Knowledge - INFO - done ingest for /app/data/tataelxsimockapisolutions5451/3632/b9205aw/Online-Examination-System-3632/OnlineExamSystem/MCQExam.aspx.designer.cs
2025-12-23 06:37:33,149 - Knowledge - INFO - Processing batch of 4 files
2025-12-23 06:37:33,319 - Knowledge - INFO - [LLM_CALL] Completed: LoginPage.aspx.designer.cs:chunk1, Duration: 42394ms, PromptTokens: 2338, CompletionTokens: 316, Cost: $0.00036
2025-12-23 06:37:33,533 - Knowledge - INFO - process ingested knowledge for /app/data/tataelxsimockapisolutions5451/3632/b9205aw/Online-Examination-System-3632/OnlineExamSystem/AdminQueue.aspx.cs
2025-12-23 06:37:33,686 - Knowledge - INFO - done ingest for /app/data/tataelxsimockapisolutions5451/3632/b9205aw/Online-Examination-System-3632/OnlineExamSystem/LoginPage.aspx.designer.cs
2025-12-23 06:37:34,486 - Knowledge - INFO - [LLM_CALL] Completed: EditMCQ.aspx.cs:chunk1, Duration: 35256ms, PromptTokens: 6828, CompletionTokens: 547, Cost: $0.00090
2025-12-23 06:37:34,676 - Knowledge - INFO - process ingested knowledge for /app/data/tataelxsimockapisolutions5451/3632/b9205aw/Online-Examination-System-3632/OnlineExamSystem/Leaderboard.aspx.designer.cs
2025-12-23 06:37:34,731 - Knowledge - INFO - done ingest for /app/data/tataelxsimockapisolutions5451/3632/b9205aw/Online-Examination-System-3632/OnlineExamSystem/EditMCQ.aspx.cs
2025-12-23 06:37:35,468 - Knowledge - INFO - [WEBSOCKET] Sent: Type=progress_update, Size: 270, Duration: 0ms
2025-12-23 06:37:35,633 - Knowledge - INFO - process ingested knowledge for /app/data/tataelxsimockapisolutions5451/3632/b9205aw/Online-Examination-System-3632/OnlineExamSystem/MCQExam.aspx.cs
2025-12-23 06:37:35,827 - Knowledge - INFO - [WEBSOCKET] Sent: Type=unknown, Size: ?, Duration: 359ms
2025-12-23 06:37:36,059 - Knowledge - INFO - Progress: 76.0% | Files: 38/50 | Rate: 0.60 files/sec | Queue: 0
2025-12-23 06:37:36,072 - Knowledge - INFO - [LLM_CALL] Completed: TheorySet.aspx.cs:chunk1, Duration: 23878ms, PromptTokens: 8970, CompletionTokens: 617, Cost: $0.00114
2025-12-23 06:37:36,432 - Knowledge - INFO - done ingest for /app/data/tataelxsimockapisolutions5451/3632/b9205aw/Online-Examination-System-3632/OnlineExamSystem/TheorySet.aspx.cs
2025-12-23 06:37:36,753 - Knowledge - INFO - process ingested knowledge for /app/data/tataelxsimockapisolutions5451/3632/b9205aw/Online-Examination-System-3632/OnlineExamSystem/MCQSet.aspx.designer.cs
2025-12-23 06:37:37,018 - Knowledge - INFO - [LLM_CALL] Completed: MCQSet.aspx.cs:chunk1, Duration: 34752ms, PromptTokens: 9180, CompletionTokens: 576, Cost: $0.00115
2025-12-23 06:37:37,311 - Knowledge - INFO - done ingest for /app/data/tataelxsimockapisolutions5451/3632/b9205aw/Online-Examination-System-3632/OnlineExamSystem/MCQSet.aspx.cs
2025-12-23 06:37:38,777 - Knowledge - INFO - Processing batch of 4 files
2025-12-23 06:37:39,169 - Knowledge - INFO - process ingested knowledge for /app/data/tataelxsimockapisolutions5451/3632/b9205aw/Online-Examination-System-3632/OnlineExamSystem/LoginPage.aspx.designer.cs
2025-12-23 06:37:39,642 - Knowledge - INFO - process ingested knowledge for /app/data/tataelxsimockapisolutions5451/3632/b9205aw/Online-Examination-System-3632/OnlineExamSystem/MCQSet.aspx.cs
2025-12-23 06:37:39,747 - Knowledge - INFO - Processing batch of 4 files
2025-12-23 06:37:40,043 - Knowledge - INFO - process ingested knowledge for /app/data/tataelxsimockapisolutions5451/3632/b9205aw/Online-Examination-System-3632/OnlineExamSystem/MCQExam.aspx.designer.cs
2025-12-23 06:37:40,583 - Knowledge - INFO - process ingested knowledge for /app/data/tataelxsimockapisolutions5451/3632/b9205aw/Online-Examination-System-3632/OnlineExamSystem/AdminLeaderboard.aspx.designer.cs
2025-12-23 06:37:40,670 - Knowledge - INFO - process ingested knowledge for /app/data/tataelxsimockapisolutions5451/3632/b9205aw/Online-Examination-System-3632/OnlineExamSystem/CSS/bootstrap.css
2025-12-23 06:37:40,855 - Knowledge - INFO - [WEBSOCKET] Sent: Type=progress_update, Size: 269, Duration: 0ms
2025-12-23 06:37:41,057 - Knowledge - INFO - process ingested knowledge for /app/data/tataelxsimockapisolutions5451/3632/b9205aw/Online-Examination-System-3632/OnlineExamSystem/AdminQueue.aspx.designer.cs
2025-12-23 06:37:41,188 - Knowledge - INFO - [WEBSOCKET] Sent: Type=unknown, Size: ?, Duration: 333ms
2025-12-23 06:37:41,520 - Knowledge - INFO - process ingested knowledge for /app/data/tataelxsimockapisolutions5451/3632/b9205aw/Online-Examination-System-3632/OnlineExamSystem/EditMCQ.aspx.cs
2025-12-23 06:37:41,541 - Knowledge - INFO - Progress: 92.0% | Files: 46/50 | Rate: 0.66 files/sec | Queue: 0
2025-12-23 06:37:43,451 - Knowledge - INFO - process ingested knowledge for /app/data/tataelxsimockapisolutions5451/3632/b9205aw/Online-Examination-System-3632/OnlineExamSystem/TheorySet.aspx.cs
2025-12-23 06:37:54,030 - Knowledge - INFO - [LLM_CALL] Completed: StartExam.aspx.cs:chunk1, Duration: 54287ms, PromptTokens: 6630, CompletionTokens: 8000, Cost: $0.00386
2025-12-23 06:37:54,183 - Knowledge - ERROR - Failed to parse LLM response as JSON for /app/data/tataelxsimockapisolutions5451/3632/b9205aw/Online-Examination-System-3632/OnlineExamSystem/StartExam.aspx.cs, chunk 1
2025-12-23 06:37:54,341 - Knowledge - INFO - done ingest for /app/data/tataelxsimockapisolutions5451/3632/b9205aw/Online-Examination-System-3632/OnlineExamSystem/StartExam.aspx.cs
2025-12-23 06:37:54,558 - Knowledge - INFO - Processing batch of 4 files
2025-12-23 06:37:54,782 - Knowledge - INFO - process ingested knowledge for /app/data/tataelxsimockapisolutions5451/3632/b9205aw/Online-Examination-System-3632/OnlineExamSystem/ExamResult.aspx.designer.cs
2025-12-23 06:37:54,977 - Knowledge - INFO - process ingested knowledge for /app/data/tataelxsimockapisolutions5451/3632/b9205aw/Online-Examination-System-3632/OnlineExamSystem/StartExam.aspx.cs
2025-12-23 06:37:55,175 - Knowledge - INFO - process ingested knowledge for /app/data/tataelxsimockapisolutions5451/3632/b9205aw/Online-Examination-System-3632/OnlineExamSystem/AdminPanel.aspx.cs
2025-12-23 06:37:55,335 - Knowledge - INFO - process ingested knowledge for /app/data/tataelxsimockapisolutions5451/3632/b9205aw/Online-Examination-System-3632/OnlineExamSystem/DownloadPdf.aspx.designer.cs
2025-12-23 06:37:55,822 - Knowledge - INFO - [WEBSOCKET] Sent: Type=progress_update, Size: 270, Duration: 0ms
2025-12-23 06:37:55,989 - Knowledge - INFO - [WEBSOCKET] Sent: Type=unknown, Size: ?, Duration: 167ms
2025-12-23 06:37:56,172 - Knowledge - INFO - Progress: 100.0% | Files: 50/50 | Rate: 0.59 files/sec | Queue: 0
2025-12-23 06:37:56,391 - Knowledge - INFO - Knowledge creation complete
2025-12-23 06:37:56,569 - Knowledge - INFO - ==================================================
2025-12-23 06:37:56,724 - Knowledge - INFO - KNOWLEDGE GRAPH GENERATION PERFORMANCE SUMMARY
2025-12-23 06:37:56,946 - Knowledge - INFO - ==================================================
2025-12-23 06:37:57,152 - Knowledge - INFO - Total processing time: 85.05 seconds (1.42 minutes)
2025-12-23 06:37:57,328 - Knowledge - INFO - Files processed: 0
2025-12-23 06:37:57,508 - Knowledge - INFO - Processing rate: 0.00 files/second
2025-12-23 06:37:57,672 - Knowledge - INFO - 
[TIME_BREAKDOWN]
2025-12-23 06:37:57,876 - Knowledge - INFO - File Reading: 0.00s (0.0%)
2025-12-23 06:37:58,039 - Knowledge - INFO - LLM Processing: 823.24s (967.9%)
2025-12-23 06:37:58,199 - Knowledge - INFO - MongoDB Operations: 0.00s (0.0%)
2025-12-23 06:37:58,406 - Knowledge - INFO - Redis Operations: 0.00s (0.0%)
2025-12-23 06:37:58,627 - Knowledge - INFO - WebSocket Communication: 4.36s (5.1%)
2025-12-23 06:37:58,785 - Knowledge - INFO - 
[LLM_STATS]
2025-12-23 06:37:58,948 - Knowledge - INFO - Total LLM calls: 30
2025-12-23 06:37:59,150 - Knowledge - INFO - Average LLM response time: 27441ms
2025-12-23 06:37:59,335 - Knowledge - INFO - Average prompt tokens: 4677.0
2025-12-23 06:37:59,489 - Knowledge - INFO - Average completion tokens: 669.0
2025-12-23 06:37:59,638 - Knowledge - INFO - Total prompt tokens: 140310
2025-12-23 06:37:59,841 - Knowledge - INFO - Total completion tokens: 20071
2025-12-23 06:38:00,039 - Knowledge - INFO - Total LLM cost: $0.0221
2025-12-23 06:38:00,215 - Knowledge - INFO - 
[DATABASE_STATS]
2025-12-23 06:38:00,389 - Knowledge - INFO - MongoDB operations: 0
2025-12-23 06:38:00,545 - Knowledge - INFO - Redis operations: 0
2025-12-23 06:38:00,745 - Knowledge - INFO - 
[COMMUNICATION_STATS]
2025-12-23 06:38:00,939 - Knowledge - INFO - WebSocket messages sent: 19
2025-12-23 06:38:01,102 - Knowledge - INFO - Average message size: 134.2 bytes
2025-12-23 06:38:01,331 - Knowledge - INFO - 
[WORKER_STATS]
2025-12-23 06:38:01,494 - Knowledge - INFO - 
[FILE_TYPE_STATS]
2025-12-23 06:38:01,693 - Knowledge - INFO - 
[SLOWEST_FILES]
2025-12-23 06:38:01,845 - Knowledge - INFO - ==================================================
2025-12-23 06:38:02,007 - Knowledge - INFO - ==================================================
2025-12-23 06:38:02,180 - Knowledge - INFO - KNOWLEDGE GRAPH GENERATION PERFORMANCE SUMMARY
2025-12-23 06:38:02,334 - Knowledge - INFO - ==================================================
2025-12-23 06:38:02,516 - Knowledge - INFO - Total processing time: 90.55 seconds (1.51 minutes)
2025-12-23 06:38:02,767 - Knowledge - INFO - Files processed: 50 of 50
2025-12-23 06:38:02,930 - Knowledge - INFO - Processing rate: 0.55 files/second
2025-12-23 06:38:03,155 - Knowledge - INFO - WebSocket messages sent: 9
2025-12-23 06:38:03,307 - Knowledge - INFO - MongoDB operations: 50
2025-12-23 06:38:03,517 - Knowledge - INFO - Average MongoDB ops per file: 1.00
2025-12-23 06:38:03,706 - Knowledge - INFO - LLM costs: $0.0221
2025-12-23 06:38:03,904 - Knowledge - INFO - Prompt tokens: 140310
2025-12-23 06:38:04,074 - Knowledge - INFO - Completion tokens: 20071
2025-12-23 06:38:04,230 - Knowledge - INFO - Updating org costs, total cost: 0.0220594
2025-12-23 06:38:05,471 - Knowledge - INFO - [WEBSOCKET] Sent: Type=progress_update, Size: 268, Duration: 0ms
2025-12-23 06:38:05,626 - Knowledge - INFO - Saving knowledge to Redis...
2025-12-23 06:38:05,876 - Knowledge - INFO - Knowledge saved to Redis successfully
2025-12-23 07:05:50,993 - Knowledge - INFO - Created shared MongoDB connection pool
2025-12-23 07:05:51,268 - Knowledge - INFO - Starting Knowledge Graph processing with 20 threads
2025-12-23 07:05:51,496 - Knowledge - INFO - Initial configuration: chunk_size=65536, max_cache_size=500
2025-12-23 07:05:51,658 - Knowledge - INFO - Knowledge Graph concurrency configuration: workers=20, max_batch_size=10, max_concurrent_llm_calls=50
2025-12-23 07:05:52,531 - Knowledge - INFO - 🔍 _load_persisted_knowledge called - checking for Redis optimization
2025-12-23 07:05:52,727 - Knowledge - WARNING - ❌ load_from_redis method not found - Redis support not attached
2025-12-23 07:05:52,923 - Knowledge - INFO - load persisted knowledge: begin
2025-12-23 07:05:53,619 - Knowledge - INFO - Persisted knowledge files in /app/data/tataelxsimockapisolutions5451/3632/b9205aw/Online-Examination-System-3632/.knowledge have been renamed to use .json
2025-12-23 07:05:53,798 - Knowledge - INFO - Found code-base-name: https://github.com/kavia-common/Online-Examination-System-3632.git:kavia-dev
2025-12-23 07:05:54,004 - Knowledge - INFO - Found code_base: <app.utils.kg_build.knowledge.KnowledgeCodeBase object at 0x7f976d93ab90>
2025-12-23 07:05:54,342 - Knowledge - INFO - Found code-base-name: https://github.com/kavia-common/Online-Examination-System-3632.git:kavia-dev
2025-12-23 07:05:54,583 - Knowledge - INFO - Found code_base: <app.utils.kg_build.knowledge.KnowledgeCodeBase object at 0x7f976d93ab90>
2025-12-23 07:05:54,791 - Knowledge - INFO - persist ingested knowledge for /app/data/tataelxsimockapisolutions5451/3632/b9205aw/Online-Examination-System-3632/OnlineExamSystem/Properties/AssemblyInfo.cs
2025-12-23 07:05:55,027 - Knowledge - INFO - [MONGODB_OP] Completed: persist, Collection: file_info, Duration: 82ms
2025-12-23 07:05:56,155 - Knowledge - INFO - [REDIS_OP] Completed: store_embedding, Key: OnlineExamSystem/Properties/AssemblyInfo.cs, Duration: 937ms
2025-12-23 07:05:56,340 - Knowledge - INFO - persist search terms embedding for OnlineExamSystem/Properties/AssemblyInfo.cs
2025-12-23 07:05:56,507 - Knowledge - INFO - process ingested knowledge for /app/data/tataelxsimockapisolutions5451/3632/b9205aw/Online-Examination-System-3632/OnlineExamSystem/Properties/AssemblyInfo.cs
2025-12-23 07:05:56,707 - Knowledge - INFO - Found code-base-name: https://github.com/kavia-common/Online-Examination-System-3632.git:kavia-dev
2025-12-23 07:05:56,915 - Knowledge - INFO - Found code_base: <app.utils.kg_build.knowledge.KnowledgeCodeBase object at 0x7f976d93ab90>
2025-12-23 07:05:57,127 - Knowledge - INFO - Found code-base-name: https://github.com/kavia-common/Online-Examination-System-3632.git:kavia-dev
2025-12-23 07:05:57,332 - Knowledge - INFO - Found code_base: <app.utils.kg_build.knowledge.KnowledgeCodeBase object at 0x7f976d93ab90>
2025-12-23 07:05:57,520 - Knowledge - INFO - persist ingested knowledge for /app/data/tataelxsimockapisolutions5451/3632/b9205aw/Online-Examination-System-3632/OnlineExamSystem/AdminLeaderboard.aspx.cs
2025-12-23 07:05:57,800 - Knowledge - INFO - [MONGODB_OP] Completed: persist, Collection: file_info, Duration: 89ms
2025-12-23 07:05:58,189 - Knowledge - INFO - [REDIS_OP] Completed: store_embedding, Key: OnlineExamSystem/AdminLeaderboard.aspx.cs, Duration: 201ms
2025-12-23 07:05:58,406 - Knowledge - INFO - persist search terms embedding for OnlineExamSystem/AdminLeaderboard.aspx.cs
2025-12-23 07:05:58,596 - Knowledge - INFO - process ingested knowledge for /app/data/tataelxsimockapisolutions5451/3632/b9205aw/Online-Examination-System-3632/OnlineExamSystem/AdminLeaderboard.aspx.cs
2025-12-23 07:05:58,807 - Knowledge - INFO - Found code-base-name: https://github.com/kavia-common/Online-Examination-System-3632.git:kavia-dev
2025-12-23 07:05:58,961 - Knowledge - INFO - Found code_base: <app.utils.kg_build.knowledge.KnowledgeCodeBase object at 0x7f976d93ab90>
2025-12-23 07:05:59,219 - Knowledge - INFO - Found code-base-name: https://github.com/kavia-common/Online-Examination-System-3632.git:kavia-dev
2025-12-23 07:05:59,411 - Knowledge - INFO - Found code_base: <app.utils.kg_build.knowledge.KnowledgeCodeBase object at 0x7f976d93ab90>
2025-12-23 07:05:59,583 - Knowledge - INFO - persist ingested knowledge for /app/data/tataelxsimockapisolutions5451/3632/b9205aw/Online-Examination-System-3632/OnlineExamSystem/AdminCourseQueue.aspx.designer.cs
2025-12-23 07:05:59,871 - Knowledge - INFO - [MONGODB_OP] Completed: persist, Collection: file_info, Duration: 102ms
2025-12-23 07:06:00,257 - Knowledge - INFO - [REDIS_OP] Completed: store_embedding, Key: OnlineExamSystem/AdminCourseQueue.aspx.designer.cs, Duration: 227ms
2025-12-23 07:06:00,414 - Knowledge - INFO - persist search terms embedding for OnlineExamSystem/AdminCourseQueue.aspx.designer.cs
2025-12-23 07:06:00,577 - Knowledge - INFO - process ingested knowledge for /app/data/tataelxsimockapisolutions5451/3632/b9205aw/Online-Examination-System-3632/OnlineExamSystem/AdminCourseQueue.aspx.designer.cs
2025-12-23 07:06:00,797 - Knowledge - INFO - Found code-base-name: https://github.com/kavia-common/Online-Examination-System-3632.git:kavia-dev
2025-12-23 07:06:00,957 - Knowledge - INFO - Found code_base: <app.utils.kg_build.knowledge.KnowledgeCodeBase object at 0x7f976d93ab90>
2025-12-23 07:06:01,205 - Knowledge - INFO - Found code-base-name: https://github.com/kavia-common/Online-Examination-System-3632.git:kavia-dev
2025-12-23 07:06:01,363 - Knowledge - INFO - Found code_base: <app.utils.kg_build.knowledge.KnowledgeCodeBase object at 0x7f976d93ab90>
2025-12-23 07:06:01,535 - Knowledge - INFO - persist ingested knowledge for /app/data/tataelxsimockapisolutions5451/3632/b9205aw/Online-Examination-System-3632/OnlineExamSystem/AdminQueue.aspx.cs
2025-12-23 07:06:01,792 - Knowledge - INFO - [MONGODB_OP] Completed: persist, Collection: file_info, Duration: 112ms
2025-12-23 07:06:02,224 - Knowledge - INFO - [REDIS_OP] Completed: store_embedding, Key: OnlineExamSystem/AdminQueue.aspx.cs, Duration: 213ms
2025-12-23 07:06:02,405 - Knowledge - INFO - persist search terms embedding for OnlineExamSystem/AdminQueue.aspx.cs
2025-12-23 07:06:02,606 - Knowledge - INFO - process ingested knowledge for /app/data/tataelxsimockapisolutions5451/3632/b9205aw/Online-Examination-System-3632/OnlineExamSystem/AdminQueue.aspx.cs
2025-12-23 07:06:02,767 - Knowledge - INFO - Found code-base-name: https://github.com/kavia-common/Online-Examination-System-3632.git:kavia-dev
2025-12-23 07:06:02,909 - Knowledge - INFO - Found code_base: <app.utils.kg_build.knowledge.KnowledgeCodeBase object at 0x7f976d93ab90>
2025-12-23 07:06:03,162 - Knowledge - INFO - Found code-base-name: https://github.com/kavia-common/Online-Examination-System-3632.git:kavia-dev
2025-12-23 07:06:03,314 - Knowledge - INFO - Found code_base: <app.utils.kg_build.knowledge.KnowledgeCodeBase object at 0x7f976d93ab90>
2025-12-23 07:06:03,477 - Knowledge - INFO - persist ingested knowledge for /app/data/tataelxsimockapisolutions5451/3632/b9205aw/Online-Examination-System-3632/OnlineExamSystem/TheorySet.aspx.designer.cs
2025-12-23 07:06:03,717 - Knowledge - INFO - [MONGODB_OP] Completed: persist, Collection: file_info, Duration: 80ms
2025-12-23 07:06:04,237 - Knowledge - INFO - [REDIS_OP] Completed: store_embedding, Key: OnlineExamSystem/TheorySet.aspx.designer.cs, Duration: 291ms
2025-12-23 07:06:04,425 - Knowledge - INFO - persist search terms embedding for OnlineExamSystem/TheorySet.aspx.designer.cs
2025-12-23 07:06:04,611 - Knowledge - INFO - process ingested knowledge for /app/data/tataelxsimockapisolutions5451/3632/b9205aw/Online-Examination-System-3632/OnlineExamSystem/TheorySet.aspx.designer.cs
2025-12-23 07:06:04,777 - Knowledge - INFO - Found code-base-name: https://github.com/kavia-common/Online-Examination-System-3632.git:kavia-dev
2025-12-23 07:06:04,930 - Knowledge - INFO - Found code_base: <app.utils.kg_build.knowledge.KnowledgeCodeBase object at 0x7f976d93ab90>
2025-12-23 07:06:05,208 - Knowledge - INFO - Found code-base-name: https://github.com/kavia-common/Online-Examination-System-3632.git:kavia-dev
2025-12-23 07:06:05,382 - Knowledge - INFO - Found code_base: <app.utils.kg_build.knowledge.KnowledgeCodeBase object at 0x7f976d93ab90>
2025-12-23 07:06:05,545 - Knowledge - INFO - persist ingested knowledge for /app/data/tataelxsimockapisolutions5451/3632/b9205aw/Online-Examination-System-3632/OnlineExamSystem/EditMCQ.aspx.designer.cs
2025-12-23 07:06:05,785 - Knowledge - INFO - [MONGODB_OP] Completed: persist, Collection: file_info, Duration: 92ms
2025-12-23 07:06:06,359 - Knowledge - INFO - [REDIS_OP] Completed: store_embedding, Key: OnlineExamSystem/EditMCQ.aspx.designer.cs, Duration: 369ms
2025-12-23 07:06:06,541 - Knowledge - INFO - persist search terms embedding for OnlineExamSystem/EditMCQ.aspx.designer.cs
2025-12-23 07:06:06,695 - Knowledge - INFO - process ingested knowledge for /app/data/tataelxsimockapisolutions5451/3632/b9205aw/Online-Examination-System-3632/OnlineExamSystem/EditMCQ.aspx.designer.cs
2025-12-23 07:06:06,896 - Knowledge - INFO - Found code-base-name: https://github.com/kavia-common/Online-Examination-System-3632.git:kavia-dev
2025-12-23 07:06:07,054 - Knowledge - INFO - Found code_base: <app.utils.kg_build.knowledge.KnowledgeCodeBase object at 0x7f976d93ab90>
2025-12-23 07:06:07,312 - Knowledge - INFO - Found code-base-name: https://github.com/kavia-common/Online-Examination-System-3632.git:kavia-dev
2025-12-23 07:06:07,447 - Knowledge - INFO - Found code_base: <app.utils.kg_build.knowledge.KnowledgeCodeBase object at 0x7f976d93ab90>
2025-12-23 07:06:07,598 - Knowledge - INFO - persist ingested knowledge for /app/data/tataelxsimockapisolutions5451/3632/b9205aw/Online-Examination-System-3632/OnlineExamSystem/LoginPage.aspx.cs
2025-12-23 07:06:07,868 - Knowledge - INFO - [MONGODB_OP] Completed: persist, Collection: file_info, Duration: 87ms
2025-12-23 07:06:08,371 - Knowledge - INFO - [REDIS_OP] Completed: store_embedding, Key: OnlineExamSystem/LoginPage.aspx.cs, Duration: 308ms
2025-12-23 07:06:08,598 - Knowledge - INFO - persist search terms embedding for OnlineExamSystem/LoginPage.aspx.cs
2025-12-23 07:06:08,741 - Knowledge - INFO - process ingested knowledge for /app/data/tataelxsimockapisolutions5451/3632/b9205aw/Online-Examination-System-3632/OnlineExamSystem/LoginPage.aspx.cs
2025-12-23 07:06:08,892 - Knowledge - INFO - Found code-base-name: https://github.com/kavia-common/Online-Examination-System-3632.git:kavia-dev
2025-12-23 07:06:09,074 - Knowledge - INFO - Found code_base: <app.utils.kg_build.knowledge.KnowledgeCodeBase object at 0x7f976d93ab90>
2025-12-23 07:06:09,341 - Knowledge - INFO - Found code-base-name: https://github.com/kavia-common/Online-Examination-System-3632.git:kavia-dev
2025-12-23 07:06:09,529 - Knowledge - INFO - Found code_base: <app.utils.kg_build.knowledge.KnowledgeCodeBase object at 0x7f976d93ab90>
2025-12-23 07:06:09,689 - Knowledge - INFO - persist ingested knowledge for /app/data/tataelxsimockapisolutions5451/3632/b9205aw/Online-Examination-System-3632/database-script/Online-Examination-System-Databse-Script.sql
2025-12-23 07:06:09,950 - Knowledge - INFO - [MONGODB_OP] Completed: persist, Collection: file_info, Duration: 104ms
2025-12-23 07:06:10,325 - Knowledge - INFO - [REDIS_OP] Completed: store_embedding, Key: database-script/Online-Examination-System-Databse-Script.sql, Duration: 210ms
2025-12-23 07:06:10,527 - Knowledge - INFO - persist search terms embedding for database-script/Online-Examination-System-Databse-Script.sql
2025-12-23 07:06:10,709 - Knowledge - INFO - process ingested knowledge for /app/data/tataelxsimockapisolutions5451/3632/b9205aw/Online-Examination-System-3632/database-script/Online-Examination-System-Databse-Script.sql
2025-12-23 07:06:10,902 - Knowledge - INFO - Found code-base-name: https://github.com/kavia-common/Online-Examination-System-3632.git:kavia-dev
2025-12-23 07:06:11,069 - Knowledge - INFO - Found code_base: <app.utils.kg_build.knowledge.KnowledgeCodeBase object at 0x7f976d93ab90>
2025-12-23 07:06:11,380 - Knowledge - INFO - Found code-base-name: https://github.com/kavia-common/Online-Examination-System-3632.git:kavia-dev
2025-12-23 07:06:11,550 - Knowledge - INFO - Found code_base: <app.utils.kg_build.knowledge.KnowledgeCodeBase object at 0x7f976d93ab90>
2025-12-23 07:06:11,758 - Knowledge - INFO - persist ingested knowledge for /app/data/tataelxsimockapisolutions5451/3632/b9205aw/Online-Examination-System-3632/OnlineExamSystem/TheoryExam.aspx.cs
2025-12-23 07:06:12,013 - Knowledge - INFO - [MONGODB_OP] Completed: persist, Collection: file_info, Duration: 91ms
2025-12-23 07:06:12,472 - Knowledge - INFO - [REDIS_OP] Completed: store_embedding, Key: OnlineExamSystem/TheoryExam.aspx.cs, Duration: 303ms
2025-12-23 07:06:12,677 - Knowledge - INFO - persist search terms embedding for OnlineExamSystem/TheoryExam.aspx.cs
2025-12-23 07:06:12,840 - Knowledge - INFO - process ingested knowledge for /app/data/tataelxsimockapisolutions5451/3632/b9205aw/Online-Examination-System-3632/OnlineExamSystem/TheoryExam.aspx.cs
2025-12-23 07:06:12,991 - Knowledge - INFO - Found code-base-name: https://github.com/kavia-common/Online-Examination-System-3632.git:kavia-dev
2025-12-23 07:06:13,212 - Knowledge - INFO - Found code_base: <app.utils.kg_build.knowledge.KnowledgeCodeBase object at 0x7f976d93ab90>
2025-12-23 07:06:13,510 - Knowledge - INFO - Found code-base-name: https://github.com/kavia-common/Online-Examination-System-3632.git:kavia-dev
2025-12-23 07:06:13,655 - Knowledge - INFO - Found code_base: <app.utils.kg_build.knowledge.KnowledgeCodeBase object at 0x7f976d93ab90>
2025-12-23 07:06:13,819 - Knowledge - INFO - persist ingested knowledge for /app/data/tataelxsimockapisolutions5451/3632/b9205aw/Online-Examination-System-3632/OnlineExamSystem/TakenCourses.aspx.designer.cs
2025-12-23 07:06:14,074 - Knowledge - INFO - [MONGODB_OP] Completed: persist, Collection: file_info, Duration: 93ms
2025-12-23 07:06:14,483 - Knowledge - INFO - [REDIS_OP] Completed: store_embedding, Key: OnlineExamSystem/TakenCourses.aspx.designer.cs, Duration: 205ms
2025-12-23 07:06:14,689 - Knowledge - INFO - persist search terms embedding for OnlineExamSystem/TakenCourses.aspx.designer.cs
2025-12-23 07:06:14,842 - Knowledge - INFO - process ingested knowledge for /app/data/tataelxsimockapisolutions5451/3632/b9205aw/Online-Examination-System-3632/OnlineExamSystem/TakenCourses.aspx.designer.cs
2025-12-23 07:06:15,035 - Knowledge - INFO - Found code-base-name: https://github.com/kavia-common/Online-Examination-System-3632.git:kavia-dev
2025-12-23 07:06:15,212 - Knowledge - INFO - Found code_base: <app.utils.kg_build.knowledge.KnowledgeCodeBase object at 0x7f976d93ab90>
2025-12-23 07:06:15,475 - Knowledge - INFO - Found code-base-name: https://github.com/kavia-common/Online-Examination-System-3632.git:kavia-dev
2025-12-23 07:06:15,632 - Knowledge - INFO - Found code_base: <app.utils.kg_build.knowledge.KnowledgeCodeBase object at 0x7f976d93ab90>
2025-12-23 07:06:15,797 - Knowledge - INFO - persist ingested knowledge for /app/data/tataelxsimockapisolutions5451/3632/b9205aw/Online-Examination-System-3632/OnlineExamSystem/SetExam.aspx.designer.cs
2025-12-23 07:06:16,078 - Knowledge - INFO - [MONGODB_OP] Completed: persist, Collection: file_info, Duration: 89ms
2025-12-23 07:06:16,534 - Knowledge - INFO - [REDIS_OP] Completed: store_embedding, Key: OnlineExamSystem/SetExam.aspx.designer.cs, Duration: 218ms
2025-12-23 07:06:16,732 - Knowledge - INFO - persist search terms embedding for OnlineExamSystem/SetExam.aspx.designer.cs
2025-12-23 07:06:16,927 - Knowledge - INFO - process ingested knowledge for /app/data/tataelxsimockapisolutions5451/3632/b9205aw/Online-Examination-System-3632/OnlineExamSystem/SetExam.aspx.designer.cs
2025-12-23 07:06:17,102 - Knowledge - INFO - Found code-base-name: https://github.com/kavia-common/Online-Examination-System-3632.git:kavia-dev
2025-12-23 07:06:17,296 - Knowledge - INFO - Found code_base: <app.utils.kg_build.knowledge.KnowledgeCodeBase object at 0x7f976d93ab90>
2025-12-23 07:06:17,540 - Knowledge - INFO - Found code-base-name: https://github.com/kavia-common/Online-Examination-System-3632.git:kavia-dev
2025-12-23 07:06:17,712 - Knowledge - INFO - Found code_base: <app.utils.kg_build.knowledge.KnowledgeCodeBase object at 0x7f976d93ab90>
2025-12-23 07:06:17,904 - Knowledge - INFO - persist ingested knowledge for /app/data/tataelxsimockapisolutions5451/3632/b9205aw/Online-Examination-System-3632/OnlineExamSystem/ShowAns.aspx.designer.cs
2025-12-23 07:06:18,194 - Knowledge - INFO - [MONGODB_OP] Completed: persist, Collection: file_info, Duration: 109ms
2025-12-23 07:06:18,606 - Knowledge - INFO - [REDIS_OP] Completed: store_embedding, Key: OnlineExamSystem/ShowAns.aspx.designer.cs, Duration: 265ms
2025-12-23 07:06:18,801 - Knowledge - INFO - persist search terms embedding for OnlineExamSystem/ShowAns.aspx.designer.cs
2025-12-23 07:06:19,038 - Knowledge - INFO - process ingested knowledge for /app/data/tataelxsimockapisolutions5451/3632/b9205aw/Online-Examination-System-3632/OnlineExamSystem/ShowAns.aspx.designer.cs
2025-12-23 07:06:19,213 - Knowledge - INFO - Found code-base-name: https://github.com/kavia-common/Online-Examination-System-3632.git:kavia-dev
2025-12-23 07:06:19,399 - Knowledge - INFO - Found code_base: <app.utils.kg_build.knowledge.KnowledgeCodeBase object at 0x7f976d93ab90>
2025-12-23 07:06:19,652 - Knowledge - INFO - Found code-base-name: https://github.com/kavia-common/Online-Examination-System-3632.git:kavia-dev
2025-12-23 07:06:19,824 - Knowledge - INFO - Found code_base: <app.utils.kg_build.knowledge.KnowledgeCodeBase object at 0x7f976d93ab90>
2025-12-23 07:06:19,989 - Knowledge - INFO - persist ingested knowledge for /app/data/tataelxsimockapisolutions5451/3632/b9205aw/Online-Examination-System-3632/OnlineExamSystem/SignUpPage.aspx.designer.cs
2025-12-23 07:06:20,273 - Knowledge - INFO - [MONGODB_OP] Completed: persist, Collection: file_info, Duration: 110ms
2025-12-23 07:06:20,893 - Knowledge - INFO - [REDIS_OP] Completed: store_embedding, Key: OnlineExamSystem/SignUpPage.aspx.designer.cs, Duration: 447ms
2025-12-23 07:06:21,062 - Knowledge - INFO - persist search terms embedding for OnlineExamSystem/SignUpPage.aspx.designer.cs
2025-12-23 07:06:21,260 - Knowledge - INFO - process ingested knowledge for /app/data/tataelxsimockapisolutions5451/3632/b9205aw/Online-Examination-System-3632/OnlineExamSystem/SignUpPage.aspx.designer.cs
2025-12-23 07:06:21,447 - Knowledge - INFO - Found code-base-name: https://github.com/kavia-common/Online-Examination-System-3632.git:kavia-dev
2025-12-23 07:06:21,604 - Knowledge - INFO - Found code_base: <app.utils.kg_build.knowledge.KnowledgeCodeBase object at 0x7f976d93ab90>
2025-12-23 07:06:21,846 - Knowledge - INFO - Found code-base-name: https://github.com/kavia-common/Online-Examination-System-3632.git:kavia-dev
2025-12-23 07:06:22,006 - Knowledge - INFO - Found code_base: <app.utils.kg_build.knowledge.KnowledgeCodeBase object at 0x7f976d93ab90>
2025-12-23 07:06:22,198 - Knowledge - INFO - persist ingested knowledge for /app/data/tataelxsimockapisolutions5451/3632/b9205aw/Online-Examination-System-3632/OnlineExamSystem/DownloadPdf.aspx.cs
2025-12-23 07:06:22,480 - Knowledge - INFO - [MONGODB_OP] Completed: persist, Collection: file_info, Duration: 94ms
2025-12-23 07:06:22,973 - Knowledge - INFO - [REDIS_OP] Completed: store_embedding, Key: OnlineExamSystem/DownloadPdf.aspx.cs, Duration: 318ms
2025-12-23 07:06:23,146 - Knowledge - INFO - persist search terms embedding for OnlineExamSystem/DownloadPdf.aspx.cs
2025-12-23 07:06:23,329 - Knowledge - INFO - process ingested knowledge for /app/data/tataelxsimockapisolutions5451/3632/b9205aw/Online-Examination-System-3632/OnlineExamSystem/DownloadPdf.aspx.cs
2025-12-23 07:06:23,542 - Knowledge - INFO - Found code-base-name: https://github.com/kavia-common/Online-Examination-System-3632.git:kavia-dev
2025-12-23 07:06:23,727 - Knowledge - INFO - Found code_base: <app.utils.kg_build.knowledge.KnowledgeCodeBase object at 0x7f976d93ab90>
2025-12-23 07:06:23,980 - Knowledge - INFO - Found code-base-name: https://github.com/kavia-common/Online-Examination-System-3632.git:kavia-dev
2025-12-23 07:06:24,217 - Knowledge - INFO - Found code_base: <app.utils.kg_build.knowledge.KnowledgeCodeBase object at 0x7f976d93ab90>
2025-12-23 07:06:24,423 - Knowledge - INFO - persist ingested knowledge for /app/data/tataelxsimockapisolutions5451/3632/b9205aw/Online-Examination-System-3632/OnlineExamSystem/ExamResult.aspx.cs
2025-12-23 07:06:24,712 - Knowledge - INFO - [MONGODB_OP] Completed: persist, Collection: file_info, Duration: 112ms
2025-12-23 07:06:25,186 - Knowledge - INFO - [REDIS_OP] Completed: store_embedding, Key: OnlineExamSystem/ExamResult.aspx.cs, Duration: 284ms
2025-12-23 07:06:25,370 - Knowledge - INFO - persist search terms embedding for OnlineExamSystem/ExamResult.aspx.cs
2025-12-23 07:06:25,528 - Knowledge - INFO - process ingested knowledge for /app/data/tataelxsimockapisolutions5451/3632/b9205aw/Online-Examination-System-3632/OnlineExamSystem/ExamResult.aspx.cs
2025-12-23 07:06:25,703 - Knowledge - INFO - Found code-base-name: https://github.com/kavia-common/Online-Examination-System-3632.git:kavia-dev
2025-12-23 07:06:25,864 - Knowledge - INFO - Found code_base: <app.utils.kg_build.knowledge.KnowledgeCodeBase object at 0x7f976d93ab90>
2025-12-23 07:06:26,118 - Knowledge - INFO - Found code-base-name: https://github.com/kavia-common/Online-Examination-System-3632.git:kavia-dev
2025-12-23 07:06:26,301 - Knowledge - INFO - Found code_base: <app.utils.kg_build.knowledge.KnowledgeCodeBase object at 0x7f976d93ab90>
2025-12-23 07:06:26,459 - Knowledge - INFO - persist ingested knowledge for /app/data/tataelxsimockapisolutions5451/3632/b9205aw/Online-Examination-System-3632/OnlineExamSystem/EditTheory.aspx.designer.cs
2025-12-23 07:06:26,740 - Knowledge - INFO - [MONGODB_OP] Completed: persist, Collection: file_info, Duration: 92ms
2025-12-23 07:06:27,264 - Knowledge - INFO - [REDIS_OP] Completed: store_embedding, Key: OnlineExamSystem/EditTheory.aspx.designer.cs, Duration: 363ms
2025-12-23 07:06:27,430 - Knowledge - INFO - persist search terms embedding for OnlineExamSystem/EditTheory.aspx.designer.cs
2025-12-23 07:06:27,614 - Knowledge - INFO - process ingested knowledge for /app/data/tataelxsimockapisolutions5451/3632/b9205aw/Online-Examination-System-3632/OnlineExamSystem/EditTheory.aspx.designer.cs
2025-12-23 07:06:27,799 - Knowledge - INFO - Found code-base-name: https://github.com/kavia-common/Online-Examination-System-3632.git:kavia-dev
2025-12-23 07:06:27,986 - Knowledge - INFO - Found code_base: <app.utils.kg_build.knowledge.KnowledgeCodeBase object at 0x7f976d93ab90>
2025-12-23 07:06:28,237 - Knowledge - INFO - Found code-base-name: https://github.com/kavia-common/Online-Examination-System-3632.git:kavia-dev
2025-12-23 07:06:28,425 - Knowledge - INFO - Found code_base: <app.utils.kg_build.knowledge.KnowledgeCodeBase object at 0x7f976d93ab90>
2025-12-23 07:06:28,608 - Knowledge - INFO - persist ingested knowledge for /app/data/tataelxsimockapisolutions5451/3632/b9205aw/Online-Examination-System-3632/OnlineExamSystem/EditExam.aspx.designer.cs
2025-12-23 07:06:28,957 - Knowledge - INFO - [MONGODB_OP] Completed: persist, Collection: file_info, Duration: 126ms
2025-12-23 07:06:29,353 - Knowledge - INFO - [REDIS_OP] Completed: store_embedding, Key: OnlineExamSystem/EditExam.aspx.designer.cs, Duration: 236ms
2025-12-23 07:06:29,540 - Knowledge - INFO - persist search terms embedding for OnlineExamSystem/EditExam.aspx.designer.cs
2025-12-23 07:06:29,719 - Knowledge - INFO - process ingested knowledge for /app/data/tataelxsimockapisolutions5451/3632/b9205aw/Online-Examination-System-3632/OnlineExamSystem/EditExam.aspx.designer.cs
2025-12-23 07:06:29,886 - Knowledge - INFO - Found code-base-name: https://github.com/kavia-common/Online-Examination-System-3632.git:kavia-dev
2025-12-23 07:06:30,086 - Knowledge - INFO - Found code_base: <app.utils.kg_build.knowledge.KnowledgeCodeBase object at 0x7f976d93ab90>
2025-12-23 07:06:30,336 - Knowledge - INFO - Found code-base-name: https://github.com/kavia-common/Online-Examination-System-3632.git:kavia-dev
2025-12-23 07:06:30,490 - Knowledge - INFO - Found code_base: <app.utils.kg_build.knowledge.KnowledgeCodeBase object at 0x7f976d93ab90>
2025-12-23 07:06:30,695 - Knowledge - INFO - persist ingested knowledge for /app/data/tataelxsimockapisolutions5451/3632/b9205aw/Online-Examination-System-3632/OnlineExamSystem/UserProfile.aspx.cs
2025-12-23 07:06:31,004 - Knowledge - INFO - [MONGODB_OP] Completed: persist, Collection: file_info, Duration: 110ms
2025-12-23 07:06:31,509 - Knowledge - INFO - [REDIS_OP] Completed: store_embedding, Key: OnlineExamSystem/UserProfile.aspx.cs, Duration: 349ms
2025-12-23 07:06:31,703 - Knowledge - INFO - persist search terms embedding for OnlineExamSystem/UserProfile.aspx.cs
2025-12-23 07:06:31,913 - Knowledge - INFO - process ingested knowledge for /app/data/tataelxsimockapisolutions5451/3632/b9205aw/Online-Examination-System-3632/OnlineExamSystem/UserProfile.aspx.cs
2025-12-23 07:06:32,108 - Knowledge - INFO - Found code-base-name: https://github.com/kavia-common/Online-Examination-System-3632.git:kavia-dev
2025-12-23 07:06:32,292 - Knowledge - INFO - Found code_base: <app.utils.kg_build.knowledge.KnowledgeCodeBase object at 0x7f976d93ab90>
2025-12-23 07:06:32,564 - Knowledge - INFO - Found code-base-name: https://github.com/kavia-common/Online-Examination-System-3632.git:kavia-dev
2025-12-23 07:06:32,756 - Knowledge - INFO - Found code_base: <app.utils.kg_build.knowledge.KnowledgeCodeBase object at 0x7f976d93ab90>
2025-12-23 07:06:32,892 - Knowledge - INFO - persist ingested knowledge for /app/data/tataelxsimockapisolutions5451/3632/b9205aw/Online-Examination-System-3632/OnlineExamSystem/Dashboard.aspx.cs
2025-12-23 07:06:33,148 - Knowledge - INFO - [MONGODB_OP] Completed: persist, Collection: file_info, Duration: 99ms
2025-12-23 07:06:33,608 - Knowledge - INFO - [REDIS_OP] Completed: store_embedding, Key: OnlineExamSystem/Dashboard.aspx.cs, Duration: 227ms
2025-12-23 07:06:33,758 - Knowledge - INFO - persist search terms embedding for OnlineExamSystem/Dashboard.aspx.cs
2025-12-23 07:06:33,945 - Knowledge - INFO - process ingested knowledge for /app/data/tataelxsimockapisolutions5451/3632/b9205aw/Online-Examination-System-3632/OnlineExamSystem/Dashboard.aspx.cs
2025-12-23 07:06:34,127 - Knowledge - INFO - Found code-base-name: https://github.com/kavia-common/Online-Examination-System-3632.git:kavia-dev
2025-12-23 07:06:34,267 - Knowledge - INFO - Found code_base: <app.utils.kg_build.knowledge.KnowledgeCodeBase object at 0x7f976d93ab90>
2025-12-23 07:06:34,523 - Knowledge - INFO - Found code-base-name: https://github.com/kavia-common/Online-Examination-System-3632.git:kavia-dev
2025-12-23 07:06:34,700 - Knowledge - INFO - Found code_base: <app.utils.kg_build.knowledge.KnowledgeCodeBase object at 0x7f976d93ab90>
2025-12-23 07:06:34,869 - Knowledge - INFO - persist ingested knowledge for /app/data/tataelxsimockapisolutions5451/3632/b9205aw/Online-Examination-System-3632/OnlineExamSystem/StartExam.aspx.designer.cs
2025-12-23 07:06:35,146 - Knowledge - INFO - [MONGODB_OP] Completed: persist, Collection: file_info, Duration: 99ms
2025-12-23 07:06:35,607 - Knowledge - INFO - [REDIS_OP] Completed: store_embedding, Key: OnlineExamSystem/StartExam.aspx.designer.cs, Duration: 255ms
2025-12-23 07:06:35,799 - Knowledge - INFO - persist search terms embedding for OnlineExamSystem/StartExam.aspx.designer.cs
2025-12-23 07:06:36,001 - Knowledge - INFO - process ingested knowledge for /app/data/tataelxsimockapisolutions5451/3632/b9205aw/Online-Examination-System-3632/OnlineExamSystem/StartExam.aspx.designer.cs
2025-12-23 07:06:36,172 - Knowledge - INFO - Found code-base-name: https://github.com/kavia-common/Online-Examination-System-3632.git:kavia-dev
2025-12-23 07:06:36,339 - Knowledge - INFO - Found code_base: <app.utils.kg_build.knowledge.KnowledgeCodeBase object at 0x7f976d93ab90>
2025-12-23 07:06:36,572 - Knowledge - INFO - Found code-base-name: https://github.com/kavia-common/Online-Examination-System-3632.git:kavia-dev
2025-12-23 07:06:36,729 - Knowledge - INFO - Found code_base: <app.utils.kg_build.knowledge.KnowledgeCodeBase object at 0x7f976d93ab90>
2025-12-23 07:06:36,923 - Knowledge - INFO - persist ingested knowledge for /app/data/tataelxsimockapisolutions5451/3632/b9205aw/Online-Examination-System-3632/OnlineExamSystem/AdminPanel.aspx.designer.cs
2025-12-23 07:06:37,202 - Knowledge - INFO - [MONGODB_OP] Completed: persist, Collection: file_info, Duration: 91ms
2025-12-23 07:06:37,703 - Knowledge - INFO - [REDIS_OP] Completed: store_embedding, Key: OnlineExamSystem/AdminPanel.aspx.designer.cs, Duration: 305ms
2025-12-23 07:06:37,899 - Knowledge - INFO - persist search terms embedding for OnlineExamSystem/AdminPanel.aspx.designer.cs
2025-12-23 07:06:38,124 - Knowledge - INFO - process ingested knowledge for /app/data/tataelxsimockapisolutions5451/3632/b9205aw/Online-Examination-System-3632/OnlineExamSystem/AdminPanel.aspx.designer.cs
2025-12-23 07:06:38,302 - Knowledge - INFO - Found code-base-name: https://github.com/kavia-common/Online-Examination-System-3632.git:kavia-dev
2025-12-23 07:06:38,494 - Knowledge - INFO - Found code_base: <app.utils.kg_build.knowledge.KnowledgeCodeBase object at 0x7f976d93ab90>
2025-12-23 07:06:38,781 - Knowledge - INFO - Found code-base-name: https://github.com/kavia-common/Online-Examination-System-3632.git:kavia-dev
2025-12-23 07:06:38,976 - Knowledge - INFO - Found code_base: <app.utils.kg_build.knowledge.KnowledgeCodeBase object at 0x7f976d93ab90>
2025-12-23 07:06:39,143 - Knowledge - INFO - persist ingested knowledge for /app/data/tataelxsimockapisolutions5451/3632/b9205aw/Online-Examination-System-3632/packages/Microsoft.CodeDom.Providers.DotNetCompilerPlatform.1.0.0/lib/net45/Microsoft.CodeDom.Providers.DotNetCompilerPlatform.xml
2025-12-23 07:06:39,438 - Knowledge - INFO - [MONGODB_OP] Completed: persist, Collection: file_info, Duration: 93ms
2025-12-23 07:06:39,863 - Knowledge - INFO - [REDIS_OP] Completed: store_embedding, Key: packages/Microsoft.CodeDom.Providers.DotNetCompilerPlatform.1.0.0/lib/net45/Microsoft.CodeDom.Providers.DotNetCompilerPlatform.xml, Duration: 219ms
2025-12-23 07:06:40,017 - Knowledge - INFO - persist search terms embedding for packages/Microsoft.CodeDom.Providers.DotNetCompilerPlatform.1.0.0/lib/net45/Microsoft.CodeDom.Providers.DotNetCompilerPlatform.xml
2025-12-23 07:06:40,171 - Knowledge - INFO - process ingested knowledge for /app/data/tataelxsimockapisolutions5451/3632/b9205aw/Online-Examination-System-3632/packages/Microsoft.CodeDom.Providers.DotNetCompilerPlatform.1.0.0/lib/net45/Microsoft.CodeDom.Providers.DotNetCompilerPlatform.xml
2025-12-23 07:06:40,380 - Knowledge - INFO - Found code-base-name: https://github.com/kavia-common/Online-Examination-System-3632.git:kavia-dev
2025-12-23 07:06:40,554 - Knowledge - INFO - Found code_base: <app.utils.kg_build.knowledge.KnowledgeCodeBase object at 0x7f976d93ab90>
2025-12-23 07:06:40,813 - Knowledge - INFO - Found code-base-name: https://github.com/kavia-common/Online-Examination-System-3632.git:kavia-dev
2025-12-23 07:06:40,972 - Knowledge - INFO - Found code_base: <app.utils.kg_build.knowledge.KnowledgeCodeBase object at 0x7f976d93ab90>
2025-12-23 07:06:41,157 - Knowledge - INFO - persist ingested knowledge for /app/data/tataelxsimockapisolutions5451/3632/b9205aw/Online-Examination-System-3632/OnlineExamSystem/Leaderboard.aspx.designer.cs
2025-12-23 07:06:41,455 - Knowledge - INFO - [MONGODB_OP] Completed: persist, Collection: file_info, Duration: 94ms
2025-12-23 07:06:41,943 - Knowledge - INFO - [REDIS_OP] Completed: store_embedding, Key: OnlineExamSystem/Leaderboard.aspx.designer.cs, Duration: 325ms
2025-12-23 07:06:42,133 - Knowledge - INFO - persist search terms embedding for OnlineExamSystem/Leaderboard.aspx.designer.cs
2025-12-23 07:06:42,312 - Knowledge - INFO - process ingested knowledge for /app/data/tataelxsimockapisolutions5451/3632/b9205aw/Online-Examination-System-3632/OnlineExamSystem/Leaderboard.aspx.designer.cs
2025-12-23 07:06:42,454 - Knowledge - INFO - Found code-base-name: https://github.com/kavia-common/Online-Examination-System-3632.git:kavia-dev
2025-12-23 07:06:42,648 - Knowledge - INFO - Found code_base: <app.utils.kg_build.knowledge.KnowledgeCodeBase object at 0x7f976d93ab90>
2025-12-23 07:06:42,904 - Knowledge - INFO - Found code-base-name: https://github.com/kavia-common/Online-Examination-System-3632.git:kavia-dev
2025-12-23 07:06:43,054 - Knowledge - INFO - Found code_base: <app.utils.kg_build.knowledge.KnowledgeCodeBase object at 0x7f976d93ab90>
2025-12-23 07:06:43,241 - Knowledge - INFO - persist ingested knowledge for /app/data/tataelxsimockapisolutions5451/3632/b9205aw/Online-Examination-System-3632/OnlineExamSystem/MCQSet.aspx.designer.cs
2025-12-23 07:06:43,549 - Knowledge - INFO - [MONGODB_OP] Completed: persist, Collection: file_info, Duration: 111ms
2025-12-23 07:06:43,922 - Knowledge - INFO - [REDIS_OP] Completed: store_embedding, Key: OnlineExamSystem/MCQSet.aspx.designer.cs, Duration: 220ms
2025-12-23 07:06:44,120 - Knowledge - INFO - persist search terms embedding for OnlineExamSystem/MCQSet.aspx.designer.cs
2025-12-23 07:06:44,287 - Knowledge - INFO - process ingested knowledge for /app/data/tataelxsimockapisolutions5451/3632/b9205aw/Online-Examination-System-3632/OnlineExamSystem/MCQSet.aspx.designer.cs
2025-12-23 07:06:44,454 - Knowledge - INFO - Found code-base-name: https://github.com/kavia-common/Online-Examination-System-3632.git:kavia-dev
2025-12-23 07:06:44,640 - Knowledge - INFO - Found code_base: <app.utils.kg_build.knowledge.KnowledgeCodeBase object at 0x7f976d93ab90>
2025-12-23 07:06:44,889 - Knowledge - INFO - Found code-base-name: https://github.com/kavia-common/Online-Examination-System-3632.git:kavia-dev
2025-12-23 07:06:45,087 - Knowledge - INFO - Found code_base: <app.utils.kg_build.knowledge.KnowledgeCodeBase object at 0x7f976d93ab90>
2025-12-23 07:06:45,259 - Knowledge - INFO - persist ingested knowledge for /app/data/tataelxsimockapisolutions5451/3632/b9205aw/Online-Examination-System-3632/OnlineExamSystem/MCQExam.aspx.cs
2025-12-23 07:06:45,595 - Knowledge - INFO - [MONGODB_OP] Completed: persist, Collection: file_info, Duration: 88ms
2025-12-23 07:06:46,004 - Knowledge - INFO - [REDIS_OP] Completed: store_embedding, Key: OnlineExamSystem/MCQExam.aspx.cs, Duration: 265ms
2025-12-23 07:06:46,212 - Knowledge - INFO - persist search terms embedding for OnlineExamSystem/MCQExam.aspx.cs
2025-12-23 07:06:46,373 - Knowledge - INFO - process ingested knowledge for /app/data/tataelxsimockapisolutions5451/3632/b9205aw/Online-Examination-System-3632/OnlineExamSystem/MCQExam.aspx.cs
2025-12-23 07:06:46,554 - Knowledge - INFO - Found code-base-name: https://github.com/kavia-common/Online-Examination-System-3632.git:kavia-dev
2025-12-23 07:06:46,739 - Knowledge - INFO - Found code_base: <app.utils.kg_build.knowledge.KnowledgeCodeBase object at 0x7f976d93ab90>
2025-12-23 07:06:46,967 - Knowledge - INFO - Found code-base-name: https://github.com/kavia-common/Online-Examination-System-3632.git:kavia-dev
2025-12-23 07:06:47,108 - Knowledge - INFO - Found code_base: <app.utils.kg_build.knowledge.KnowledgeCodeBase object at 0x7f976d93ab90>
2025-12-23 07:06:47,279 - Knowledge - INFO - persist ingested knowledge for /app/data/tataelxsimockapisolutions5451/3632/b9205aw/Online-Examination-System-3632/OnlineExamSystem/AdminCourseQueue.aspx.cs
2025-12-23 07:06:47,542 - Knowledge - INFO - [MONGODB_OP] Completed: persist, Collection: file_info, Duration: 101ms
2025-12-23 07:06:47,944 - Knowledge - INFO - [REDIS_OP] Completed: store_embedding, Key: OnlineExamSystem/AdminCourseQueue.aspx.cs, Duration: 244ms
2025-12-23 07:06:48,141 - Knowledge - INFO - persist search terms embedding for OnlineExamSystem/AdminCourseQueue.aspx.cs
2025-12-23 07:06:48,308 - Knowledge - INFO - process ingested knowledge for /app/data/tataelxsimockapisolutions5451/3632/b9205aw/Online-Examination-System-3632/OnlineExamSystem/AdminCourseQueue.aspx.cs
2025-12-23 07:06:48,500 - Knowledge - INFO - Found code-base-name: https://github.com/kavia-common/Online-Examination-System-3632.git:kavia-dev
2025-12-23 07:06:48,636 - Knowledge - INFO - Found code_base: <app.utils.kg_build.knowledge.KnowledgeCodeBase object at 0x7f976d93ab90>
2025-12-23 07:06:48,874 - Knowledge - INFO - Found code-base-name: https://github.com/kavia-common/Online-Examination-System-3632.git:kavia-dev
2025-12-23 07:06:49,068 - Knowledge - INFO - Found code_base: <app.utils.kg_build.knowledge.KnowledgeCodeBase object at 0x7f976d93ab90>
2025-12-23 07:06:49,261 - Knowledge - INFO - persist ingested knowledge for /app/data/tataelxsimockapisolutions5451/3632/b9205aw/Online-Examination-System-3632/OnlineExamSystem/CSS/bootstrap.css
2025-12-23 07:06:49,528 - Knowledge - INFO - [MONGODB_OP] Completed: persist, Collection: file_info, Duration: 108ms
2025-12-23 07:06:49,898 - Knowledge - INFO - [REDIS_OP] Completed: store_embedding, Key: OnlineExamSystem/CSS/bootstrap.css, Duration: 216ms
2025-12-23 07:06:50,081 - Knowledge - INFO - persist search terms embedding for OnlineExamSystem/CSS/bootstrap.css
2025-12-23 07:06:50,280 - Knowledge - INFO - process ingested knowledge for /app/data/tataelxsimockapisolutions5451/3632/b9205aw/Online-Examination-System-3632/OnlineExamSystem/CSS/bootstrap.css
2025-12-23 07:06:50,482 - Knowledge - INFO - Found code-base-name: https://github.com/kavia-common/Online-Examination-System-3632.git:kavia-dev
2025-12-23 07:06:50,666 - Knowledge - INFO - Found code_base: <app.utils.kg_build.knowledge.KnowledgeCodeBase object at 0x7f976d93ab90>
2025-12-23 07:06:50,898 - Knowledge - INFO - Found code-base-name: https://github.com/kavia-common/Online-Examination-System-3632.git:kavia-dev
2025-12-23 07:06:51,055 - Knowledge - INFO - Found code_base: <app.utils.kg_build.knowledge.KnowledgeCodeBase object at 0x7f976d93ab90>
2025-12-23 07:06:51,274 - Knowledge - INFO - persist ingested knowledge for /app/data/tataelxsimockapisolutions5451/3632/b9205aw/Online-Examination-System-3632/OnlineExamSystem/UserProfile.aspx.designer.cs
2025-12-23 07:06:51,518 - Knowledge - INFO - [MONGODB_OP] Completed: persist, Collection: file_info, Duration: 94ms
2025-12-23 07:06:51,946 - Knowledge - INFO - [REDIS_OP] Completed: store_embedding, Key: OnlineExamSystem/UserProfile.aspx.designer.cs, Duration: 275ms
2025-12-23 07:06:52,131 - Knowledge - INFO - persist search terms embedding for OnlineExamSystem/UserProfile.aspx.designer.cs
2025-12-23 07:06:52,338 - Knowledge - INFO - process ingested knowledge for /app/data/tataelxsimockapisolutions5451/3632/b9205aw/Online-Examination-System-3632/OnlineExamSystem/UserProfile.aspx.designer.cs
2025-12-23 07:06:52,553 - Knowledge - INFO - Found code-base-name: https://github.com/kavia-common/Online-Examination-System-3632.git:kavia-dev
2025-12-23 07:06:52,741 - Knowledge - INFO - Found code_base: <app.utils.kg_build.knowledge.KnowledgeCodeBase object at 0x7f976d93ab90>
2025-12-23 07:06:53,021 - Knowledge - INFO - Found code-base-name: https://github.com/kavia-common/Online-Examination-System-3632.git:kavia-dev
2025-12-23 07:06:53,180 - Knowledge - INFO - Found code_base: <app.utils.kg_build.knowledge.KnowledgeCodeBase object at 0x7f976d93ab90>
2025-12-23 07:06:53,334 - Knowledge - INFO - persist ingested knowledge for /app/data/tataelxsimockapisolutions5451/3632/b9205aw/Online-Examination-System-3632/OnlineExamSystem/Dashboard.aspx.designer.cs
2025-12-23 07:06:53,612 - Knowledge - INFO - [MONGODB_OP] Completed: persist, Collection: file_info, Duration: 95ms
2025-12-23 07:06:54,060 - Knowledge - INFO - [REDIS_OP] Completed: store_embedding, Key: OnlineExamSystem/Dashboard.aspx.designer.cs, Duration: 244ms
2025-12-23 07:06:54,249 - Knowledge - INFO - persist search terms embedding for OnlineExamSystem/Dashboard.aspx.designer.cs
2025-12-23 07:06:54,402 - Knowledge - INFO - process ingested knowledge for /app/data/tataelxsimockapisolutions5451/3632/b9205aw/Online-Examination-System-3632/OnlineExamSystem/Dashboard.aspx.designer.cs
2025-12-23 07:06:54,592 - Knowledge - INFO - Found code-base-name: https://github.com/kavia-common/Online-Examination-System-3632.git:kavia-dev
2025-12-23 07:06:54,732 - Knowledge - INFO - Found code_base: <app.utils.kg_build.knowledge.KnowledgeCodeBase object at 0x7f976d93ab90>
2025-12-23 07:06:54,990 - Knowledge - INFO - Found code-base-name: https://github.com/kavia-common/Online-Examination-System-3632.git:kavia-dev
2025-12-23 07:06:55,132 - Knowledge - INFO - Found code_base: <app.utils.kg_build.knowledge.KnowledgeCodeBase object at 0x7f976d93ab90>
2025-12-23 07:06:55,324 - Knowledge - INFO - persist ingested knowledge for /app/data/tataelxsimockapisolutions5451/3632/b9205aw/Online-Examination-System-3632/OnlineExamSystem/TakenCourses.aspx.cs
2025-12-23 07:06:55,576 - Knowledge - INFO - [MONGODB_OP] Completed: persist, Collection: file_info, Duration: 96ms
2025-12-23 07:06:55,946 - Knowledge - INFO - [REDIS_OP] Completed: store_embedding, Key: OnlineExamSystem/TakenCourses.aspx.cs, Duration: 216ms
2025-12-23 07:06:56,115 - Knowledge - INFO - persist search terms embedding for OnlineExamSystem/TakenCourses.aspx.cs
2025-12-23 07:06:56,275 - Knowledge - INFO - process ingested knowledge for /app/data/tataelxsimockapisolutions5451/3632/b9205aw/Online-Examination-System-3632/OnlineExamSystem/TakenCourses.aspx.cs
2025-12-23 07:06:56,431 - Knowledge - INFO - Found code-base-name: https://github.com/kavia-common/Online-Examination-System-3632.git:kavia-dev
2025-12-23 07:06:56,644 - Knowledge - INFO - Found code_base: <app.utils.kg_build.knowledge.KnowledgeCodeBase object at 0x7f976d93ab90>
2025-12-23 07:06:56,867 - Knowledge - INFO - Found code-base-name: https://github.com/kavia-common/Online-Examination-System-3632.git:kavia-dev
2025-12-23 07:06:57,014 - Knowledge - INFO - Found code_base: <app.utils.kg_build.knowledge.KnowledgeCodeBase object at 0x7f976d93ab90>
2025-12-23 07:06:57,242 - Knowledge - INFO - persist ingested knowledge for /app/data/tataelxsimockapisolutions5451/3632/b9205aw/Online-Examination-System-3632/OnlineExamSystem/SetExam.aspx.cs
2025-12-23 07:06:57,506 - Knowledge - INFO - [MONGODB_OP] Completed: persist, Collection: file_info, Duration: 97ms
2025-12-23 07:06:58,198 - Knowledge - INFO - [REDIS_OP] Completed: store_embedding, Key: OnlineExamSystem/SetExam.aspx.cs, Duration: 501ms
2025-12-23 07:06:58,380 - Knowledge - INFO - persist search terms embedding for OnlineExamSystem/SetExam.aspx.cs
2025-12-23 07:06:58,549 - Knowledge - INFO - process ingested knowledge for /app/data/tataelxsimockapisolutions5451/3632/b9205aw/Online-Examination-System-3632/OnlineExamSystem/SetExam.aspx.cs
2025-12-23 07:06:58,743 - Knowledge - INFO - Found code-base-name: https://github.com/kavia-common/Online-Examination-System-3632.git:kavia-dev
2025-12-23 07:06:58,885 - Knowledge - INFO - Found code_base: <app.utils.kg_build.knowledge.KnowledgeCodeBase object at 0x7f976d93ab90>
2025-12-23 07:06:59,136 - Knowledge - INFO - Found code-base-name: https://github.com/kavia-common/Online-Examination-System-3632.git:kavia-dev
2025-12-23 07:06:59,296 - Knowledge - INFO - Found code_base: <app.utils.kg_build.knowledge.KnowledgeCodeBase object at 0x7f976d93ab90>
2025-12-23 07:06:59,508 - Knowledge - INFO - persist ingested knowledge for /app/data/tataelxsimockapisolutions5451/3632/b9205aw/Online-Examination-System-3632/OnlineExamSystem/EditMCQ.aspx.cs
2025-12-23 07:06:59,769 - Knowledge - INFO - [MONGODB_OP] Completed: persist, Collection: file_info, Duration: 86ms
2025-12-23 07:07:00,146 - Knowledge - INFO - [REDIS_OP] Completed: store_embedding, Key: OnlineExamSystem/EditMCQ.aspx.cs, Duration: 215ms
2025-12-23 07:07:00,296 - Knowledge - INFO - persist search terms embedding for OnlineExamSystem/EditMCQ.aspx.cs
2025-12-23 07:07:00,457 - Knowledge - INFO - process ingested knowledge for /app/data/tataelxsimockapisolutions5451/3632/b9205aw/Online-Examination-System-3632/OnlineExamSystem/EditMCQ.aspx.cs
2025-12-23 07:07:00,660 - Knowledge - INFO - Found code-base-name: https://github.com/kavia-common/Online-Examination-System-3632.git:kavia-dev
2025-12-23 07:07:00,818 - Knowledge - INFO - Found code_base: <app.utils.kg_build.knowledge.KnowledgeCodeBase object at 0x7f976d93ab90>
2025-12-23 07:07:01,080 - Knowledge - INFO - Found code-base-name: https://github.com/kavia-common/Online-Examination-System-3632.git:kavia-dev
2025-12-23 07:07:01,240 - Knowledge - INFO - Found code_base: <app.utils.kg_build.knowledge.KnowledgeCodeBase object at 0x7f976d93ab90>
2025-12-23 07:07:01,429 - Knowledge - INFO - persist ingested knowledge for /app/data/tataelxsimockapisolutions5451/3632/b9205aw/Online-Examination-System-3632/OnlineExamSystem/TheorySet.aspx.cs
2025-12-23 07:07:01,700 - Knowledge - INFO - [MONGODB_OP] Completed: persist, Collection: file_info, Duration: 103ms
2025-12-23 07:07:02,281 - Knowledge - INFO - [REDIS_OP] Completed: store_embedding, Key: OnlineExamSystem/TheorySet.aspx.cs, Duration: 377ms
2025-12-23 07:07:02,464 - Knowledge - INFO - persist search terms embedding for OnlineExamSystem/TheorySet.aspx.cs
2025-12-23 07:07:02,631 - Knowledge - INFO - process ingested knowledge for /app/data/tataelxsimockapisolutions5451/3632/b9205aw/Online-Examination-System-3632/OnlineExamSystem/TheorySet.aspx.cs
2025-12-23 07:07:02,863 - Knowledge - INFO - Found code-base-name: https://github.com/kavia-common/Online-Examination-System-3632.git:kavia-dev
2025-12-23 07:07:03,024 - Knowledge - INFO - Found code_base: <app.utils.kg_build.knowledge.KnowledgeCodeBase object at 0x7f976d93ab90>
2025-12-23 07:07:03,249 - Knowledge - INFO - Found code-base-name: https://github.com/kavia-common/Online-Examination-System-3632.git:kavia-dev
2025-12-23 07:07:03,425 - Knowledge - INFO - Found code_base: <app.utils.kg_build.knowledge.KnowledgeCodeBase object at 0x7f976d93ab90>
2025-12-23 07:07:03,626 - Knowledge - INFO - persist ingested knowledge for /app/data/tataelxsimockapisolutions5451/3632/b9205aw/Online-Examination-System-3632/OnlineExamSystem/ShowAns.aspx.cs
2025-12-23 07:07:03,919 - Knowledge - INFO - [MONGODB_OP] Completed: persist, Collection: file_info, Duration: 91ms
2025-12-23 07:07:04,401 - Knowledge - INFO - [REDIS_OP] Completed: store_embedding, Key: OnlineExamSystem/ShowAns.aspx.cs, Duration: 253ms
2025-12-23 07:07:04,550 - Knowledge - INFO - persist search terms embedding for OnlineExamSystem/ShowAns.aspx.cs
2025-12-23 07:07:04,741 - Knowledge - INFO - process ingested knowledge for /app/data/tataelxsimockapisolutions5451/3632/b9205aw/Online-Examination-System-3632/OnlineExamSystem/ShowAns.aspx.cs
2025-12-23 07:07:04,923 - Knowledge - INFO - Found code-base-name: https://github.com/kavia-common/Online-Examination-System-3632.git:kavia-dev
2025-12-23 07:07:05,127 - Knowledge - INFO - Found code_base: <app.utils.kg_build.knowledge.KnowledgeCodeBase object at 0x7f976d93ab90>
2025-12-23 07:07:05,348 - Knowledge - INFO - Found code-base-name: https://github.com/kavia-common/Online-Examination-System-3632.git:kavia-dev
2025-12-23 07:07:05,500 - Knowledge - INFO - Found code_base: <app.utils.kg_build.knowledge.KnowledgeCodeBase object at 0x7f976d93ab90>
2025-12-23 07:07:05,673 - Knowledge - INFO - persist ingested knowledge for /app/data/tataelxsimockapisolutions5451/3632/b9205aw/Online-Examination-System-3632/OnlineExamSystem/SignUpPage.aspx.cs
2025-12-23 07:07:05,915 - Knowledge - INFO - [MONGODB_OP] Completed: persist, Collection: file_info, Duration: 95ms
2025-12-23 07:07:06,267 - Knowledge - INFO - [REDIS_OP] Completed: store_embedding, Key: OnlineExamSystem/SignUpPage.aspx.cs, Duration: 189ms
2025-12-23 07:07:06,422 - Knowledge - INFO - persist search terms embedding for OnlineExamSystem/SignUpPage.aspx.cs
2025-12-23 07:07:06,617 - Knowledge - INFO - process ingested knowledge for /app/data/tataelxsimockapisolutions5451/3632/b9205aw/Online-Examination-System-3632/OnlineExamSystem/SignUpPage.aspx.cs
2025-12-23 07:07:06,773 - Knowledge - INFO - Found code-base-name: https://github.com/kavia-common/Online-Examination-System-3632.git:kavia-dev
2025-12-23 07:07:06,981 - Knowledge - INFO - Found code_base: <app.utils.kg_build.knowledge.KnowledgeCodeBase object at 0x7f976d93ab90>
2025-12-23 07:07:07,219 - Knowledge - INFO - Found code-base-name: https://github.com/kavia-common/Online-Examination-System-3632.git:kavia-dev
2025-12-23 07:07:07,373 - Knowledge - INFO - Found code_base: <app.utils.kg_build.knowledge.KnowledgeCodeBase object at 0x7f976d93ab90>
2025-12-23 07:07:07,536 - Knowledge - INFO - persist ingested knowledge for /app/data/tataelxsimockapisolutions5451/3632/b9205aw/Online-Examination-System-3632/README.md
2025-12-23 07:07:07,857 - Knowledge - INFO - [MONGODB_OP] Completed: persist, Collection: file_info, Duration: 105ms
2025-12-23 07:07:08,359 - Knowledge - INFO - [REDIS_OP] Completed: store_embedding, Key: README.md, Duration: 285ms
2025-12-23 07:07:08,588 - Knowledge - INFO - persist search terms embedding for README.md
2025-12-23 07:07:08,745 - Knowledge - INFO - process ingested knowledge for /app/data/tataelxsimockapisolutions5451/3632/b9205aw/Online-Examination-System-3632/README.md
2025-12-23 07:07:08,911 - Knowledge - INFO - Found code-base-name: https://github.com/kavia-common/Online-Examination-System-3632.git:kavia-dev
2025-12-23 07:07:09,108 - Knowledge - INFO - Found code_base: <app.utils.kg_build.knowledge.KnowledgeCodeBase object at 0x7f976d93ab90>
2025-12-23 07:07:09,376 - Knowledge - INFO - Found code-base-name: https://github.com/kavia-common/Online-Examination-System-3632.git:kavia-dev
2025-12-23 07:07:09,550 - Knowledge - INFO - Found code_base: <app.utils.kg_build.knowledge.KnowledgeCodeBase object at 0x7f976d93ab90>
2025-12-23 07:07:09,705 - Knowledge - INFO - persist ingested knowledge for /app/data/tataelxsimockapisolutions5451/3632/b9205aw/Online-Examination-System-3632/OnlineExamSystem/MCQExam.aspx.designer.cs
2025-12-23 07:07:09,977 - Knowledge - INFO - [MONGODB_OP] Completed: persist, Collection: file_info, Duration: 93ms
2025-12-23 07:07:10,374 - Knowledge - INFO - [REDIS_OP] Completed: store_embedding, Key: OnlineExamSystem/MCQExam.aspx.designer.cs, Duration: 235ms
2025-12-23 07:07:10,568 - Knowledge - INFO - persist search terms embedding for OnlineExamSystem/MCQExam.aspx.designer.cs
2025-12-23 07:07:10,766 - Knowledge - INFO - process ingested knowledge for /app/data/tataelxsimockapisolutions5451/3632/b9205aw/Online-Examination-System-3632/OnlineExamSystem/MCQExam.aspx.designer.cs
2025-12-23 07:07:10,960 - Knowledge - INFO - Found code-base-name: https://github.com/kavia-common/Online-Examination-System-3632.git:kavia-dev
2025-12-23 07:07:11,117 - Knowledge - INFO - Found code_base: <app.utils.kg_build.knowledge.KnowledgeCodeBase object at 0x7f976d93ab90>
2025-12-23 07:07:11,408 - Knowledge - INFO - Found code-base-name: https://github.com/kavia-common/Online-Examination-System-3632.git:kavia-dev
2025-12-23 07:07:11,595 - Knowledge - INFO - Found code_base: <app.utils.kg_build.knowledge.KnowledgeCodeBase object at 0x7f976d93ab90>
2025-12-23 07:07:11,795 - Knowledge - INFO - persist ingested knowledge for /app/data/tataelxsimockapisolutions5451/3632/b9205aw/Online-Examination-System-3632/database-script/README.md
2025-12-23 07:07:12,085 - Knowledge - INFO - [MONGODB_OP] Completed: persist, Collection: file_info, Duration: 92ms
2025-12-23 07:07:12,468 - Knowledge - INFO - [REDIS_OP] Completed: store_embedding, Key: database-script/README.md, Duration: 228ms
2025-12-23 07:07:12,633 - Knowledge - INFO - persist search terms embedding for database-script/README.md
2025-12-23 07:07:12,830 - Knowledge - INFO - process ingested knowledge for /app/data/tataelxsimockapisolutions5451/3632/b9205aw/Online-Examination-System-3632/database-script/README.md
2025-12-23 07:07:13,017 - Knowledge - INFO - Found code-base-name: https://github.com/kavia-common/Online-Examination-System-3632.git:kavia-dev
2025-12-23 07:07:13,199 - Knowledge - INFO - Found code_base: <app.utils.kg_build.knowledge.KnowledgeCodeBase object at 0x7f976d93ab90>
2025-12-23 07:07:13,465 - Knowledge - INFO - Found code-base-name: https://github.com/kavia-common/Online-Examination-System-3632.git:kavia-dev
2025-12-23 07:07:13,660 - Knowledge - INFO - Found code_base: <app.utils.kg_build.knowledge.KnowledgeCodeBase object at 0x7f976d93ab90>
2025-12-23 07:07:13,824 - Knowledge - INFO - persist ingested knowledge for /app/data/tataelxsimockapisolutions5451/3632/b9205aw/Online-Examination-System-3632/OnlineExamSystem/DownloadPdf.aspx.designer.cs
2025-12-23 07:07:14,129 - Knowledge - INFO - [MONGODB_OP] Completed: persist, Collection: file_info, Duration: 109ms
2025-12-23 07:07:14,531 - Knowledge - INFO - [REDIS_OP] Completed: store_embedding, Key: OnlineExamSystem/DownloadPdf.aspx.designer.cs, Duration: 224ms
2025-12-23 07:07:14,700 - Knowledge - INFO - persist search terms embedding for OnlineExamSystem/DownloadPdf.aspx.designer.cs
2025-12-23 07:07:14,863 - Knowledge - INFO - process ingested knowledge for /app/data/tataelxsimockapisolutions5451/3632/b9205aw/Online-Examination-System-3632/OnlineExamSystem/DownloadPdf.aspx.designer.cs
2025-12-23 07:07:15,063 - Knowledge - INFO - Found code-base-name: https://github.com/kavia-common/Online-Examination-System-3632.git:kavia-dev
2025-12-23 07:07:15,261 - Knowledge - INFO - Found code_base: <app.utils.kg_build.knowledge.KnowledgeCodeBase object at 0x7f976d93ab90>
2025-12-23 07:07:15,546 - Knowledge - INFO - Found code-base-name: https://github.com/kavia-common/Online-Examination-System-3632.git:kavia-dev
2025-12-23 07:07:15,688 - Knowledge - INFO - Found code_base: <app.utils.kg_build.knowledge.KnowledgeCodeBase object at 0x7f976d93ab90>
2025-12-23 07:07:15,843 - Knowledge - INFO - persist ingested knowledge for /app/data/tataelxsimockapisolutions5451/3632/b9205aw/Online-Examination-System-3632/OnlineExamSystem/EditExam.aspx.cs
2025-12-23 07:07:16,152 - Knowledge - INFO - [MONGODB_OP] Completed: persist, Collection: file_info, Duration: 110ms
2025-12-23 07:07:16,608 - Knowledge - INFO - [REDIS_OP] Completed: store_embedding, Key: OnlineExamSystem/EditExam.aspx.cs, Duration: 276ms
2025-12-23 07:07:16,763 - Knowledge - INFO - persist search terms embedding for OnlineExamSystem/EditExam.aspx.cs
2025-12-23 07:07:16,924 - Knowledge - INFO - process ingested knowledge for /app/data/tataelxsimockapisolutions5451/3632/b9205aw/Online-Examination-System-3632/OnlineExamSystem/EditExam.aspx.cs
2025-12-23 07:07:17,130 - Knowledge - INFO - Found code-base-name: https://github.com/kavia-common/Online-Examination-System-3632.git:kavia-dev
2025-12-23 07:07:17,286 - Knowledge - INFO - Found code_base: <app.utils.kg_build.knowledge.KnowledgeCodeBase object at 0x7f976d93ab90>
2025-12-23 07:07:17,540 - Knowledge - INFO - Found code-base-name: https://github.com/kavia-common/Online-Examination-System-3632.git:kavia-dev
2025-12-23 07:07:17,723 - Knowledge - INFO - Found code_base: <app.utils.kg_build.knowledge.KnowledgeCodeBase object at 0x7f976d93ab90>
2025-12-23 07:07:17,872 - Knowledge - INFO - persist ingested knowledge for /app/data/tataelxsimockapisolutions5451/3632/b9205aw/Online-Examination-System-3632/OnlineExamSystem/EditTheory.aspx.cs
2025-12-23 07:07:18,114 - Knowledge - INFO - [MONGODB_OP] Completed: persist, Collection: file_info, Duration: 87ms
2025-12-23 07:07:18,551 - Knowledge - INFO - [REDIS_OP] Completed: store_embedding, Key: OnlineExamSystem/EditTheory.aspx.cs, Duration: 267ms
2025-12-23 07:07:18,728 - Knowledge - INFO - persist search terms embedding for OnlineExamSystem/EditTheory.aspx.cs
2025-12-23 07:07:18,977 - Knowledge - INFO - process ingested knowledge for /app/data/tataelxsimockapisolutions5451/3632/b9205aw/Online-Examination-System-3632/OnlineExamSystem/EditTheory.aspx.cs
2025-12-23 07:07:19,148 - Knowledge - INFO - Found code-base-name: https://github.com/kavia-common/Online-Examination-System-3632.git:kavia-dev
2025-12-23 07:07:19,323 - Knowledge - INFO - Found code_base: <app.utils.kg_build.knowledge.KnowledgeCodeBase object at 0x7f976d93ab90>
2025-12-23 07:07:19,588 - Knowledge - INFO - Found code-base-name: https://github.com/kavia-common/Online-Examination-System-3632.git:kavia-dev
2025-12-23 07:07:19,747 - Knowledge - INFO - Found code_base: <app.utils.kg_build.knowledge.KnowledgeCodeBase object at 0x7f976d93ab90>
2025-12-23 07:07:19,902 - Knowledge - INFO - persist ingested knowledge for /app/data/tataelxsimockapisolutions5451/3632/b9205aw/Online-Examination-System-3632/OnlineExamSystem/StartExam.aspx.cs
2025-12-23 07:07:20,132 - Knowledge - INFO - [MONGODB_OP] Completed: persist, Collection: file_info, Duration: 95ms
2025-12-23 07:07:20,712 - Knowledge - INFO - [REDIS_OP] Completed: store_embedding, Key: OnlineExamSystem/StartExam.aspx.cs, Duration: 437ms
2025-12-23 07:07:20,866 - Knowledge - INFO - persist search terms embedding for OnlineExamSystem/StartExam.aspx.cs
2025-12-23 07:07:21,080 - Knowledge - INFO - process ingested knowledge for /app/data/tataelxsimockapisolutions5451/3632/b9205aw/Online-Examination-System-3632/OnlineExamSystem/StartExam.aspx.cs
2025-12-23 07:07:21,267 - Knowledge - INFO - Found code-base-name: https://github.com/kavia-common/Online-Examination-System-3632.git:kavia-dev
2025-12-23 07:07:21,465 - Knowledge - INFO - Found code_base: <app.utils.kg_build.knowledge.KnowledgeCodeBase object at 0x7f976d93ab90>
2025-12-23 07:07:21,708 - Knowledge - INFO - Found code-base-name: https://github.com/kavia-common/Online-Examination-System-3632.git:kavia-dev
2025-12-23 07:07:21,868 - Knowledge - INFO - Found code_base: <app.utils.kg_build.knowledge.KnowledgeCodeBase object at 0x7f976d93ab90>
2025-12-23 07:07:22,072 - Knowledge - INFO - persist ingested knowledge for /app/data/tataelxsimockapisolutions5451/3632/b9205aw/Online-Examination-System-3632/OnlineExamSystem/AdminPanel.aspx.cs
2025-12-23 07:07:22,350 - Knowledge - INFO - [MONGODB_OP] Completed: persist, Collection: file_info, Duration: 98ms
2025-12-23 07:07:22,762 - Knowledge - INFO - [REDIS_OP] Completed: store_embedding, Key: OnlineExamSystem/AdminPanel.aspx.cs, Duration: 222ms
2025-12-23 07:07:22,909 - Knowledge - INFO - persist search terms embedding for OnlineExamSystem/AdminPanel.aspx.cs
2025-12-23 07:07:23,097 - Knowledge - INFO - process ingested knowledge for /app/data/tataelxsimockapisolutions5451/3632/b9205aw/Online-Examination-System-3632/OnlineExamSystem/AdminPanel.aspx.cs
2025-12-23 07:07:23,291 - Knowledge - INFO - Found code-base-name: https://github.com/kavia-common/Online-Examination-System-3632.git:kavia-dev
2025-12-23 07:07:23,465 - Knowledge - INFO - Found code_base: <app.utils.kg_build.knowledge.KnowledgeCodeBase object at 0x7f976d93ab90>
2025-12-23 07:07:23,682 - Knowledge - INFO - Found code-base-name: https://github.com/kavia-common/Online-Examination-System-3632.git:kavia-dev
2025-12-23 07:07:23,845 - Knowledge - INFO - Found code_base: <app.utils.kg_build.knowledge.KnowledgeCodeBase object at 0x7f976d93ab90>
2025-12-23 07:07:24,006 - Knowledge - INFO - persist ingested knowledge for /app/data/tataelxsimockapisolutions5451/3632/b9205aw/Online-Examination-System-3632/OnlineExamSystem/ExamResult.aspx.designer.cs
2025-12-23 07:07:24,285 - Knowledge - INFO - [MONGODB_OP] Completed: persist, Collection: file_info, Duration: 96ms
2025-12-23 07:07:24,722 - Knowledge - INFO - [REDIS_OP] Completed: store_embedding, Key: OnlineExamSystem/ExamResult.aspx.designer.cs, Duration: 278ms
2025-12-23 07:07:24,916 - Knowledge - INFO - persist search terms embedding for OnlineExamSystem/ExamResult.aspx.designer.cs
2025-12-23 07:07:25,081 - Knowledge - INFO - process ingested knowledge for /app/data/tataelxsimockapisolutions5451/3632/b9205aw/Online-Examination-System-3632/OnlineExamSystem/ExamResult.aspx.designer.cs
2025-12-23 07:07:25,239 - Knowledge - INFO - Found code-base-name: https://github.com/kavia-common/Online-Examination-System-3632.git:kavia-dev
2025-12-23 07:07:25,465 - Knowledge - INFO - Found code_base: <app.utils.kg_build.knowledge.KnowledgeCodeBase object at 0x7f976d93ab90>
2025-12-23 07:07:25,717 - Knowledge - INFO - Found code-base-name: https://github.com/kavia-common/Online-Examination-System-3632.git:kavia-dev
2025-12-23 07:07:25,910 - Knowledge - INFO - Found code_base: <app.utils.kg_build.knowledge.KnowledgeCodeBase object at 0x7f976d93ab90>
2025-12-23 07:07:26,068 - Knowledge - INFO - persist ingested knowledge for /app/data/tataelxsimockapisolutions5451/3632/b9205aw/Online-Examination-System-3632/OnlineExamSystem/LoginPage.aspx.designer.cs
2025-12-23 07:07:26,331 - Knowledge - INFO - [MONGODB_OP] Completed: persist, Collection: file_info, Duration: 107ms
2025-12-23 07:07:26,764 - Knowledge - INFO - [REDIS_OP] Completed: store_embedding, Key: OnlineExamSystem/LoginPage.aspx.designer.cs, Duration: 275ms
2025-12-23 07:07:26,953 - Knowledge - INFO - persist search terms embedding for OnlineExamSystem/LoginPage.aspx.designer.cs
2025-12-23 07:07:27,112 - Knowledge - INFO - process ingested knowledge for /app/data/tataelxsimockapisolutions5451/3632/b9205aw/Online-Examination-System-3632/OnlineExamSystem/LoginPage.aspx.designer.cs
2025-12-23 07:07:27,331 - Knowledge - INFO - Found code-base-name: https://github.com/kavia-common/Online-Examination-System-3632.git:kavia-dev
2025-12-23 07:07:27,502 - Knowledge - INFO - Found code_base: <app.utils.kg_build.knowledge.KnowledgeCodeBase object at 0x7f976d93ab90>
2025-12-23 07:07:27,783 - Knowledge - INFO - Found code-base-name: https://github.com/kavia-common/Online-Examination-System-3632.git:kavia-dev
2025-12-23 07:07:27,991 - Knowledge - INFO - Found code_base: <app.utils.kg_build.knowledge.KnowledgeCodeBase object at 0x7f976d93ab90>
2025-12-23 07:07:28,145 - Knowledge - INFO - persist ingested knowledge for /app/data/tataelxsimockapisolutions5451/3632/b9205aw/Online-Examination-System-3632/OnlineExamSystem/TheoryExam.aspx.designer.cs
2025-12-23 07:07:28,386 - Knowledge - INFO - [MONGODB_OP] Completed: persist, Collection: file_info, Duration: 90ms
2025-12-23 07:07:28,796 - Knowledge - INFO - [REDIS_OP] Completed: store_embedding, Key: OnlineExamSystem/TheoryExam.aspx.designer.cs, Duration: 230ms
2025-12-23 07:07:28,955 - Knowledge - INFO - persist search terms embedding for OnlineExamSystem/TheoryExam.aspx.designer.cs
2025-12-23 07:07:29,159 - Knowledge - INFO - process ingested knowledge for /app/data/tataelxsimockapisolutions5451/3632/b9205aw/Online-Examination-System-3632/OnlineExamSystem/TheoryExam.aspx.designer.cs
2025-12-23 07:07:29,309 - Knowledge - INFO - Found code-base-name: https://github.com/kavia-common/Online-Examination-System-3632.git:kavia-dev
2025-12-23 07:07:29,471 - Knowledge - INFO - Found code_base: <app.utils.kg_build.knowledge.KnowledgeCodeBase object at 0x7f976d93ab90>
2025-12-23 07:07:29,753 - Knowledge - INFO - Found code-base-name: https://github.com/kavia-common/Online-Examination-System-3632.git:kavia-dev
2025-12-23 07:07:29,952 - Knowledge - INFO - Found code_base: <app.utils.kg_build.knowledge.KnowledgeCodeBase object at 0x7f976d93ab90>
2025-12-23 07:07:30,144 - Knowledge - INFO - persist ingested knowledge for /app/data/tataelxsimockapisolutions5451/3632/b9205aw/Online-Examination-System-3632/OnlineExamSystem/Leaderboard.aspx.cs
2025-12-23 07:07:30,448 - Knowledge - INFO - [MONGODB_OP] Completed: persist, Collection: file_info, Duration: 97ms
2025-12-23 07:07:30,856 - Knowledge - INFO - [REDIS_OP] Completed: store_embedding, Key: OnlineExamSystem/Leaderboard.aspx.cs, Duration: 203ms
2025-12-23 07:07:31,021 - Knowledge - INFO - persist search terms embedding for OnlineExamSystem/Leaderboard.aspx.cs
2025-12-23 07:07:31,178 - Knowledge - INFO - process ingested knowledge for /app/data/tataelxsimockapisolutions5451/3632/b9205aw/Online-Examination-System-3632/OnlineExamSystem/Leaderboard.aspx.cs
2025-12-23 07:07:31,375 - Knowledge - INFO - Found code-base-name: https://github.com/kavia-common/Online-Examination-System-3632.git:kavia-dev
2025-12-23 07:07:31,564 - Knowledge - INFO - Found code_base: <app.utils.kg_build.knowledge.KnowledgeCodeBase object at 0x7f976d93ab90>
2025-12-23 07:07:31,840 - Knowledge - INFO - Found code-base-name: https://github.com/kavia-common/Online-Examination-System-3632.git:kavia-dev
2025-12-23 07:07:32,035 - Knowledge - INFO - Found code_base: <app.utils.kg_build.knowledge.KnowledgeCodeBase object at 0x7f976d93ab90>
2025-12-23 07:07:32,211 - Knowledge - INFO - persist ingested knowledge for /app/data/tataelxsimockapisolutions5451/3632/b9205aw/Online-Examination-System-3632/OnlineExamSystem/AdminQueue.aspx.designer.cs
2025-12-23 07:07:32,482 - Knowledge - INFO - [MONGODB_OP] Completed: persist, Collection: file_info, Duration: 112ms
2025-12-23 07:07:32,862 - Knowledge - INFO - [REDIS_OP] Completed: store_embedding, Key: OnlineExamSystem/AdminQueue.aspx.designer.cs, Duration: 227ms
2025-12-23 07:07:33,026 - Knowledge - INFO - persist search terms embedding for OnlineExamSystem/AdminQueue.aspx.designer.cs
2025-12-23 07:07:33,216 - Knowledge - INFO - process ingested knowledge for /app/data/tataelxsimockapisolutions5451/3632/b9205aw/Online-Examination-System-3632/OnlineExamSystem/AdminQueue.aspx.designer.cs
2025-12-23 07:07:33,409 - Knowledge - INFO - Found code-base-name: https://github.com/kavia-common/Online-Examination-System-3632.git:kavia-dev
2025-12-23 07:07:33,608 - Knowledge - INFO - Found code_base: <app.utils.kg_build.knowledge.KnowledgeCodeBase object at 0x7f976d93ab90>
2025-12-23 07:07:33,874 - Knowledge - INFO - Found code-base-name: https://github.com/kavia-common/Online-Examination-System-3632.git:kavia-dev
2025-12-23 07:07:34,052 - Knowledge - INFO - Found code_base: <app.utils.kg_build.knowledge.KnowledgeCodeBase object at 0x7f976d93ab90>
2025-12-23 07:07:34,223 - Knowledge - INFO - persist ingested knowledge for /app/data/tataelxsimockapisolutions5451/3632/b9205aw/Online-Examination-System-3632/OnlineExamSystem/AdminLeaderboard.aspx.designer.cs
2025-12-23 07:07:34,529 - Knowledge - INFO - [MONGODB_OP] Completed: persist, Collection: file_info, Duration: 108ms
2025-12-23 07:07:34,888 - Knowledge - INFO - [REDIS_OP] Completed: store_embedding, Key: OnlineExamSystem/AdminLeaderboard.aspx.designer.cs, Duration: 205ms
2025-12-23 07:07:35,058 - Knowledge - INFO - persist search terms embedding for OnlineExamSystem/AdminLeaderboard.aspx.designer.cs
2025-12-23 07:07:35,287 - Knowledge - INFO - process ingested knowledge for /app/data/tataelxsimockapisolutions5451/3632/b9205aw/Online-Examination-System-3632/OnlineExamSystem/AdminLeaderboard.aspx.designer.cs
2025-12-23 07:07:35,461 - Knowledge - INFO - Found code-base-name: https://github.com/kavia-common/Online-Examination-System-3632.git:kavia-dev
2025-12-23 07:07:35,658 - Knowledge - INFO - Found code_base: <app.utils.kg_build.knowledge.KnowledgeCodeBase object at 0x7f976d93ab90>
2025-12-23 07:07:35,890 - Knowledge - INFO - Found code-base-name: https://github.com/kavia-common/Online-Examination-System-3632.git:kavia-dev
2025-12-23 07:07:36,079 - Knowledge - INFO - Found code_base: <app.utils.kg_build.knowledge.KnowledgeCodeBase object at 0x7f976d93ab90>
2025-12-23 07:07:36,217 - Knowledge - INFO - persist ingested knowledge for /app/data/tataelxsimockapisolutions5451/3632/b9205aw/Online-Examination-System-3632/OnlineExamSystem/MCQSet.aspx.cs
2025-12-23 07:07:36,521 - Knowledge - INFO - [MONGODB_OP] Completed: persist, Collection: file_info, Duration: 102ms
2025-12-23 07:07:36,923 - Knowledge - INFO - [REDIS_OP] Completed: store_embedding, Key: OnlineExamSystem/MCQSet.aspx.cs, Duration: 243ms
2025-12-23 07:07:37,081 - Knowledge - INFO - persist search terms embedding for OnlineExamSystem/MCQSet.aspx.cs
2025-12-23 07:07:37,270 - Knowledge - INFO - process ingested knowledge for /app/data/tataelxsimockapisolutions5451/3632/b9205aw/Online-Examination-System-3632/OnlineExamSystem/MCQSet.aspx.cs
2025-12-23 07:07:37,434 - Knowledge - INFO - Loaded 50 files from persisted knowledge
2025-12-23 07:07:37,585 - Knowledge - INFO - load persisted knowledge: end
2025-12-23 07:07:37,749 - Knowledge - INFO - Redis support added with prefix knowledge:b9205aw:
2025-12-23 07:07:38,036 - Knowledge - INFO - Starting knowledge initialization for ID: t9buYu-b9205aw
2025-12-23 07:07:38,290 - Knowledge - INFO - 🔍 Checking Redis for build_id: b9205aw
2025-12-23 07:07:38,493 - Knowledge - INFO - 🔍 Full session ID: t9buYu-b9205aw
2025-12-23 07:07:38,674 - Knowledge - INFO - 🔍 Redis prefix will be: knowledge:b9205aw:
2025-12-23 07:07:38,846 - Knowledge - INFO - 🔍 Using attached load_from_redis() method
2025-12-23 07:07:39,055 - Knowledge - INFO - 🔍 Attempting to load knowledge from Redis...
2025-12-23 07:07:39,234 - Knowledge - INFO - 🔍 Using derived instance_id for Redis lookup: b9205aw
2025-12-23 07:07:39,431 - Knowledge - INFO - ✅ Redis cache found! Loading knowledge...
2025-12-23 07:07:39,664 - Knowledge - INFO - ✅ Successfully loaded from Redis: 50 files
2025-12-23 07:07:39,812 - Knowledge - INFO - ✅ Redis load complete: 50 files in 0.97s
2025-12-23 07:07:40,015 - Knowledge - INFO - ⚡ Total Redis path: 0.97s (vs ~300s from disk)
2025-12-23 07:07:40,209 - Knowledge - INFO - Saving knowledge to Redis...
2025-12-23 07:07:40,484 - Knowledge - INFO - Knowledge saved to Redis successfully
2025-12-23 07:11:16,946 - Knowledge - INFO - Created shared MongoDB connection pool
2025-12-23 07:11:17,293 - Knowledge - INFO - Starting Knowledge Graph processing with 20 threads
2025-12-23 07:11:17,470 - Knowledge - INFO - Initial configuration: chunk_size=65536, max_cache_size=500
2025-12-23 07:11:17,625 - Knowledge - INFO - Knowledge Graph concurrency configuration: workers=20, max_batch_size=10, max_concurrent_llm_calls=50
2025-12-23 07:11:18,688 - Knowledge - INFO - 🔍 _load_persisted_knowledge called - checking for Redis optimization
2025-12-23 07:11:18,882 - Knowledge - WARNING - ❌ load_from_redis method not found - Redis support not attached
2025-12-23 07:11:19,062 - Knowledge - INFO - load persisted knowledge: begin
2025-12-23 07:11:19,684 - Knowledge - INFO - Persisted knowledge files in /app/data/tataelxsimockapisolutions5451/3632/b9205aw/Online-Examination-System-3632/.knowledge have been renamed to use .json
2025-12-23 07:11:19,850 - Knowledge - INFO - Found code-base-name: https://github.com/kavia-common/Online-Examination-System-3632.git:kavia-dev
2025-12-23 07:11:20,014 - Knowledge - INFO - Found code_base: <app.utils.kg_build.knowledge.KnowledgeCodeBase object at 0x7feefb086e90>
2025-12-23 07:11:20,246 - Knowledge - INFO - process ingested knowledge for /app/data/tataelxsimockapisolutions5451/3632/b9205aw/Online-Examination-System-3632/OnlineExamSystem/Properties/AssemblyInfo.cs
2025-12-23 07:11:20,433 - Knowledge - INFO - Found code-base-name: https://github.com/kavia-common/Online-Examination-System-3632.git:kavia-dev
2025-12-23 07:11:20,641 - Knowledge - INFO - Found code_base: <app.utils.kg_build.knowledge.KnowledgeCodeBase object at 0x7feefb086e90>
2025-12-23 07:11:20,835 - Knowledge - INFO - process ingested knowledge for /app/data/tataelxsimockapisolutions5451/3632/b9205aw/Online-Examination-System-3632/OnlineExamSystem/AdminLeaderboard.aspx.cs
2025-12-23 07:11:21,010 - Knowledge - INFO - Found code-base-name: https://github.com/kavia-common/Online-Examination-System-3632.git:kavia-dev
2025-12-23 07:11:21,189 - Knowledge - INFO - Found code_base: <app.utils.kg_build.knowledge.KnowledgeCodeBase object at 0x7feefb086e90>
2025-12-23 07:11:21,352 - Knowledge - INFO - process ingested knowledge for /app/data/tataelxsimockapisolutions5451/3632/b9205aw/Online-Examination-System-3632/OnlineExamSystem/AdminCourseQueue.aspx.designer.cs
2025-12-23 07:11:21,570 - Knowledge - INFO - Found code-base-name: https://github.com/kavia-common/Online-Examination-System-3632.git:kavia-dev
2025-12-23 07:11:21,765 - Knowledge - INFO - Found code_base: <app.utils.kg_build.knowledge.KnowledgeCodeBase object at 0x7feefb086e90>
2025-12-23 07:11:21,951 - Knowledge - INFO - process ingested knowledge for /app/data/tataelxsimockapisolutions5451/3632/b9205aw/Online-Examination-System-3632/OnlineExamSystem/AdminQueue.aspx.cs
2025-12-23 07:11:22,114 - Knowledge - INFO - Found code-base-name: https://github.com/kavia-common/Online-Examination-System-3632.git:kavia-dev
2025-12-23 07:11:22,282 - Knowledge - INFO - Found code_base: <app.utils.kg_build.knowledge.KnowledgeCodeBase object at 0x7feefb086e90>
2025-12-23 07:11:22,446 - Knowledge - INFO - process ingested knowledge for /app/data/tataelxsimockapisolutions5451/3632/b9205aw/Online-Examination-System-3632/OnlineExamSystem/TheorySet.aspx.designer.cs
2025-12-23 07:11:22,693 - Knowledge - INFO - Found code-base-name: https://github.com/kavia-common/Online-Examination-System-3632.git:kavia-dev
2025-12-23 07:11:22,840 - Knowledge - INFO - Found code_base: <app.utils.kg_build.knowledge.KnowledgeCodeBase object at 0x7feefb086e90>
2025-12-23 07:11:23,033 - Knowledge - INFO - process ingested knowledge for /app/data/tataelxsimockapisolutions5451/3632/b9205aw/Online-Examination-System-3632/OnlineExamSystem/EditMCQ.aspx.designer.cs
2025-12-23 07:11:23,247 - Knowledge - INFO - Found code-base-name: https://github.com/kavia-common/Online-Examination-System-3632.git:kavia-dev
2025-12-23 07:11:23,398 - Knowledge - INFO - Found code_base: <app.utils.kg_build.knowledge.KnowledgeCodeBase object at 0x7feefb086e90>
2025-12-23 07:11:23,599 - Knowledge - INFO - process ingested knowledge for /app/data/tataelxsimockapisolutions5451/3632/b9205aw/Online-Examination-System-3632/OnlineExamSystem/LoginPage.aspx.cs
2025-12-23 07:11:23,772 - Knowledge - INFO - Found code-base-name: https://github.com/kavia-common/Online-Examination-System-3632.git:kavia-dev
2025-12-23 07:11:23,938 - Knowledge - INFO - Found code_base: <app.utils.kg_build.knowledge.KnowledgeCodeBase object at 0x7feefb086e90>
2025-12-23 07:11:24,136 - Knowledge - INFO - process ingested knowledge for /app/data/tataelxsimockapisolutions5451/3632/b9205aw/Online-Examination-System-3632/database-script/Online-Examination-System-Databse-Script.sql
2025-12-23 07:11:24,299 - Knowledge - INFO - Found code-base-name: https://github.com/kavia-common/Online-Examination-System-3632.git:kavia-dev
2025-12-23 07:11:24,506 - Knowledge - INFO - Found code_base: <app.utils.kg_build.knowledge.KnowledgeCodeBase object at 0x7feefb086e90>
2025-12-23 07:11:24,701 - Knowledge - INFO - process ingested knowledge for /app/data/tataelxsimockapisolutions5451/3632/b9205aw/Online-Examination-System-3632/OnlineExamSystem/TheoryExam.aspx.cs
2025-12-23 07:11:24,858 - Knowledge - INFO - Found code-base-name: https://github.com/kavia-common/Online-Examination-System-3632.git:kavia-dev
2025-12-23 07:11:25,040 - Knowledge - INFO - Found code_base: <app.utils.kg_build.knowledge.KnowledgeCodeBase object at 0x7feefb086e90>
2025-12-23 07:11:25,197 - Knowledge - INFO - process ingested knowledge for /app/data/tataelxsimockapisolutions5451/3632/b9205aw/Online-Examination-System-3632/OnlineExamSystem/TakenCourses.aspx.designer.cs
2025-12-23 07:11:25,390 - Knowledge - INFO - Found code-base-name: https://github.com/kavia-common/Online-Examination-System-3632.git:kavia-dev
2025-12-23 07:11:25,589 - Knowledge - INFO - Found code_base: <app.utils.kg_build.knowledge.KnowledgeCodeBase object at 0x7feefb086e90>
2025-12-23 07:11:25,764 - Knowledge - INFO - process ingested knowledge for /app/data/tataelxsimockapisolutions5451/3632/b9205aw/Online-Examination-System-3632/OnlineExamSystem/SetExam.aspx.designer.cs
2025-12-23 07:11:25,928 - Knowledge - INFO - Found code-base-name: https://github.com/kavia-common/Online-Examination-System-3632.git:kavia-dev
2025-12-23 07:11:26,085 - Knowledge - INFO - Found code_base: <app.utils.kg_build.knowledge.KnowledgeCodeBase object at 0x7feefb086e90>
2025-12-23 07:11:26,279 - Knowledge - INFO - process ingested knowledge for /app/data/tataelxsimockapisolutions5451/3632/b9205aw/Online-Examination-System-3632/OnlineExamSystem/ShowAns.aspx.designer.cs
2025-12-23 07:11:26,459 - Knowledge - INFO - Found code-base-name: https://github.com/kavia-common/Online-Examination-System-3632.git:kavia-dev
2025-12-23 07:11:26,655 - Knowledge - INFO - Found code_base: <app.utils.kg_build.knowledge.KnowledgeCodeBase object at 0x7feefb086e90>
2025-12-23 07:11:26,804 - Knowledge - INFO - process ingested knowledge for /app/data/tataelxsimockapisolutions5451/3632/b9205aw/Online-Examination-System-3632/OnlineExamSystem/SignUpPage.aspx.designer.cs
2025-12-23 07:11:26,999 - Knowledge - INFO - Found code-base-name: https://github.com/kavia-common/Online-Examination-System-3632.git:kavia-dev
2025-12-23 07:11:27,184 - Knowledge - INFO - Found code_base: <app.utils.kg_build.knowledge.KnowledgeCodeBase object at 0x7feefb086e90>
2025-12-23 07:11:27,360 - Knowledge - INFO - process ingested knowledge for /app/data/tataelxsimockapisolutions5451/3632/b9205aw/Online-Examination-System-3632/OnlineExamSystem/DownloadPdf.aspx.cs
2025-12-23 07:11:27,539 - Knowledge - INFO - Found code-base-name: https://github.com/kavia-common/Online-Examination-System-3632.git:kavia-dev
2025-12-23 07:11:27,747 - Knowledge - INFO - Found code_base: <app.utils.kg_build.knowledge.KnowledgeCodeBase object at 0x7feefb086e90>
2025-12-23 07:11:27,922 - Knowledge - INFO - process ingested knowledge for /app/data/tataelxsimockapisolutions5451/3632/b9205aw/Online-Examination-System-3632/OnlineExamSystem/ExamResult.aspx.cs
2025-12-23 07:11:28,120 - Knowledge - INFO - Found code-base-name: https://github.com/kavia-common/Online-Examination-System-3632.git:kavia-dev
2025-12-23 07:11:28,312 - Knowledge - INFO - Found code_base: <app.utils.kg_build.knowledge.KnowledgeCodeBase object at 0x7feefb086e90>
2025-12-23 07:11:28,555 - Knowledge - INFO - process ingested knowledge for /app/data/tataelxsimockapisolutions5451/3632/b9205aw/Online-Examination-System-3632/OnlineExamSystem/EditTheory.aspx.designer.cs
2025-12-23 07:11:28,756 - Knowledge - INFO - Found code-base-name: https://github.com/kavia-common/Online-Examination-System-3632.git:kavia-dev
2025-12-23 07:11:28,912 - Knowledge - INFO - Found code_base: <app.utils.kg_build.knowledge.KnowledgeCodeBase object at 0x7feefb086e90>
2025-12-23 07:11:29,080 - Knowledge - INFO - process ingested knowledge for /app/data/tataelxsimockapisolutions5451/3632/b9205aw/Online-Examination-System-3632/OnlineExamSystem/EditExam.aspx.designer.cs
2025-12-23 07:11:29,236 - Knowledge - INFO - Found code-base-name: https://github.com/kavia-common/Online-Examination-System-3632.git:kavia-dev
2025-12-23 07:11:29,450 - Knowledge - INFO - Found code_base: <app.utils.kg_build.knowledge.KnowledgeCodeBase object at 0x7feefb086e90>
2025-12-23 07:11:29,612 - Knowledge - INFO - process ingested knowledge for /app/data/tataelxsimockapisolutions5451/3632/b9205aw/Online-Examination-System-3632/OnlineExamSystem/UserProfile.aspx.cs
2025-12-23 07:11:29,772 - Knowledge - INFO - Found code-base-name: https://github.com/kavia-common/Online-Examination-System-3632.git:kavia-dev
2025-12-23 07:11:29,972 - Knowledge - INFO - Found code_base: <app.utils.kg_build.knowledge.KnowledgeCodeBase object at 0x7feefb086e90>
2025-12-23 07:11:30,175 - Knowledge - INFO - process ingested knowledge for /app/data/tataelxsimockapisolutions5451/3632/b9205aw/Online-Examination-System-3632/OnlineExamSystem/Dashboard.aspx.cs
2025-12-23 07:11:30,427 - Knowledge - INFO - Found code-base-name: https://github.com/kavia-common/Online-Examination-System-3632.git:kavia-dev
2025-12-23 07:11:30,624 - Knowledge - INFO - Found code_base: <app.utils.kg_build.knowledge.KnowledgeCodeBase object at 0x7feefb086e90>
2025-12-23 07:11:30,799 - Knowledge - INFO - process ingested knowledge for /app/data/tataelxsimockapisolutions5451/3632/b9205aw/Online-Examination-System-3632/OnlineExamSystem/StartExam.aspx.designer.cs
2025-12-23 07:11:30,972 - Knowledge - INFO - Found code-base-name: https://github.com/kavia-common/Online-Examination-System-3632.git:kavia-dev
2025-12-23 07:11:31,161 - Knowledge - INFO - Found code_base: <app.utils.kg_build.knowledge.KnowledgeCodeBase object at 0x7feefb086e90>
2025-12-23 07:11:31,346 - Knowledge - INFO - process ingested knowledge for /app/data/tataelxsimockapisolutions5451/3632/b9205aw/Online-Examination-System-3632/OnlineExamSystem/AdminPanel.aspx.designer.cs
2025-12-23 07:11:31,539 - Knowledge - INFO - Found code-base-name: https://github.com/kavia-common/Online-Examination-System-3632.git:kavia-dev
2025-12-23 07:11:31,778 - Knowledge - INFO - Found code_base: <app.utils.kg_build.knowledge.KnowledgeCodeBase object at 0x7feefb086e90>
2025-12-23 07:11:31,977 - Knowledge - INFO - process ingested knowledge for /app/data/tataelxsimockapisolutions5451/3632/b9205aw/Online-Examination-System-3632/packages/Microsoft.CodeDom.Providers.DotNetCompilerPlatform.1.0.0/lib/net45/Microsoft.CodeDom.Providers.DotNetCompilerPlatform.xml
2025-12-23 07:11:32,165 - Knowledge - INFO - Found code-base-name: https://github.com/kavia-common/Online-Examination-System-3632.git:kavia-dev
2025-12-23 07:11:32,356 - Knowledge - INFO - Found code_base: <app.utils.kg_build.knowledge.KnowledgeCodeBase object at 0x7feefb086e90>
2025-12-23 07:11:32,563 - Knowledge - INFO - process ingested knowledge for /app/data/tataelxsimockapisolutions5451/3632/b9205aw/Online-Examination-System-3632/OnlineExamSystem/Leaderboard.aspx.designer.cs
2025-12-23 07:11:32,734 - Knowledge - INFO - Found code-base-name: https://github.com/kavia-common/Online-Examination-System-3632.git:kavia-dev
2025-12-23 07:11:32,910 - Knowledge - INFO - Found code_base: <app.utils.kg_build.knowledge.KnowledgeCodeBase object at 0x7feefb086e90>
2025-12-23 07:11:33,117 - Knowledge - INFO - process ingested knowledge for /app/data/tataelxsimockapisolutions5451/3632/b9205aw/Online-Examination-System-3632/OnlineExamSystem/MCQSet.aspx.designer.cs
2025-12-23 07:11:33,298 - Knowledge - INFO - Found code-base-name: https://github.com/kavia-common/Online-Examination-System-3632.git:kavia-dev
2025-12-23 07:11:33,475 - Knowledge - INFO - Found code_base: <app.utils.kg_build.knowledge.KnowledgeCodeBase object at 0x7feefb086e90>
2025-12-23 07:11:33,676 - Knowledge - INFO - process ingested knowledge for /app/data/tataelxsimockapisolutions5451/3632/b9205aw/Online-Examination-System-3632/OnlineExamSystem/MCQExam.aspx.cs
2025-12-23 07:11:33,860 - Knowledge - INFO - Found code-base-name: https://github.com/kavia-common/Online-Examination-System-3632.git:kavia-dev
2025-12-23 07:11:34,061 - Knowledge - INFO - Found code_base: <app.utils.kg_build.knowledge.KnowledgeCodeBase object at 0x7feefb086e90>
2025-12-23 07:11:34,303 - Knowledge - INFO - process ingested knowledge for /app/data/tataelxsimockapisolutions5451/3632/b9205aw/Online-Examination-System-3632/OnlineExamSystem/AdminCourseQueue.aspx.cs
2025-12-23 07:11:34,536 - Knowledge - INFO - Found code-base-name: https://github.com/kavia-common/Online-Examination-System-3632.git:kavia-dev
2025-12-23 07:11:34,728 - Knowledge - INFO - Found code_base: <app.utils.kg_build.knowledge.KnowledgeCodeBase object at 0x7feefb086e90>
2025-12-23 07:11:34,905 - Knowledge - INFO - process ingested knowledge for /app/data/tataelxsimockapisolutions5451/3632/b9205aw/Online-Examination-System-3632/OnlineExamSystem/CSS/bootstrap.css
2025-12-23 07:11:35,075 - Knowledge - INFO - Found code-base-name: https://github.com/kavia-common/Online-Examination-System-3632.git:kavia-dev
2025-12-23 07:11:35,247 - Knowledge - INFO - Found code_base: <app.utils.kg_build.knowledge.KnowledgeCodeBase object at 0x7feefb086e90>
2025-12-23 07:11:35,419 - Knowledge - INFO - process ingested knowledge for /app/data/tataelxsimockapisolutions5451/3632/b9205aw/Online-Examination-System-3632/OnlineExamSystem/UserProfile.aspx.designer.cs
2025-12-23 07:11:35,644 - Knowledge - INFO - Found code-base-name: https://github.com/kavia-common/Online-Examination-System-3632.git:kavia-dev
2025-12-23 07:11:35,885 - Knowledge - INFO - Found code_base: <app.utils.kg_build.knowledge.KnowledgeCodeBase object at 0x7feefb086e90>
2025-12-23 07:11:36,082 - Knowledge - INFO - process ingested knowledge for /app/data/tataelxsimockapisolutions5451/3632/b9205aw/Online-Examination-System-3632/OnlineExamSystem/Dashboard.aspx.designer.cs
2025-12-23 07:11:36,279 - Knowledge - INFO - Found code-base-name: https://github.com/kavia-common/Online-Examination-System-3632.git:kavia-dev
2025-12-23 07:11:36,436 - Knowledge - INFO - Found code_base: <app.utils.kg_build.knowledge.KnowledgeCodeBase object at 0x7feefb086e90>
2025-12-23 07:11:36,616 - Knowledge - INFO - process ingested knowledge for /app/data/tataelxsimockapisolutions5451/3632/b9205aw/Online-Examination-System-3632/OnlineExamSystem/TakenCourses.aspx.cs
2025-12-23 07:11:36,810 - Knowledge - INFO - Found code-base-name: https://github.com/kavia-common/Online-Examination-System-3632.git:kavia-dev
2025-12-23 07:11:36,987 - Knowledge - INFO - Found code_base: <app.utils.kg_build.knowledge.KnowledgeCodeBase object at 0x7feefb086e90>
2025-12-23 07:11:37,171 - Knowledge - INFO - process ingested knowledge for /app/data/tataelxsimockapisolutions5451/3632/b9205aw/Online-Examination-System-3632/OnlineExamSystem/SetExam.aspx.cs
2025-12-23 07:11:37,340 - Knowledge - INFO - Found code-base-name: https://github.com/kavia-common/Online-Examination-System-3632.git:kavia-dev
2025-12-23 07:11:37,512 - Knowledge - INFO - Found code_base: <app.utils.kg_build.knowledge.KnowledgeCodeBase object at 0x7feefb086e90>
2025-12-23 07:11:37,676 - Knowledge - INFO - process ingested knowledge for /app/data/tataelxsimockapisolutions5451/3632/b9205aw/Online-Examination-System-3632/OnlineExamSystem/EditMCQ.aspx.cs
2025-12-23 07:11:37,894 - Knowledge - INFO - Found code-base-name: https://github.com/kavia-common/Online-Examination-System-3632.git:kavia-dev
2025-12-23 07:11:38,076 - Knowledge - INFO - Found code_base: <app.utils.kg_build.knowledge.KnowledgeCodeBase object at 0x7feefb086e90>
2025-12-23 07:11:38,279 - Knowledge - INFO - process ingested knowledge for /app/data/tataelxsimockapisolutions5451/3632/b9205aw/Online-Examination-System-3632/OnlineExamSystem/TheorySet.aspx.cs
2025-12-23 07:11:38,442 - Knowledge - INFO - Found code-base-name: https://github.com/kavia-common/Online-Examination-System-3632.git:kavia-dev
2025-12-23 07:11:38,606 - Knowledge - INFO - Found code_base: <app.utils.kg_build.knowledge.KnowledgeCodeBase object at 0x7feefb086e90>
2025-12-23 07:11:38,783 - Knowledge - INFO - process ingested knowledge for /app/data/tataelxsimockapisolutions5451/3632/b9205aw/Online-Examination-System-3632/OnlineExamSystem/ShowAns.aspx.cs
2025-12-23 07:11:38,983 - Knowledge - INFO - Found code-base-name: https://github.com/kavia-common/Online-Examination-System-3632.git:kavia-dev
2025-12-23 07:11:39,182 - Knowledge - INFO - Found code_base: <app.utils.kg_build.knowledge.KnowledgeCodeBase object at 0x7feefb086e90>
2025-12-23 07:11:39,374 - Knowledge - INFO - process ingested knowledge for /app/data/tataelxsimockapisolutions5451/3632/b9205aw/Online-Examination-System-3632/OnlineExamSystem/SignUpPage.aspx.cs
2025-12-23 07:11:39,569 - Knowledge - INFO - Found code-base-name: https://github.com/kavia-common/Online-Examination-System-3632.git:kavia-dev
2025-12-23 07:11:39,769 - Knowledge - INFO - Found code_base: <app.utils.kg_build.knowledge.KnowledgeCodeBase object at 0x7feefb086e90>
2025-12-23 07:11:39,976 - Knowledge - INFO - process ingested knowledge for /app/data/tataelxsimockapisolutions5451/3632/b9205aw/Online-Examination-System-3632/README.md
2025-12-23 07:11:40,166 - Knowledge - INFO - Found code-base-name: https://github.com/kavia-common/Online-Examination-System-3632.git:kavia-dev
2025-12-23 07:11:40,343 - Knowledge - INFO - Found code_base: <app.utils.kg_build.knowledge.KnowledgeCodeBase object at 0x7feefb086e90>
2025-12-23 07:11:40,543 - Knowledge - INFO - process ingested knowledge for /app/data/tataelxsimockapisolutions5451/3632/b9205aw/Online-Examination-System-3632/OnlineExamSystem/MCQExam.aspx.designer.cs
2025-12-23 07:11:40,720 - Knowledge - INFO - Found code-base-name: https://github.com/kavia-common/Online-Examination-System-3632.git:kavia-dev
2025-12-23 07:11:40,891 - Knowledge - INFO - Found code_base: <app.utils.kg_build.knowledge.KnowledgeCodeBase object at 0x7feefb086e90>
2025-12-23 07:11:41,068 - Knowledge - INFO - process ingested knowledge for /app/data/tataelxsimockapisolutions5451/3632/b9205aw/Online-Examination-System-3632/database-script/README.md
2025-12-23 07:11:41,246 - Knowledge - INFO - Found code-base-name: https://github.com/kavia-common/Online-Examination-System-3632.git:kavia-dev
2025-12-23 07:11:41,411 - Knowledge - INFO - Found code_base: <app.utils.kg_build.knowledge.KnowledgeCodeBase object at 0x7feefb086e90>
2025-12-23 07:11:41,605 - Knowledge - INFO - process ingested knowledge for /app/data/tataelxsimockapisolutions5451/3632/b9205aw/Online-Examination-System-3632/OnlineExamSystem/DownloadPdf.aspx.designer.cs
2025-12-23 07:11:41,769 - Knowledge - INFO - Found code-base-name: https://github.com/kavia-common/Online-Examination-System-3632.git:kavia-dev
2025-12-23 07:11:41,954 - Knowledge - INFO - Found code_base: <app.utils.kg_build.knowledge.KnowledgeCodeBase object at 0x7feefb086e90>
2025-12-23 07:11:42,132 - Knowledge - INFO - process ingested knowledge for /app/data/tataelxsimockapisolutions5451/3632/b9205aw/Online-Examination-System-3632/OnlineExamSystem/EditExam.aspx.cs
2025-12-23 07:11:42,410 - Knowledge - INFO - Found code-base-name: https://github.com/kavia-common/Online-Examination-System-3632.git:kavia-dev
2025-12-23 07:11:42,594 - Knowledge - INFO - Found code_base: <app.utils.kg_build.knowledge.KnowledgeCodeBase object at 0x7feefb086e90>
2025-12-23 07:11:42,757 - Knowledge - INFO - process ingested knowledge for /app/data/tataelxsimockapisolutions5451/3632/b9205aw/Online-Examination-System-3632/OnlineExamSystem/EditTheory.aspx.cs
2025-12-23 07:11:42,966 - Knowledge - INFO - Found code-base-name: https://github.com/kavia-common/Online-Examination-System-3632.git:kavia-dev
2025-12-23 07:11:43,157 - Knowledge - INFO - Found code_base: <app.utils.kg_build.knowledge.KnowledgeCodeBase object at 0x7feefb086e90>
2025-12-23 07:11:43,348 - Knowledge - INFO - process ingested knowledge for /app/data/tataelxsimockapisolutions5451/3632/b9205aw/Online-Examination-System-3632/OnlineExamSystem/StartExam.aspx.cs
2025-12-23 07:11:43,512 - Knowledge - INFO - Found code-base-name: https://github.com/kavia-common/Online-Examination-System-3632.git:kavia-dev
2025-12-23 07:11:43,713 - Knowledge - INFO - Found code_base: <app.utils.kg_build.knowledge.KnowledgeCodeBase object at 0x7feefb086e90>
2025-12-23 07:11:43,925 - Knowledge - INFO - process ingested knowledge for /app/data/tataelxsimockapisolutions5451/3632/b9205aw/Online-Examination-System-3632/OnlineExamSystem/AdminPanel.aspx.cs
2025-12-23 07:11:44,118 - Knowledge - INFO - Found code-base-name: https://github.com/kavia-common/Online-Examination-System-3632.git:kavia-dev
2025-12-23 07:11:44,285 - Knowledge - INFO - Found code_base: <app.utils.kg_build.knowledge.KnowledgeCodeBase object at 0x7feefb086e90>
2025-12-23 07:11:44,468 - Knowledge - INFO - process ingested knowledge for /app/data/tataelxsimockapisolutions5451/3632/b9205aw/Online-Examination-System-3632/OnlineExamSystem/ExamResult.aspx.designer.cs
2025-12-23 07:11:44,668 - Knowledge - INFO - Found code-base-name: https://github.com/kavia-common/Online-Examination-System-3632.git:kavia-dev
2025-12-23 07:11:44,870 - Knowledge - INFO - Found code_base: <app.utils.kg_build.knowledge.KnowledgeCodeBase object at 0x7feefb086e90>
2025-12-23 07:11:45,053 - Knowledge - INFO - process ingested knowledge for /app/data/tataelxsimockapisolutions5451/3632/b9205aw/Online-Examination-System-3632/OnlineExamSystem/LoginPage.aspx.designer.cs
2025-12-23 07:11:45,234 - Knowledge - INFO - Found code-base-name: https://github.com/kavia-common/Online-Examination-System-3632.git:kavia-dev
2025-12-23 07:11:45,413 - Knowledge - INFO - Found code_base: <app.utils.kg_build.knowledge.KnowledgeCodeBase object at 0x7feefb086e90>
2025-12-23 07:11:45,623 - Knowledge - INFO - process ingested knowledge for /app/data/tataelxsimockapisolutions5451/3632/b9205aw/Online-Examination-System-3632/OnlineExamSystem/TheoryExam.aspx.designer.cs
2025-12-23 07:11:45,824 - Knowledge - INFO - Found code-base-name: https://github.com/kavia-common/Online-Examination-System-3632.git:kavia-dev
2025-12-23 07:11:46,045 - Knowledge - INFO - Found code_base: <app.utils.kg_build.knowledge.KnowledgeCodeBase object at 0x7feefb086e90>
2025-12-23 07:11:46,212 - Knowledge - INFO - process ingested knowledge for /app/data/tataelxsimockapisolutions5451/3632/b9205aw/Online-Examination-System-3632/OnlineExamSystem/Leaderboard.aspx.cs
2025-12-23 07:11:46,393 - Knowledge - INFO - Found code-base-name: https://github.com/kavia-common/Online-Examination-System-3632.git:kavia-dev
2025-12-23 07:11:46,578 - Knowledge - INFO - Found code_base: <app.utils.kg_build.knowledge.KnowledgeCodeBase object at 0x7feefb086e90>
2025-12-23 07:11:46,755 - Knowledge - INFO - process ingested knowledge for /app/data/tataelxsimockapisolutions5451/3632/b9205aw/Online-Examination-System-3632/OnlineExamSystem/AdminQueue.aspx.designer.cs
2025-12-23 07:11:46,930 - Knowledge - INFO - Found code-base-name: https://github.com/kavia-common/Online-Examination-System-3632.git:kavia-dev
2025-12-23 07:11:47,131 - Knowledge - INFO - Found code_base: <app.utils.kg_build.knowledge.KnowledgeCodeBase object at 0x7feefb086e90>
2025-12-23 07:11:47,320 - Knowledge - INFO - process ingested knowledge for /app/data/tataelxsimockapisolutions5451/3632/b9205aw/Online-Examination-System-3632/OnlineExamSystem/AdminLeaderboard.aspx.designer.cs
2025-12-23 07:11:47,489 - Knowledge - INFO - Found code-base-name: https://github.com/kavia-common/Online-Examination-System-3632.git:kavia-dev
2025-12-23 07:11:47,685 - Knowledge - INFO - Found code_base: <app.utils.kg_build.knowledge.KnowledgeCodeBase object at 0x7feefb086e90>
2025-12-23 07:11:47,865 - Knowledge - INFO - process ingested knowledge for /app/data/tataelxsimockapisolutions5451/3632/b9205aw/Online-Examination-System-3632/OnlineExamSystem/MCQSet.aspx.cs
2025-12-23 07:11:48,083 - Knowledge - INFO - Loaded 50 files from persisted knowledge
2025-12-23 07:11:48,247 - Knowledge - INFO - load persisted knowledge: end
2025-12-23 07:11:48,447 - Knowledge - INFO - Redis support added with prefix knowledge:b9205aw:
2025-12-23 07:11:48,786 - Knowledge - INFO - Starting knowledge initialization for ID: DzN4LN-b9205aw
2025-12-23 07:11:48,942 - Knowledge - INFO - 🔍 Checking Redis for build_id: b9205aw
2025-12-23 07:11:49,177 - Knowledge - INFO - 🔍 Full session ID: DzN4LN-b9205aw
2025-12-23 07:11:49,366 - Knowledge - INFO - 🔍 Redis prefix will be: knowledge:b9205aw:
2025-12-23 07:11:49,596 - Knowledge - INFO - 🔍 Using attached load_from_redis() method
2025-12-23 07:11:49,757 - Knowledge - INFO - 🔍 Attempting to load knowledge from Redis...
2025-12-23 07:11:49,977 - Knowledge - INFO - 🔍 Using derived instance_id for Redis lookup: b9205aw
2025-12-23 07:11:50,143 - Knowledge - INFO - ✅ Redis cache found! Loading knowledge...
2025-12-23 07:11:50,323 - Knowledge - INFO - ✅ Successfully loaded from Redis: 50 files
2025-12-23 07:11:50,519 - Knowledge - INFO - ✅ Redis load complete: 50 files in 0.92s
2025-12-23 07:11:50,710 - Knowledge - INFO - ⚡ Total Redis path: 0.92s (vs ~300s from disk)
2025-12-23 07:11:50,895 - Knowledge - INFO - Saving knowledge to Redis...
2025-12-23 07:11:51,089 - Knowledge - INFO - Knowledge saved to Redis successfully
2025-12-24 04:48:35,919 - Knowledge - INFO - Created shared MongoDB connection pool
2025-12-24 04:48:36,238 - Knowledge - INFO - Starting Knowledge Graph processing with 20 threads
2025-12-24 04:48:36,408 - Knowledge - INFO - Initial configuration: chunk_size=65536, max_cache_size=500
2025-12-24 04:48:36,588 - Knowledge - INFO - Knowledge Graph concurrency configuration: workers=20, max_batch_size=10, max_concurrent_llm_calls=50
2025-12-24 04:48:37,662 - Knowledge - INFO - 🔍 _load_persisted_knowledge called - checking for Redis optimization
2025-12-24 04:48:37,835 - Knowledge - WARNING - ❌ load_from_redis method not found - Redis support not attached
2025-12-24 04:48:38,049 - Knowledge - INFO - load persisted knowledge: begin
2025-12-24 04:48:38,263 - Knowledge - INFO - Found code-base-name: https://github.com/kavia-common/Online-Examination-System-3632.git:kavia-dev
2025-12-24 04:48:38,454 - Knowledge - INFO - Found code_base: <app.utils.kg_build.knowledge.KnowledgeCodeBase object at 0x7f9001e0f990>
2025-12-24 04:48:38,642 - Knowledge - INFO - process ingested knowledge for /app/data/tataelxsimockapisolutions5451/3632/b9205aw/Online-Examination-System-3632/OnlineExamSystem/Properties/AssemblyInfo.cs
2025-12-24 04:48:38,875 - Knowledge - INFO - Found code-base-name: https://github.com/kavia-common/Online-Examination-System-3632.git:kavia-dev
2025-12-24 04:48:39,118 - Knowledge - INFO - Found code_base: <app.utils.kg_build.knowledge.KnowledgeCodeBase object at 0x7f9001e0f990>
2025-12-24 04:48:39,315 - Knowledge - INFO - process ingested knowledge for /app/data/tataelxsimockapisolutions5451/3632/b9205aw/Online-Examination-System-3632/OnlineExamSystem/AdminLeaderboard.aspx.cs
2025-12-24 04:48:39,525 - Knowledge - INFO - Found code-base-name: https://github.com/kavia-common/Online-Examination-System-3632.git:kavia-dev
2025-12-24 04:48:39,729 - Knowledge - INFO - Found code_base: <app.utils.kg_build.knowledge.KnowledgeCodeBase object at 0x7f9001e0f990>
2025-12-24 04:48:39,904 - Knowledge - INFO - process ingested knowledge for /app/data/tataelxsimockapisolutions5451/3632/b9205aw/Online-Examination-System-3632/OnlineExamSystem/AdminCourseQueue.aspx.designer.cs
2025-12-24 04:48:40,120 - Knowledge - INFO - Found code-base-name: https://github.com/kavia-common/Online-Examination-System-3632.git:kavia-dev
2025-12-24 04:48:40,313 - Knowledge - INFO - Found code_base: <app.utils.kg_build.knowledge.KnowledgeCodeBase object at 0x7f9001e0f990>
2025-12-24 04:48:40,501 - Knowledge - INFO - process ingested knowledge for /app/data/tataelxsimockapisolutions5451/3632/b9205aw/Online-Examination-System-3632/OnlineExamSystem/AdminQueue.aspx.cs
2025-12-24 04:48:40,716 - Knowledge - INFO - Found code-base-name: https://github.com/kavia-common/Online-Examination-System-3632.git:kavia-dev
2025-12-24 04:48:40,895 - Knowledge - INFO - Found code_base: <app.utils.kg_build.knowledge.KnowledgeCodeBase object at 0x7f9001e0f990>
2025-12-24 04:48:41,091 - Knowledge - INFO - process ingested knowledge for /app/data/tataelxsimockapisolutions5451/3632/b9205aw/Online-Examination-System-3632/OnlineExamSystem/TheorySet.aspx.designer.cs
2025-12-24 04:48:41,303 - Knowledge - INFO - Found code-base-name: https://github.com/kavia-common/Online-Examination-System-3632.git:kavia-dev
2025-12-24 04:48:41,477 - Knowledge - INFO - Found code_base: <app.utils.kg_build.knowledge.KnowledgeCodeBase object at 0x7f9001e0f990>
2025-12-24 04:48:41,663 - Knowledge - INFO - process ingested knowledge for /app/data/tataelxsimockapisolutions5451/3632/b9205aw/Online-Examination-System-3632/OnlineExamSystem/EditMCQ.aspx.designer.cs
2025-12-24 04:48:41,839 - Knowledge - INFO - Found code-base-name: https://github.com/kavia-common/Online-Examination-System-3632.git:kavia-dev
2025-12-24 04:48:42,035 - Knowledge - INFO - Found code_base: <app.utils.kg_build.knowledge.KnowledgeCodeBase object at 0x7f9001e0f990>
2025-12-24 04:48:42,191 - Knowledge - INFO - process ingested knowledge for /app/data/tataelxsimockapisolutions5451/3632/b9205aw/Online-Examination-System-3632/OnlineExamSystem/LoginPage.aspx.cs
2025-12-24 04:48:42,419 - Knowledge - INFO - Found code-base-name: https://github.com/kavia-common/Online-Examination-System-3632.git:kavia-dev
2025-12-24 04:48:42,628 - Knowledge - INFO - Found code_base: <app.utils.kg_build.knowledge.KnowledgeCodeBase object at 0x7f9001e0f990>
2025-12-24 04:48:42,807 - Knowledge - INFO - process ingested knowledge for /app/data/tataelxsimockapisolutions5451/3632/b9205aw/Online-Examination-System-3632/database-script/Online-Examination-System-Databse-Script.sql
2025-12-24 04:48:43,014 - Knowledge - INFO - Found code-base-name: https://github.com/kavia-common/Online-Examination-System-3632.git:kavia-dev
2025-12-24 04:48:43,194 - Knowledge - INFO - Found code_base: <app.utils.kg_build.knowledge.KnowledgeCodeBase object at 0x7f9001e0f990>
2025-12-24 04:48:43,365 - Knowledge - INFO - process ingested knowledge for /app/data/tataelxsimockapisolutions5451/3632/b9205aw/Online-Examination-System-3632/OnlineExamSystem/TheoryExam.aspx.cs
2025-12-24 04:48:43,533 - Knowledge - INFO - Found code-base-name: https://github.com/kavia-common/Online-Examination-System-3632.git:kavia-dev
2025-12-24 04:48:43,745 - Knowledge - INFO - Found code_base: <app.utils.kg_build.knowledge.KnowledgeCodeBase object at 0x7f9001e0f990>
2025-12-24 04:48:43,906 - Knowledge - INFO - process ingested knowledge for /app/data/tataelxsimockapisolutions5451/3632/b9205aw/Online-Examination-System-3632/OnlineExamSystem/TakenCourses.aspx.designer.cs
2025-12-24 04:48:44,114 - Knowledge - INFO - Found code-base-name: https://github.com/kavia-common/Online-Examination-System-3632.git:kavia-dev
2025-12-24 04:48:44,281 - Knowledge - INFO - Found code_base: <app.utils.kg_build.knowledge.KnowledgeCodeBase object at 0x7f9001e0f990>
2025-12-24 04:48:44,489 - Knowledge - INFO - process ingested knowledge for /app/data/tataelxsimockapisolutions5451/3632/b9205aw/Online-Examination-System-3632/OnlineExamSystem/SetExam.aspx.designer.cs
2025-12-24 04:48:44,653 - Knowledge - INFO - Found code-base-name: https://github.com/kavia-common/Online-Examination-System-3632.git:kavia-dev
2025-12-24 04:48:44,821 - Knowledge - INFO - Found code_base: <app.utils.kg_build.knowledge.KnowledgeCodeBase object at 0x7f9001e0f990>
2025-12-24 04:48:44,994 - Knowledge - INFO - process ingested knowledge for /app/data/tataelxsimockapisolutions5451/3632/b9205aw/Online-Examination-System-3632/OnlineExamSystem/ShowAns.aspx.designer.cs
2025-12-24 04:48:45,198 - Knowledge - INFO - Found code-base-name: https://github.com/kavia-common/Online-Examination-System-3632.git:kavia-dev
2025-12-24 04:48:45,376 - Knowledge - INFO - Found code_base: <app.utils.kg_build.knowledge.KnowledgeCodeBase object at 0x7f9001e0f990>
2025-12-24 04:48:45,560 - Knowledge - INFO - process ingested knowledge for /app/data/tataelxsimockapisolutions5451/3632/b9205aw/Online-Examination-System-3632/OnlineExamSystem/SignUpPage.aspx.designer.cs
2025-12-24 04:48:45,725 - Knowledge - INFO - Found code-base-name: https://github.com/kavia-common/Online-Examination-System-3632.git:kavia-dev
2025-12-24 04:48:45,891 - Knowledge - INFO - Found code_base: <app.utils.kg_build.knowledge.KnowledgeCodeBase object at 0x7f9001e0f990>
2025-12-24 04:48:46,059 - Knowledge - INFO - process ingested knowledge for /app/data/tataelxsimockapisolutions5451/3632/b9205aw/Online-Examination-System-3632/OnlineExamSystem/DownloadPdf.aspx.cs
2025-12-24 04:48:46,262 - Knowledge - INFO - Found code-base-name: https://github.com/kavia-common/Online-Examination-System-3632.git:kavia-dev
2025-12-24 04:48:46,441 - Knowledge - INFO - Found code_base: <app.utils.kg_build.knowledge.KnowledgeCodeBase object at 0x7f9001e0f990>
2025-12-24 04:48:46,686 - Knowledge - INFO - process ingested knowledge for /app/data/tataelxsimockapisolutions5451/3632/b9205aw/Online-Examination-System-3632/OnlineExamSystem/ExamResult.aspx.cs
2025-12-24 04:48:46,847 - Knowledge - INFO - Found code-base-name: https://github.com/kavia-common/Online-Examination-System-3632.git:kavia-dev
2025-12-24 04:48:47,060 - Knowledge - INFO - Found code_base: <app.utils.kg_build.knowledge.KnowledgeCodeBase object at 0x7f9001e0f990>
2025-12-24 04:48:47,233 - Knowledge - INFO - process ingested knowledge for /app/data/tataelxsimockapisolutions5451/3632/b9205aw/Online-Examination-System-3632/OnlineExamSystem/EditTheory.aspx.designer.cs
2025-12-24 04:48:47,454 - Knowledge - INFO - Found code-base-name: https://github.com/kavia-common/Online-Examination-System-3632.git:kavia-dev
2025-12-24 04:48:47,667 - Knowledge - INFO - Found code_base: <app.utils.kg_build.knowledge.KnowledgeCodeBase object at 0x7f9001e0f990>
2025-12-24 04:48:47,861 - Knowledge - INFO - process ingested knowledge for /app/data/tataelxsimockapisolutions5451/3632/b9205aw/Online-Examination-System-3632/OnlineExamSystem/EditExam.aspx.designer.cs
2025-12-24 04:48:48,067 - Knowledge - INFO - Found code-base-name: https://github.com/kavia-common/Online-Examination-System-3632.git:kavia-dev
2025-12-24 04:48:48,233 - Knowledge - INFO - Found code_base: <app.utils.kg_build.knowledge.KnowledgeCodeBase object at 0x7f9001e0f990>
2025-12-24 04:48:48,396 - Knowledge - INFO - process ingested knowledge for /app/data/tataelxsimockapisolutions5451/3632/b9205aw/Online-Examination-System-3632/OnlineExamSystem/UserProfile.aspx.cs
2025-12-24 04:48:48,592 - Knowledge - INFO - Found code-base-name: https://github.com/kavia-common/Online-Examination-System-3632.git:kavia-dev
2025-12-24 04:48:48,798 - Knowledge - INFO - Found code_base: <app.utils.kg_build.knowledge.KnowledgeCodeBase object at 0x7f9001e0f990>
2025-12-24 04:48:49,004 - Knowledge - INFO - process ingested knowledge for /app/data/tataelxsimockapisolutions5451/3632/b9205aw/Online-Examination-System-3632/OnlineExamSystem/Dashboard.aspx.cs
2025-12-24 04:48:49,258 - Knowledge - INFO - Found code-base-name: https://github.com/kavia-common/Online-Examination-System-3632.git:kavia-dev
2025-12-24 04:48:49,468 - Knowledge - INFO - Found code_base: <app.utils.kg_build.knowledge.KnowledgeCodeBase object at 0x7f9001e0f990>
2025-12-24 04:48:49,665 - Knowledge - INFO - process ingested knowledge for /app/data/tataelxsimockapisolutions5451/3632/b9205aw/Online-Examination-System-3632/OnlineExamSystem/StartExam.aspx.designer.cs
2025-12-24 04:48:49,847 - Knowledge - INFO - Found code-base-name: https://github.com/kavia-common/Online-Examination-System-3632.git:kavia-dev
2025-12-24 04:48:50,062 - Knowledge - INFO - Found code_base: <app.utils.kg_build.knowledge.KnowledgeCodeBase object at 0x7f9001e0f990>
2025-12-24 04:48:50,260 - Knowledge - INFO - process ingested knowledge for /app/data/tataelxsimockapisolutions5451/3632/b9205aw/Online-Examination-System-3632/OnlineExamSystem/AdminPanel.aspx.designer.cs
2025-12-24 04:48:50,449 - Knowledge - INFO - Found code-base-name: https://github.com/kavia-common/Online-Examination-System-3632.git:kavia-dev
2025-12-24 04:48:50,652 - Knowledge - INFO - Found code_base: <app.utils.kg_build.knowledge.KnowledgeCodeBase object at 0x7f9001e0f990>
2025-12-24 04:48:50,887 - Knowledge - INFO - process ingested knowledge for /app/data/tataelxsimockapisolutions5451/3632/b9205aw/Online-Examination-System-3632/packages/Microsoft.CodeDom.Providers.DotNetCompilerPlatform.1.0.0/lib/net45/Microsoft.CodeDom.Providers.DotNetCompilerPlatform.xml
2025-12-24 04:48:51,079 - Knowledge - INFO - Found code-base-name: https://github.com/kavia-common/Online-Examination-System-3632.git:kavia-dev
2025-12-24 04:48:51,260 - Knowledge - INFO - Found code_base: <app.utils.kg_build.knowledge.KnowledgeCodeBase object at 0x7f9001e0f990>
2025-12-24 04:48:51,460 - Knowledge - INFO - process ingested knowledge for /app/data/tataelxsimockapisolutions5451/3632/b9205aw/Online-Examination-System-3632/OnlineExamSystem/Leaderboard.aspx.designer.cs
2025-12-24 04:48:51,674 - Knowledge - INFO - Found code-base-name: https://github.com/kavia-common/Online-Examination-System-3632.git:kavia-dev
2025-12-24 04:48:51,827 - Knowledge - INFO - Found code_base: <app.utils.kg_build.knowledge.KnowledgeCodeBase object at 0x7f9001e0f990>
2025-12-24 04:48:51,994 - Knowledge - INFO - process ingested knowledge for /app/data/tataelxsimockapisolutions5451/3632/b9205aw/Online-Examination-System-3632/OnlineExamSystem/MCQSet.aspx.designer.cs
2025-12-24 04:48:52,187 - Knowledge - INFO - Found code-base-name: https://github.com/kavia-common/Online-Examination-System-3632.git:kavia-dev
2025-12-24 04:48:52,391 - Knowledge - INFO - Found code_base: <app.utils.kg_build.knowledge.KnowledgeCodeBase object at 0x7f9001e0f990>
2025-12-24 04:48:52,588 - Knowledge - INFO - process ingested knowledge for /app/data/tataelxsimockapisolutions5451/3632/b9205aw/Online-Examination-System-3632/OnlineExamSystem/MCQExam.aspx.cs
2025-12-24 04:48:52,758 - Knowledge - INFO - Found code-base-name: https://github.com/kavia-common/Online-Examination-System-3632.git:kavia-dev
2025-12-24 04:48:52,925 - Knowledge - INFO - Found code_base: <app.utils.kg_build.knowledge.KnowledgeCodeBase object at 0x7f9001e0f990>
2025-12-24 04:48:53,146 - Knowledge - INFO - process ingested knowledge for /app/data/tataelxsimockapisolutions5451/3632/b9205aw/Online-Examination-System-3632/OnlineExamSystem/AdminCourseQueue.aspx.cs
2025-12-24 04:48:53,365 - Knowledge - INFO - Found code-base-name: https://github.com/kavia-common/Online-Examination-System-3632.git:kavia-dev
2025-12-24 04:48:53,537 - Knowledge - INFO - Found code_base: <app.utils.kg_build.knowledge.KnowledgeCodeBase object at 0x7f9001e0f990>
2025-12-24 04:48:53,724 - Knowledge - INFO - process ingested knowledge for /app/data/tataelxsimockapisolutions5451/3632/b9205aw/Online-Examination-System-3632/OnlineExamSystem/CSS/bootstrap.css
2025-12-24 04:48:53,891 - Knowledge - INFO - Found code-base-name: https://github.com/kavia-common/Online-Examination-System-3632.git:kavia-dev
2025-12-24 04:48:54,088 - Knowledge - INFO - Found code_base: <app.utils.kg_build.knowledge.KnowledgeCodeBase object at 0x7f9001e0f990>
2025-12-24 04:48:54,303 - Knowledge - INFO - process ingested knowledge for /app/data/tataelxsimockapisolutions5451/3632/b9205aw/Online-Examination-System-3632/OnlineExamSystem/UserProfile.aspx.designer.cs
2025-12-24 04:48:54,498 - Knowledge - INFO - Found code-base-name: https://github.com/kavia-common/Online-Examination-System-3632.git:kavia-dev
2025-12-24 04:48:54,664 - Knowledge - INFO - Found code_base: <app.utils.kg_build.knowledge.KnowledgeCodeBase object at 0x7f9001e0f990>
2025-12-24 04:48:54,848 - Knowledge - INFO - process ingested knowledge for /app/data/tataelxsimockapisolutions5451/3632/b9205aw/Online-Examination-System-3632/OnlineExamSystem/Dashboard.aspx.designer.cs
2025-12-24 04:48:55,083 - Knowledge - INFO - Found code-base-name: https://github.com/kavia-common/Online-Examination-System-3632.git:kavia-dev
2025-12-24 04:48:55,300 - Knowledge - INFO - Found code_base: <app.utils.kg_build.knowledge.KnowledgeCodeBase object at 0x7f9001e0f990>
2025-12-24 04:48:55,526 - Knowledge - INFO - process ingested knowledge for /app/data/tataelxsimockapisolutions5451/3632/b9205aw/Online-Examination-System-3632/OnlineExamSystem/TakenCourses.aspx.cs
2025-12-24 04:48:55,709 - Knowledge - INFO - Found code-base-name: https://github.com/kavia-common/Online-Examination-System-3632.git:kavia-dev
2025-12-24 04:48:55,929 - Knowledge - INFO - Found code_base: <app.utils.kg_build.knowledge.KnowledgeCodeBase object at 0x7f9001e0f990>
2025-12-24 04:48:56,134 - Knowledge - INFO - process ingested knowledge for /app/data/tataelxsimockapisolutions5451/3632/b9205aw/Online-Examination-System-3632/OnlineExamSystem/SetExam.aspx.cs
2025-12-24 04:48:56,335 - Knowledge - INFO - Found code-base-name: https://github.com/kavia-common/Online-Examination-System-3632.git:kavia-dev
2025-12-24 04:48:56,504 - Knowledge - INFO - Found code_base: <app.utils.kg_build.knowledge.KnowledgeCodeBase object at 0x7f9001e0f990>
2025-12-24 04:48:56,659 - Knowledge - INFO - process ingested knowledge for /app/data/tataelxsimockapisolutions5451/3632/b9205aw/Online-Examination-System-3632/OnlineExamSystem/EditMCQ.aspx.cs
2025-12-24 04:48:56,894 - Knowledge - INFO - Found code-base-name: https://github.com/kavia-common/Online-Examination-System-3632.git:kavia-dev
2025-12-24 04:48:57,060 - Knowledge - INFO - Found code_base: <app.utils.kg_build.knowledge.KnowledgeCodeBase object at 0x7f9001e0f990>
2025-12-24 04:48:57,271 - Knowledge - INFO - process ingested knowledge for /app/data/tataelxsimockapisolutions5451/3632/b9205aw/Online-Examination-System-3632/OnlineExamSystem/TheorySet.aspx.cs
2025-12-24 04:48:57,481 - Knowledge - INFO - Found code-base-name: https://github.com/kavia-common/Online-Examination-System-3632.git:kavia-dev
2025-12-24 04:48:57,694 - Knowledge - INFO - Found code_base: <app.utils.kg_build.knowledge.KnowledgeCodeBase object at 0x7f9001e0f990>
2025-12-24 04:48:57,863 - Knowledge - INFO - process ingested knowledge for /app/data/tataelxsimockapisolutions5451/3632/b9205aw/Online-Examination-System-3632/OnlineExamSystem/ShowAns.aspx.cs
2025-12-24 04:48:58,017 - Knowledge - INFO - Found code-base-name: https://github.com/kavia-common/Online-Examination-System-3632.git:kavia-dev
2025-12-24 04:48:58,184 - Knowledge - INFO - Found code_base: <app.utils.kg_build.knowledge.KnowledgeCodeBase object at 0x7f9001e0f990>
2025-12-24 04:48:58,398 - Knowledge - INFO - process ingested knowledge for /app/data/tataelxsimockapisolutions5451/3632/b9205aw/Online-Examination-System-3632/OnlineExamSystem/SignUpPage.aspx.cs
2025-12-24 04:48:58,595 - Knowledge - INFO - Found code-base-name: https://github.com/kavia-common/Online-Examination-System-3632.git:kavia-dev
2025-12-24 04:48:58,790 - Knowledge - INFO - Found code_base: <app.utils.kg_build.knowledge.KnowledgeCodeBase object at 0x7f9001e0f990>
2025-12-24 04:48:59,034 - Knowledge - INFO - process ingested knowledge for /app/data/tataelxsimockapisolutions5451/3632/b9205aw/Online-Examination-System-3632/README.md
2025-12-24 04:48:59,202 - Knowledge - INFO - Found code-base-name: https://github.com/kavia-common/Online-Examination-System-3632.git:kavia-dev
2025-12-24 04:48:59,368 - Knowledge - INFO - Found code_base: <app.utils.kg_build.knowledge.KnowledgeCodeBase object at 0x7f9001e0f990>
2025-12-24 04:48:59,612 - Knowledge - INFO - process ingested knowledge for /app/data/tataelxsimockapisolutions5451/3632/b9205aw/Online-Examination-System-3632/OnlineExamSystem/MCQExam.aspx.designer.cs
2025-12-24 04:48:59,818 - Knowledge - INFO - Found code-base-name: https://github.com/kavia-common/Online-Examination-System-3632.git:kavia-dev
2025-12-24 04:49:00,027 - Knowledge - INFO - Found code_base: <app.utils.kg_build.knowledge.KnowledgeCodeBase object at 0x7f9001e0f990>
2025-12-24 04:49:00,221 - Knowledge - INFO - process ingested knowledge for /app/data/tataelxsimockapisolutions5451/3632/b9205aw/Online-Examination-System-3632/database-script/README.md
2025-12-24 04:49:00,443 - Knowledge - INFO - Found code-base-name: https://github.com/kavia-common/Online-Examination-System-3632.git:kavia-dev
2025-12-24 04:49:00,646 - Knowledge - INFO - Found code_base: <app.utils.kg_build.knowledge.KnowledgeCodeBase object at 0x7f9001e0f990>
2025-12-24 04:49:00,820 - Knowledge - INFO - process ingested knowledge for /app/data/tataelxsimockapisolutions5451/3632/b9205aw/Online-Examination-System-3632/OnlineExamSystem/DownloadPdf.aspx.designer.cs
2025-12-24 04:49:01,023 - Knowledge - INFO - Found code-base-name: https://github.com/kavia-common/Online-Examination-System-3632.git:kavia-dev
2025-12-24 04:49:01,250 - Knowledge - INFO - Found code_base: <app.utils.kg_build.knowledge.KnowledgeCodeBase object at 0x7f9001e0f990>
2025-12-24 04:49:01,462 - Knowledge - INFO - process ingested knowledge for /app/data/tataelxsimockapisolutions5451/3632/b9205aw/Online-Examination-System-3632/OnlineExamSystem/EditExam.aspx.cs
2025-12-24 04:49:01,634 - Knowledge - INFO - Found code-base-name: https://github.com/kavia-common/Online-Examination-System-3632.git:kavia-dev
2025-12-24 04:49:01,843 - Knowledge - INFO - Found code_base: <app.utils.kg_build.knowledge.KnowledgeCodeBase object at 0x7f9001e0f990>
2025-12-24 04:49:02,040 - Knowledge - INFO - process ingested knowledge for /app/data/tataelxsimockapisolutions5451/3632/b9205aw/Online-Examination-System-3632/OnlineExamSystem/EditTheory.aspx.cs
2025-12-24 04:49:02,265 - Knowledge - INFO - Found code-base-name: https://github.com/kavia-common/Online-Examination-System-3632.git:kavia-dev
2025-12-24 04:49:02,442 - Knowledge - INFO - Found code_base: <app.utils.kg_build.knowledge.KnowledgeCodeBase object at 0x7f9001e0f990>
2025-12-24 04:49:02,618 - Knowledge - INFO - process ingested knowledge for /app/data/tataelxsimockapisolutions5451/3632/b9205aw/Online-Examination-System-3632/OnlineExamSystem/StartExam.aspx.cs
2025-12-24 04:49:02,827 - Knowledge - INFO - Found code-base-name: https://github.com/kavia-common/Online-Examination-System-3632.git:kavia-dev
2025-12-24 04:49:03,038 - Knowledge - INFO - Found code_base: <app.utils.kg_build.knowledge.KnowledgeCodeBase object at 0x7f9001e0f990>
2025-12-24 04:49:03,195 - Knowledge - INFO - process ingested knowledge for /app/data/tataelxsimockapisolutions5451/3632/b9205aw/Online-Examination-System-3632/OnlineExamSystem/AdminPanel.aspx.cs
2025-12-24 04:49:03,421 - Knowledge - INFO - Found code-base-name: https://github.com/kavia-common/Online-Examination-System-3632.git:kavia-dev
2025-12-24 04:49:03,582 - Knowledge - INFO - Found code_base: <app.utils.kg_build.knowledge.KnowledgeCodeBase object at 0x7f9001e0f990>
2025-12-24 04:49:03,771 - Knowledge - INFO - process ingested knowledge for /app/data/tataelxsimockapisolutions5451/3632/b9205aw/Online-Examination-System-3632/OnlineExamSystem/ExamResult.aspx.designer.cs
2025-12-24 04:49:04,006 - Knowledge - INFO - Found code-base-name: https://github.com/kavia-common/Online-Examination-System-3632.git:kavia-dev
2025-12-24 04:49:04,178 - Knowledge - INFO - Found code_base: <app.utils.kg_build.knowledge.KnowledgeCodeBase object at 0x7f9001e0f990>
2025-12-24 04:49:04,365 - Knowledge - INFO - process ingested knowledge for /app/data/tataelxsimockapisolutions5451/3632/b9205aw/Online-Examination-System-3632/OnlineExamSystem/LoginPage.aspx.designer.cs
2025-12-24 04:49:04,569 - Knowledge - INFO - Found code-base-name: https://github.com/kavia-common/Online-Examination-System-3632.git:kavia-dev
2025-12-24 04:49:04,741 - Knowledge - INFO - Found code_base: <app.utils.kg_build.knowledge.KnowledgeCodeBase object at 0x7f9001e0f990>
2025-12-24 04:49:04,941 - Knowledge - INFO - process ingested knowledge for /app/data/tataelxsimockapisolutions5451/3632/b9205aw/Online-Examination-System-3632/OnlineExamSystem/TheoryExam.aspx.designer.cs
2025-12-24 04:49:05,148 - Knowledge - INFO - Found code-base-name: https://github.com/kavia-common/Online-Examination-System-3632.git:kavia-dev
2025-12-24 04:49:05,334 - Knowledge - INFO - Found code_base: <app.utils.kg_build.knowledge.KnowledgeCodeBase object at 0x7f9001e0f990>
2025-12-24 04:49:05,491 - Knowledge - INFO - process ingested knowledge for /app/data/tataelxsimockapisolutions5451/3632/b9205aw/Online-Examination-System-3632/OnlineExamSystem/Leaderboard.aspx.cs
2025-12-24 04:49:05,686 - Knowledge - INFO - Found code-base-name: https://github.com/kavia-common/Online-Examination-System-3632.git:kavia-dev
2025-12-24 04:49:05,909 - Knowledge - INFO - Found code_base: <app.utils.kg_build.knowledge.KnowledgeCodeBase object at 0x7f9001e0f990>
2025-12-24 04:49:06,083 - Knowledge - INFO - process ingested knowledge for /app/data/tataelxsimockapisolutions5451/3632/b9205aw/Online-Examination-System-3632/OnlineExamSystem/AdminQueue.aspx.designer.cs
2025-12-24 04:49:06,270 - Knowledge - INFO - Found code-base-name: https://github.com/kavia-common/Online-Examination-System-3632.git:kavia-dev
2025-12-24 04:49:06,490 - Knowledge - INFO - Found code_base: <app.utils.kg_build.knowledge.KnowledgeCodeBase object at 0x7f9001e0f990>
2025-12-24 04:49:06,674 - Knowledge - INFO - process ingested knowledge for /app/data/tataelxsimockapisolutions5451/3632/b9205aw/Online-Examination-System-3632/OnlineExamSystem/AdminLeaderboard.aspx.designer.cs
2025-12-24 04:49:06,867 - Knowledge - INFO - Found code-base-name: https://github.com/kavia-common/Online-Examination-System-3632.git:kavia-dev
2025-12-24 04:49:07,058 - Knowledge - INFO - Found code_base: <app.utils.kg_build.knowledge.KnowledgeCodeBase object at 0x7f9001e0f990>
2025-12-24 04:49:07,276 - Knowledge - INFO - process ingested knowledge for /app/data/tataelxsimockapisolutions5451/3632/b9205aw/Online-Examination-System-3632/OnlineExamSystem/MCQSet.aspx.cs
2025-12-24 04:49:07,470 - Knowledge - INFO - Loaded 50 files from persisted knowledge
2025-12-24 04:49:07,672 - Knowledge - INFO - load persisted knowledge: end
2025-12-24 04:49:07,894 - Knowledge - INFO - Redis support added with prefix knowledge:b9205aw:
2025-12-24 04:49:08,215 - Knowledge - INFO - Starting knowledge initialization for ID: czrN58-b9205aw
2025-12-24 04:49:08,388 - Knowledge - INFO - 🔍 Checking Redis for build_id: b9205aw
2025-12-24 04:49:08,572 - Knowledge - INFO - 🔍 Full session ID: czrN58-b9205aw
2025-12-24 04:49:08,772 - Knowledge - INFO - 🔍 Redis prefix will be: knowledge:b9205aw:
2025-12-24 04:49:08,964 - Knowledge - INFO - 🔍 Using attached load_from_redis() method
2025-12-24 04:49:09,176 - Knowledge - INFO - 🔍 Attempting to load knowledge from Redis...
2025-12-24 04:49:09,380 - Knowledge - INFO - 🔍 Using derived instance_id for Redis lookup: b9205aw
2025-12-24 04:49:09,606 - Knowledge - INFO - ✅ Redis cache found! Loading knowledge...
2025-12-24 04:49:09,774 - Knowledge - INFO - ✅ Successfully loaded from Redis: 50 files
2025-12-24 04:49:09,977 - Knowledge - INFO - ✅ Redis load complete: 50 files in 1.01s
2025-12-24 04:49:10,145 - Knowledge - INFO - ⚡ Total Redis path: 1.01s (vs ~300s from disk)
2025-12-24 04:49:10,322 - Knowledge - INFO - Saving knowledge to Redis...
2025-12-24 04:49:10,576 - Knowledge - INFO - Knowledge saved to Redis successfully
2025-12-24 05:30:42,358 - Knowledge - INFO - Created shared MongoDB connection pool
2025-12-24 05:30:42,670 - Knowledge - INFO - Starting Knowledge Graph processing with 20 threads
2025-12-24 05:30:42,873 - Knowledge - INFO - Initial configuration: chunk_size=65536, max_cache_size=500
2025-12-24 05:30:43,028 - Knowledge - INFO - Knowledge Graph concurrency configuration: workers=20, max_batch_size=10, max_concurrent_llm_calls=50
2025-12-24 05:30:44,080 - Knowledge - INFO - 🔍 _load_persisted_knowledge called - checking for Redis optimization
2025-12-24 05:30:44,267 - Knowledge - WARNING - ❌ load_from_redis method not found - Redis support not attached
2025-12-24 05:30:44,461 - Knowledge - INFO - load persisted knowledge: begin
2025-12-24 05:30:44,658 - Knowledge - INFO - Found code-base-name: https://github.com/kavia-common/Online-Examination-System-3632.git:kavia-dev
2025-12-24 05:30:44,813 - Knowledge - INFO - Found code_base: <app.utils.kg_build.knowledge.KnowledgeCodeBase object at 0x7f08b549bdd0>
2025-12-24 05:30:45,002 - Knowledge - INFO - process ingested knowledge for /app/data/tataelxsimockapisolutions5451/3632/b9205aw/Online-Examination-System-3632/OnlineExamSystem/Properties/AssemblyInfo.cs
2025-12-24 05:30:45,208 - Knowledge - INFO - Found code-base-name: https://github.com/kavia-common/Online-Examination-System-3632.git:kavia-dev
2025-12-24 05:30:45,358 - Knowledge - INFO - Found code_base: <app.utils.kg_build.knowledge.KnowledgeCodeBase object at 0x7f08b549bdd0>
2025-12-24 05:30:45,543 - Knowledge - INFO - process ingested knowledge for /app/data/tataelxsimockapisolutions5451/3632/b9205aw/Online-Examination-System-3632/OnlineExamSystem/AdminLeaderboard.aspx.cs
2025-12-24 05:30:45,729 - Knowledge - INFO - Found code-base-name: https://github.com/kavia-common/Online-Examination-System-3632.git:kavia-dev
2025-12-24 05:30:45,882 - Knowledge - INFO - Found code_base: <app.utils.kg_build.knowledge.KnowledgeCodeBase object at 0x7f08b549bdd0>
2025-12-24 05:30:46,042 - Knowledge - INFO - process ingested knowledge for /app/data/tataelxsimockapisolutions5451/3632/b9205aw/Online-Examination-System-3632/OnlineExamSystem/AdminCourseQueue.aspx.designer.cs
2025-12-24 05:30:46,207 - Knowledge - INFO - Found code-base-name: https://github.com/kavia-common/Online-Examination-System-3632.git:kavia-dev
2025-12-24 05:30:46,400 - Knowledge - INFO - Found code_base: <app.utils.kg_build.knowledge.KnowledgeCodeBase object at 0x7f08b549bdd0>
2025-12-24 05:30:46,538 - Knowledge - INFO - process ingested knowledge for /app/data/tataelxsimockapisolutions5451/3632/b9205aw/Online-Examination-System-3632/OnlineExamSystem/AdminQueue.aspx.cs
2025-12-24 05:30:46,743 - Knowledge - INFO - Found code-base-name: https://github.com/kavia-common/Online-Examination-System-3632.git:kavia-dev
2025-12-24 05:30:46,901 - Knowledge - INFO - Found code_base: <app.utils.kg_build.knowledge.KnowledgeCodeBase object at 0x7f08b549bdd0>
2025-12-24 05:30:47,055 - Knowledge - INFO - process ingested knowledge for /app/data/tataelxsimockapisolutions5451/3632/b9205aw/Online-Examination-System-3632/OnlineExamSystem/TheorySet.aspx.designer.cs
2025-12-24 05:30:47,269 - Knowledge - INFO - Found code-base-name: https://github.com/kavia-common/Online-Examination-System-3632.git:kavia-dev
2025-12-24 05:30:47,479 - Knowledge - INFO - Found code_base: <app.utils.kg_build.knowledge.KnowledgeCodeBase object at 0x7f08b549bdd0>
2025-12-24 05:30:47,687 - Knowledge - INFO - process ingested knowledge for /app/data/tataelxsimockapisolutions5451/3632/b9205aw/Online-Examination-System-3632/OnlineExamSystem/EditMCQ.aspx.designer.cs
2025-12-24 05:30:47,877 - Knowledge - INFO - Found code-base-name: https://github.com/kavia-common/Online-Examination-System-3632.git:kavia-dev
2025-12-24 05:30:48,104 - Knowledge - INFO - Found code_base: <app.utils.kg_build.knowledge.KnowledgeCodeBase object at 0x7f08b549bdd0>
2025-12-24 05:30:48,266 - Knowledge - INFO - process ingested knowledge for /app/data/tataelxsimockapisolutions5451/3632/b9205aw/Online-Examination-System-3632/OnlineExamSystem/LoginPage.aspx.cs
2025-12-24 05:30:48,456 - Knowledge - INFO - Found code-base-name: https://github.com/kavia-common/Online-Examination-System-3632.git:kavia-dev
2025-12-24 05:30:48,660 - Knowledge - INFO - Found code_base: <app.utils.kg_build.knowledge.KnowledgeCodeBase object at 0x7f08b549bdd0>
2025-12-24 05:30:48,864 - Knowledge - INFO - process ingested knowledge for /app/data/tataelxsimockapisolutions5451/3632/b9205aw/Online-Examination-System-3632/database-script/Online-Examination-System-Databse-Script.sql
2025-12-24 05:30:49,081 - Knowledge - INFO - Found code-base-name: https://github.com/kavia-common/Online-Examination-System-3632.git:kavia-dev
2025-12-24 05:30:49,247 - Knowledge - INFO - Found code_base: <app.utils.kg_build.knowledge.KnowledgeCodeBase object at 0x7f08b549bdd0>
2025-12-24 05:30:49,391 - Knowledge - INFO - process ingested knowledge for /app/data/tataelxsimockapisolutions5451/3632/b9205aw/Online-Examination-System-3632/OnlineExamSystem/TheoryExam.aspx.cs
2025-12-24 05:30:49,555 - Knowledge - INFO - Found code-base-name: https://github.com/kavia-common/Online-Examination-System-3632.git:kavia-dev
2025-12-24 05:30:49,772 - Knowledge - INFO - Found code_base: <app.utils.kg_build.knowledge.KnowledgeCodeBase object at 0x7f08b549bdd0>
2025-12-24 05:30:50,010 - Knowledge - INFO - process ingested knowledge for /app/data/tataelxsimockapisolutions5451/3632/b9205aw/Online-Examination-System-3632/OnlineExamSystem/TakenCourses.aspx.designer.cs
2025-12-24 05:30:50,184 - Knowledge - INFO - Found code-base-name: https://github.com/kavia-common/Online-Examination-System-3632.git:kavia-dev
2025-12-24 05:30:50,358 - Knowledge - INFO - Found code_base: <app.utils.kg_build.knowledge.KnowledgeCodeBase object at 0x7f08b549bdd0>
2025-12-24 05:30:50,544 - Knowledge - INFO - process ingested knowledge for /app/data/tataelxsimockapisolutions5451/3632/b9205aw/Online-Examination-System-3632/OnlineExamSystem/SetExam.aspx.designer.cs
2025-12-24 05:30:50,704 - Knowledge - INFO - Found code-base-name: https://github.com/kavia-common/Online-Examination-System-3632.git:kavia-dev
2025-12-24 05:30:50,889 - Knowledge - INFO - Found code_base: <app.utils.kg_build.knowledge.KnowledgeCodeBase object at 0x7f08b549bdd0>
2025-12-24 05:30:51,070 - Knowledge - INFO - process ingested knowledge for /app/data/tataelxsimockapisolutions5451/3632/b9205aw/Online-Examination-System-3632/OnlineExamSystem/ShowAns.aspx.designer.cs
2025-12-24 05:30:51,282 - Knowledge - INFO - Found code-base-name: https://github.com/kavia-common/Online-Examination-System-3632.git:kavia-dev
2025-12-24 05:30:51,503 - Knowledge - INFO - Found code_base: <app.utils.kg_build.knowledge.KnowledgeCodeBase object at 0x7f08b549bdd0>
2025-12-24 05:30:51,664 - Knowledge - INFO - process ingested knowledge for /app/data/tataelxsimockapisolutions5451/3632/b9205aw/Online-Examination-System-3632/OnlineExamSystem/SignUpPage.aspx.designer.cs
2025-12-24 05:30:51,813 - Knowledge - INFO - Found code-base-name: https://github.com/kavia-common/Online-Examination-System-3632.git:kavia-dev
2025-12-24 05:30:51,978 - Knowledge - INFO - Found code_base: <app.utils.kg_build.knowledge.KnowledgeCodeBase object at 0x7f08b549bdd0>
2025-12-24 05:30:52,164 - Knowledge - INFO - process ingested knowledge for /app/data/tataelxsimockapisolutions5451/3632/b9205aw/Online-Examination-System-3632/OnlineExamSystem/DownloadPdf.aspx.cs
2025-12-24 05:30:52,333 - Knowledge - INFO - Found code-base-name: https://github.com/kavia-common/Online-Examination-System-3632.git:kavia-dev
2025-12-24 05:30:52,522 - Knowledge - INFO - Found code_base: <app.utils.kg_build.knowledge.KnowledgeCodeBase object at 0x7f08b549bdd0>
2025-12-24 05:30:52,701 - Knowledge - INFO - process ingested knowledge for /app/data/tataelxsimockapisolutions5451/3632/b9205aw/Online-Examination-System-3632/OnlineExamSystem/ExamResult.aspx.cs
2025-12-24 05:30:52,880 - Knowledge - INFO - Found code-base-name: https://github.com/kavia-common/Online-Examination-System-3632.git:kavia-dev
2025-12-24 05:30:53,070 - Knowledge - INFO - Found code_base: <app.utils.kg_build.knowledge.KnowledgeCodeBase object at 0x7f08b549bdd0>
2025-12-24 05:30:53,222 - Knowledge - INFO - process ingested knowledge for /app/data/tataelxsimockapisolutions5451/3632/b9205aw/Online-Examination-System-3632/OnlineExamSystem/EditTheory.aspx.designer.cs
2025-12-24 05:30:53,404 - Knowledge - INFO - Found code-base-name: https://github.com/kavia-common/Online-Examination-System-3632.git:kavia-dev
2025-12-24 05:30:53,666 - Knowledge - INFO - Found code_base: <app.utils.kg_build.knowledge.KnowledgeCodeBase object at 0x7f08b549bdd0>
2025-12-24 05:30:53,899 - Knowledge - INFO - process ingested knowledge for /app/data/tataelxsimockapisolutions5451/3632/b9205aw/Online-Examination-System-3632/OnlineExamSystem/EditExam.aspx.designer.cs
2025-12-24 05:30:54,105 - Knowledge - INFO - Found code-base-name: https://github.com/kavia-common/Online-Examination-System-3632.git:kavia-dev
2025-12-24 05:30:54,296 - Knowledge - INFO - Found code_base: <app.utils.kg_build.knowledge.KnowledgeCodeBase object at 0x7f08b549bdd0>
2025-12-24 05:30:54,484 - Knowledge - INFO - process ingested knowledge for /app/data/tataelxsimockapisolutions5451/3632/b9205aw/Online-Examination-System-3632/OnlineExamSystem/UserProfile.aspx.cs
2025-12-24 05:30:54,631 - Knowledge - INFO - Found code-base-name: https://github.com/kavia-common/Online-Examination-System-3632.git:kavia-dev
2025-12-24 05:30:54,790 - Knowledge - INFO - Found code_base: <app.utils.kg_build.knowledge.KnowledgeCodeBase object at 0x7f08b549bdd0>
2025-12-24 05:30:55,007 - Knowledge - INFO - process ingested knowledge for /app/data/tataelxsimockapisolutions5451/3632/b9205aw/Online-Examination-System-3632/OnlineExamSystem/Dashboard.aspx.cs
2025-12-24 05:30:55,235 - Knowledge - INFO - Found code-base-name: https://github.com/kavia-common/Online-Examination-System-3632.git:kavia-dev
2025-12-24 05:30:55,451 - Knowledge - INFO - Found code_base: <app.utils.kg_build.knowledge.KnowledgeCodeBase object at 0x7f08b549bdd0>
2025-12-24 05:30:55,627 - Knowledge - INFO - process ingested knowledge for /app/data/tataelxsimockapisolutions5451/3632/b9205aw/Online-Examination-System-3632/OnlineExamSystem/StartExam.aspx.designer.cs
2025-12-24 05:30:55,821 - Knowledge - INFO - Found code-base-name: https://github.com/kavia-common/Online-Examination-System-3632.git:kavia-dev
2025-12-24 05:30:55,962 - Knowledge - INFO - Found code_base: <app.utils.kg_build.knowledge.KnowledgeCodeBase object at 0x7f08b549bdd0>
2025-12-24 05:30:56,158 - Knowledge - INFO - process ingested knowledge for /app/data/tataelxsimockapisolutions5451/3632/b9205aw/Online-Examination-System-3632/OnlineExamSystem/AdminPanel.aspx.designer.cs
2025-12-24 05:30:56,348 - Knowledge - INFO - Found code-base-name: https://github.com/kavia-common/Online-Examination-System-3632.git:kavia-dev
2025-12-24 05:30:56,536 - Knowledge - INFO - Found code_base: <app.utils.kg_build.knowledge.KnowledgeCodeBase object at 0x7f08b549bdd0>
2025-12-24 05:30:56,692 - Knowledge - INFO - process ingested knowledge for /app/data/tataelxsimockapisolutions5451/3632/b9205aw/Online-Examination-System-3632/packages/Microsoft.CodeDom.Providers.DotNetCompilerPlatform.1.0.0/lib/net45/Microsoft.CodeDom.Providers.DotNetCompilerPlatform.xml
2025-12-24 05:30:56,852 - Knowledge - INFO - Found code-base-name: https://github.com/kavia-common/Online-Examination-System-3632.git:kavia-dev
2025-12-24 05:30:57,001 - Knowledge - INFO - Found code_base: <app.utils.kg_build.knowledge.KnowledgeCodeBase object at 0x7f08b549bdd0>
2025-12-24 05:30:57,151 - Knowledge - INFO - process ingested knowledge for /app/data/tataelxsimockapisolutions5451/3632/b9205aw/Online-Examination-System-3632/OnlineExamSystem/Leaderboard.aspx.designer.cs
2025-12-24 05:30:57,349 - Knowledge - INFO - Found code-base-name: https://github.com/kavia-common/Online-Examination-System-3632.git:kavia-dev
2025-12-24 05:30:57,537 - Knowledge - INFO - Found code_base: <app.utils.kg_build.knowledge.KnowledgeCodeBase object at 0x7f08b549bdd0>
2025-12-24 05:30:57,730 - Knowledge - INFO - process ingested knowledge for /app/data/tataelxsimockapisolutions5451/3632/b9205aw/Online-Examination-System-3632/OnlineExamSystem/MCQSet.aspx.designer.cs
2025-12-24 05:30:57,897 - Knowledge - INFO - Found code-base-name: https://github.com/kavia-common/Online-Examination-System-3632.git:kavia-dev
2025-12-24 05:30:58,054 - Knowledge - INFO - Found code_base: <app.utils.kg_build.knowledge.KnowledgeCodeBase object at 0x7f08b549bdd0>
2025-12-24 05:30:58,229 - Knowledge - INFO - process ingested knowledge for /app/data/tataelxsimockapisolutions5451/3632/b9205aw/Online-Examination-System-3632/OnlineExamSystem/MCQExam.aspx.cs
2025-12-24 05:30:58,431 - Knowledge - INFO - Found code-base-name: https://github.com/kavia-common/Online-Examination-System-3632.git:kavia-dev
2025-12-24 05:30:58,580 - Knowledge - INFO - Found code_base: <app.utils.kg_build.knowledge.KnowledgeCodeBase object at 0x7f08b549bdd0>
2025-12-24 05:30:58,773 - Knowledge - INFO - process ingested knowledge for /app/data/tataelxsimockapisolutions5451/3632/b9205aw/Online-Examination-System-3632/OnlineExamSystem/AdminCourseQueue.aspx.cs
2025-12-24 05:30:58,936 - Knowledge - INFO - Found code-base-name: https://github.com/kavia-common/Online-Examination-System-3632.git:kavia-dev
2025-12-24 05:30:59,125 - Knowledge - INFO - Found code_base: <app.utils.kg_build.knowledge.KnowledgeCodeBase object at 0x7f08b549bdd0>
2025-12-24 05:30:59,290 - Knowledge - INFO - process ingested knowledge for /app/data/tataelxsimockapisolutions5451/3632/b9205aw/Online-Examination-System-3632/OnlineExamSystem/CSS/bootstrap.css
2025-12-24 05:30:59,460 - Knowledge - INFO - Found code-base-name: https://github.com/kavia-common/Online-Examination-System-3632.git:kavia-dev
2025-12-24 05:30:59,678 - Knowledge - INFO - Found code_base: <app.utils.kg_build.knowledge.KnowledgeCodeBase object at 0x7f08b549bdd0>
2025-12-24 05:30:59,835 - Knowledge - INFO - process ingested knowledge for /app/data/tataelxsimockapisolutions5451/3632/b9205aw/Online-Examination-System-3632/OnlineExamSystem/UserProfile.aspx.designer.cs
2025-12-24 05:31:00,020 - Knowledge - INFO - Found code-base-name: https://github.com/kavia-common/Online-Examination-System-3632.git:kavia-dev
2025-12-24 05:31:00,219 - Knowledge - INFO - Found code_base: <app.utils.kg_build.knowledge.KnowledgeCodeBase object at 0x7f08b549bdd0>
2025-12-24 05:31:00,388 - Knowledge - INFO - process ingested knowledge for /app/data/tataelxsimockapisolutions5451/3632/b9205aw/Online-Examination-System-3632/OnlineExamSystem/Dashboard.aspx.designer.cs
2025-12-24 05:31:00,570 - Knowledge - INFO - Found code-base-name: https://github.com/kavia-common/Online-Examination-System-3632.git:kavia-dev
2025-12-24 05:31:00,715 - Knowledge - INFO - Found code_base: <app.utils.kg_build.knowledge.KnowledgeCodeBase object at 0x7f08b549bdd0>
2025-12-24 05:31:00,900 - Knowledge - INFO - process ingested knowledge for /app/data/tataelxsimockapisolutions5451/3632/b9205aw/Online-Examination-System-3632/OnlineExamSystem/TakenCourses.aspx.cs
2025-12-24 05:31:01,123 - Knowledge - INFO - Found code-base-name: https://github.com/kavia-common/Online-Examination-System-3632.git:kavia-dev
2025-12-24 05:31:01,292 - Knowledge - INFO - Found code_base: <app.utils.kg_build.knowledge.KnowledgeCodeBase object at 0x7f08b549bdd0>
2025-12-24 05:31:01,469 - Knowledge - INFO - process ingested knowledge for /app/data/tataelxsimockapisolutions5451/3632/b9205aw/Online-Examination-System-3632/OnlineExamSystem/SetExam.aspx.cs
2025-12-24 05:31:01,618 - Knowledge - INFO - Found code-base-name: https://github.com/kavia-common/Online-Examination-System-3632.git:kavia-dev
2025-12-24 05:31:01,764 - Knowledge - INFO - Found code_base: <app.utils.kg_build.knowledge.KnowledgeCodeBase object at 0x7f08b549bdd0>
2025-12-24 05:31:01,979 - Knowledge - INFO - process ingested knowledge for /app/data/tataelxsimockapisolutions5451/3632/b9205aw/Online-Examination-System-3632/OnlineExamSystem/EditMCQ.aspx.cs
2025-12-24 05:31:02,169 - Knowledge - INFO - Found code-base-name: https://github.com/kavia-common/Online-Examination-System-3632.git:kavia-dev
2025-12-24 05:31:02,361 - Knowledge - INFO - Found code_base: <app.utils.kg_build.knowledge.KnowledgeCodeBase object at 0x7f08b549bdd0>
2025-12-24 05:31:02,537 - Knowledge - INFO - process ingested knowledge for /app/data/tataelxsimockapisolutions5451/3632/b9205aw/Online-Examination-System-3632/OnlineExamSystem/TheorySet.aspx.cs
2025-12-24 05:31:02,711 - Knowledge - INFO - Found code-base-name: https://github.com/kavia-common/Online-Examination-System-3632.git:kavia-dev
2025-12-24 05:31:02,866 - Knowledge - INFO - Found code_base: <app.utils.kg_build.knowledge.KnowledgeCodeBase object at 0x7f08b549bdd0>
2025-12-24 05:31:03,057 - Knowledge - INFO - process ingested knowledge for /app/data/tataelxsimockapisolutions5451/3632/b9205aw/Online-Examination-System-3632/OnlineExamSystem/ShowAns.aspx.cs
2025-12-24 05:31:03,215 - Knowledge - INFO - Found code-base-name: https://github.com/kavia-common/Online-Examination-System-3632.git:kavia-dev
2025-12-24 05:31:03,433 - Knowledge - INFO - Found code_base: <app.utils.kg_build.knowledge.KnowledgeCodeBase object at 0x7f08b549bdd0>
2025-12-24 05:31:03,592 - Knowledge - INFO - process ingested knowledge for /app/data/tataelxsimockapisolutions5451/3632/b9205aw/Online-Examination-System-3632/OnlineExamSystem/SignUpPage.aspx.cs
2025-12-24 05:31:03,752 - Knowledge - INFO - Found code-base-name: https://github.com/kavia-common/Online-Examination-System-3632.git:kavia-dev
2025-12-24 05:31:03,896 - Knowledge - INFO - Found code_base: <app.utils.kg_build.knowledge.KnowledgeCodeBase object at 0x7f08b549bdd0>
2025-12-24 05:31:04,097 - Knowledge - INFO - process ingested knowledge for /app/data/tataelxsimockapisolutions5451/3632/b9205aw/Online-Examination-System-3632/README.md
2025-12-24 05:31:04,268 - Knowledge - INFO - Found code-base-name: https://github.com/kavia-common/Online-Examination-System-3632.git:kavia-dev
2025-12-24 05:31:04,477 - Knowledge - INFO - Found code_base: <app.utils.kg_build.knowledge.KnowledgeCodeBase object at 0x7f08b549bdd0>
2025-12-24 05:31:04,666 - Knowledge - INFO - process ingested knowledge for /app/data/tataelxsimockapisolutions5451/3632/b9205aw/Online-Examination-System-3632/OnlineExamSystem/MCQExam.aspx.designer.cs
2025-12-24 05:31:04,824 - Knowledge - INFO - Found code-base-name: https://github.com/kavia-common/Online-Examination-System-3632.git:kavia-dev
2025-12-24 05:31:05,023 - Knowledge - INFO - Found code_base: <app.utils.kg_build.knowledge.KnowledgeCodeBase object at 0x7f08b549bdd0>
2025-12-24 05:31:05,224 - Knowledge - INFO - process ingested knowledge for /app/data/tataelxsimockapisolutions5451/3632/b9205aw/Online-Examination-System-3632/database-script/README.md
2025-12-24 05:31:05,435 - Knowledge - INFO - Found code-base-name: https://github.com/kavia-common/Online-Examination-System-3632.git:kavia-dev
2025-12-24 05:31:05,626 - Knowledge - INFO - Found code_base: <app.utils.kg_build.knowledge.KnowledgeCodeBase object at 0x7f08b549bdd0>
2025-12-24 05:31:05,790 - Knowledge - INFO - process ingested knowledge for /app/data/tataelxsimockapisolutions5451/3632/b9205aw/Online-Examination-System-3632/OnlineExamSystem/DownloadPdf.aspx.designer.cs
2025-12-24 05:31:05,982 - Knowledge - INFO - Found code-base-name: https://github.com/kavia-common/Online-Examination-System-3632.git:kavia-dev
2025-12-24 05:31:06,163 - Knowledge - INFO - Found code_base: <app.utils.kg_build.knowledge.KnowledgeCodeBase object at 0x7f08b549bdd0>
2025-12-24 05:31:06,356 - Knowledge - INFO - process ingested knowledge for /app/data/tataelxsimockapisolutions5451/3632/b9205aw/Online-Examination-System-3632/OnlineExamSystem/EditExam.aspx.cs
2025-12-24 05:31:06,561 - Knowledge - INFO - Found code-base-name: https://github.com/kavia-common/Online-Examination-System-3632.git:kavia-dev
2025-12-24 05:31:06,728 - Knowledge - INFO - Found code_base: <app.utils.kg_build.knowledge.KnowledgeCodeBase object at 0x7f08b549bdd0>
2025-12-24 05:31:06,894 - Knowledge - INFO - process ingested knowledge for /app/data/tataelxsimockapisolutions5451/3632/b9205aw/Online-Examination-System-3632/OnlineExamSystem/EditTheory.aspx.cs
2025-12-24 05:31:07,089 - Knowledge - INFO - Found code-base-name: https://github.com/kavia-common/Online-Examination-System-3632.git:kavia-dev
2025-12-24 05:31:07,255 - Knowledge - INFO - Found code_base: <app.utils.kg_build.knowledge.KnowledgeCodeBase object at 0x7f08b549bdd0>
2025-12-24 05:31:07,450 - Knowledge - INFO - process ingested knowledge for /app/data/tataelxsimockapisolutions5451/3632/b9205aw/Online-Examination-System-3632/OnlineExamSystem/StartExam.aspx.cs
2025-12-24 05:31:07,654 - Knowledge - INFO - Found code-base-name: https://github.com/kavia-common/Online-Examination-System-3632.git:kavia-dev
2025-12-24 05:31:07,842 - Knowledge - INFO - Found code_base: <app.utils.kg_build.knowledge.KnowledgeCodeBase object at 0x7f08b549bdd0>
2025-12-24 05:31:07,995 - Knowledge - INFO - process ingested knowledge for /app/data/tataelxsimockapisolutions5451/3632/b9205aw/Online-Examination-System-3632/OnlineExamSystem/AdminPanel.aspx.cs
2025-12-24 05:31:08,188 - Knowledge - INFO - Found code-base-name: https://github.com/kavia-common/Online-Examination-System-3632.git:kavia-dev
2025-12-24 05:31:08,408 - Knowledge - INFO - Found code_base: <app.utils.kg_build.knowledge.KnowledgeCodeBase object at 0x7f08b549bdd0>
2025-12-24 05:31:08,593 - Knowledge - INFO - process ingested knowledge for /app/data/tataelxsimockapisolutions5451/3632/b9205aw/Online-Examination-System-3632/OnlineExamSystem/ExamResult.aspx.designer.cs
2025-12-24 05:31:08,795 - Knowledge - INFO - Found code-base-name: https://github.com/kavia-common/Online-Examination-System-3632.git:kavia-dev
2025-12-24 05:31:08,974 - Knowledge - INFO - Found code_base: <app.utils.kg_build.knowledge.KnowledgeCodeBase object at 0x7f08b549bdd0>
2025-12-24 05:31:09,131 - Knowledge - INFO - process ingested knowledge for /app/data/tataelxsimockapisolutions5451/3632/b9205aw/Online-Examination-System-3632/OnlineExamSystem/LoginPage.aspx.designer.cs
2025-12-24 05:31:09,324 - Knowledge - INFO - Found code-base-name: https://github.com/kavia-common/Online-Examination-System-3632.git:kavia-dev
2025-12-24 05:31:09,501 - Knowledge - INFO - Found code_base: <app.utils.kg_build.knowledge.KnowledgeCodeBase object at 0x7f08b549bdd0>
2025-12-24 05:31:09,668 - Knowledge - INFO - process ingested knowledge for /app/data/tataelxsimockapisolutions5451/3632/b9205aw/Online-Examination-System-3632/OnlineExamSystem/TheoryExam.aspx.designer.cs
2025-12-24 05:31:09,853 - Knowledge - INFO - Found code-base-name: https://github.com/kavia-common/Online-Examination-System-3632.git:kavia-dev
2025-12-24 05:31:10,092 - Knowledge - INFO - Found code_base: <app.utils.kg_build.knowledge.KnowledgeCodeBase object at 0x7f08b549bdd0>
2025-12-24 05:31:10,260 - Knowledge - INFO - process ingested knowledge for /app/data/tataelxsimockapisolutions5451/3632/b9205aw/Online-Examination-System-3632/OnlineExamSystem/Leaderboard.aspx.cs
2025-12-24 05:31:10,477 - Knowledge - INFO - Found code-base-name: https://github.com/kavia-common/Online-Examination-System-3632.git:kavia-dev
2025-12-24 05:31:10,643 - Knowledge - INFO - Found code_base: <app.utils.kg_build.knowledge.KnowledgeCodeBase object at 0x7f08b549bdd0>
2025-12-24 05:31:10,805 - Knowledge - INFO - process ingested knowledge for /app/data/tataelxsimockapisolutions5451/3632/b9205aw/Online-Examination-System-3632/OnlineExamSystem/AdminQueue.aspx.designer.cs
2025-12-24 05:31:10,975 - Knowledge - INFO - Found code-base-name: https://github.com/kavia-common/Online-Examination-System-3632.git:kavia-dev
2025-12-24 05:31:11,139 - Knowledge - INFO - Found code_base: <app.utils.kg_build.knowledge.KnowledgeCodeBase object at 0x7f08b549bdd0>
2025-12-24 05:31:11,381 - Knowledge - INFO - process ingested knowledge for /app/data/tataelxsimockapisolutions5451/3632/b9205aw/Online-Examination-System-3632/OnlineExamSystem/AdminLeaderboard.aspx.designer.cs
2025-12-24 05:31:11,577 - Knowledge - INFO - Found code-base-name: https://github.com/kavia-common/Online-Examination-System-3632.git:kavia-dev
2025-12-24 05:31:11,792 - Knowledge - INFO - Found code_base: <app.utils.kg_build.knowledge.KnowledgeCodeBase object at 0x7f08b549bdd0>
2025-12-24 05:31:11,962 - Knowledge - INFO - process ingested knowledge for /app/data/tataelxsimockapisolutions5451/3632/b9205aw/Online-Examination-System-3632/OnlineExamSystem/MCQSet.aspx.cs
2025-12-24 05:31:12,133 - Knowledge - INFO - Loaded 50 files from persisted knowledge
2025-12-24 05:31:12,325 - Knowledge - INFO - load persisted knowledge: end
2025-12-24 05:31:12,487 - Knowledge - INFO - Redis support added with prefix knowledge:b9205aw:
2025-12-24 05:31:12,742 - Knowledge - INFO - Starting knowledge initialization for ID: sMcIZh-b9205aw
2025-12-24 05:31:12,921 - Knowledge - INFO - 🔍 Checking Redis for build_id: b9205aw
2025-12-24 05:31:13,121 - Knowledge - INFO - 🔍 Full session ID: sMcIZh-b9205aw
2025-12-24 05:31:13,266 - Knowledge - INFO - 🔍 Redis prefix will be: knowledge:b9205aw:
2025-12-24 05:31:13,464 - Knowledge - INFO - 🔍 Using attached load_from_redis() method
2025-12-24 05:31:13,644 - Knowledge - INFO - 🔍 Attempting to load knowledge from Redis...
2025-12-24 05:31:13,852 - Knowledge - INFO - 🔍 Using derived instance_id for Redis lookup: b9205aw
2025-12-24 05:31:14,084 - Knowledge - INFO - ✅ Redis cache found! Loading knowledge...
2025-12-24 05:31:14,252 - Knowledge - INFO - ✅ Successfully loaded from Redis: 50 files
2025-12-24 05:31:14,438 - Knowledge - INFO - ✅ Redis load complete: 50 files in 0.97s
2025-12-24 05:31:14,601 - Knowledge - INFO - ⚡ Total Redis path: 0.97s (vs ~300s from disk)
2025-12-24 05:31:14,804 - Knowledge - INFO - Saving knowledge to Redis...
2025-12-24 05:31:15,099 - Knowledge - INFO - Knowledge saved to Redis successfully
2025-12-30 11:09:59,349 - Knowledge - INFO - Created shared MongoDB connection pool
2025-12-30 11:09:59,668 - Knowledge - INFO - Starting Knowledge Graph processing with 20 threads
2025-12-30 11:09:59,865 - Knowledge - INFO - Initial configuration: chunk_size=65536, max_cache_size=500
2025-12-30 11:10:00,043 - Knowledge - INFO - Knowledge Graph concurrency configuration: workers=20, max_batch_size=10, max_concurrent_llm_calls=50
2025-12-30 11:10:01,191 - Knowledge - INFO - 🔍 _load_persisted_knowledge called - checking for Redis optimization
2025-12-30 11:10:01,367 - Knowledge - WARNING - ❌ load_from_redis method not found - Redis support not attached
2025-12-30 11:10:01,586 - Knowledge - INFO - load persisted knowledge: begin
2025-12-30 11:10:01,760 - Knowledge - INFO - Found code-base-name: https://github.com/kavia-common/Online-Examination-System-3632.git:kavia-dev
2025-12-30 11:10:01,959 - Knowledge - INFO - Found code_base: <app.utils.kg_build.knowledge.KnowledgeCodeBase object at 0x7fd484351390>
2025-12-30 11:10:02,196 - Knowledge - INFO - process ingested knowledge for /app/data/tataelxsimockapisolutions5451/3632/b9205aw/Online-Examination-System-3632/OnlineExamSystem/Properties/AssemblyInfo.cs
2025-12-30 11:10:02,364 - Knowledge - INFO - Found code-base-name: https://github.com/kavia-common/Online-Examination-System-3632.git:kavia-dev
2025-12-30 11:10:02,558 - Knowledge - INFO - Found code_base: <app.utils.kg_build.knowledge.KnowledgeCodeBase object at 0x7fd484351390>
2025-12-30 11:10:02,743 - Knowledge - INFO - process ingested knowledge for /app/data/tataelxsimockapisolutions5451/3632/b9205aw/Online-Examination-System-3632/OnlineExamSystem/AdminLeaderboard.aspx.cs
2025-12-30 11:10:02,972 - Knowledge - INFO - Found code-base-name: https://github.com/kavia-common/Online-Examination-System-3632.git:kavia-dev
2025-12-30 11:10:03,146 - Knowledge - INFO - Found code_base: <app.utils.kg_build.knowledge.KnowledgeCodeBase object at 0x7fd484351390>
2025-12-30 11:10:03,345 - Knowledge - INFO - process ingested knowledge for /app/data/tataelxsimockapisolutions5451/3632/b9205aw/Online-Examination-System-3632/OnlineExamSystem/AdminCourseQueue.aspx.designer.cs
2025-12-30 11:10:03,512 - Knowledge - INFO - Found code-base-name: https://github.com/kavia-common/Online-Examination-System-3632.git:kavia-dev
2025-12-30 11:10:03,705 - Knowledge - INFO - Found code_base: <app.utils.kg_build.knowledge.KnowledgeCodeBase object at 0x7fd484351390>
2025-12-30 11:10:03,876 - Knowledge - INFO - process ingested knowledge for /app/data/tataelxsimockapisolutions5451/3632/b9205aw/Online-Examination-System-3632/OnlineExamSystem/AdminQueue.aspx.cs
2025-12-30 11:10:04,051 - Knowledge - INFO - Found code-base-name: https://github.com/kavia-common/Online-Examination-System-3632.git:kavia-dev
2025-12-30 11:10:04,253 - Knowledge - INFO - Found code_base: <app.utils.kg_build.knowledge.KnowledgeCodeBase object at 0x7fd484351390>
2025-12-30 11:10:04,474 - Knowledge - INFO - process ingested knowledge for /app/data/tataelxsimockapisolutions5451/3632/b9205aw/Online-Examination-System-3632/OnlineExamSystem/TheorySet.aspx.designer.cs
2025-12-30 11:10:04,674 - Knowledge - INFO - Found code-base-name: https://github.com/kavia-common/Online-Examination-System-3632.git:kavia-dev
2025-12-30 11:10:04,833 - Knowledge - INFO - Found code_base: <app.utils.kg_build.knowledge.KnowledgeCodeBase object at 0x7fd484351390>
2025-12-30 11:10:05,028 - Knowledge - INFO - process ingested knowledge for /app/data/tataelxsimockapisolutions5451/3632/b9205aw/Online-Examination-System-3632/OnlineExamSystem/EditMCQ.aspx.designer.cs
2025-12-30 11:10:05,251 - Knowledge - INFO - Found code-base-name: https://github.com/kavia-common/Online-Examination-System-3632.git:kavia-dev
2025-12-30 11:10:05,436 - Knowledge - INFO - Found code_base: <app.utils.kg_build.knowledge.KnowledgeCodeBase object at 0x7fd484351390>
2025-12-30 11:10:05,676 - Knowledge - INFO - process ingested knowledge for /app/data/tataelxsimockapisolutions5451/3632/b9205aw/Online-Examination-System-3632/OnlineExamSystem/LoginPage.aspx.cs
2025-12-30 11:10:05,841 - Knowledge - INFO - Found code-base-name: https://github.com/kavia-common/Online-Examination-System-3632.git:kavia-dev
2025-12-30 11:10:06,017 - Knowledge - INFO - Found code_base: <app.utils.kg_build.knowledge.KnowledgeCodeBase object at 0x7fd484351390>
2025-12-30 11:10:06,238 - Knowledge - INFO - process ingested knowledge for /app/data/tataelxsimockapisolutions5451/3632/b9205aw/Online-Examination-System-3632/database-script/Online-Examination-System-Databse-Script.sql
2025-12-30 11:10:06,448 - Knowledge - INFO - Found code-base-name: https://github.com/kavia-common/Online-Examination-System-3632.git:kavia-dev
2025-12-30 11:10:06,625 - Knowledge - INFO - Found code_base: <app.utils.kg_build.knowledge.KnowledgeCodeBase object at 0x7fd484351390>
2025-12-30 11:10:06,781 - Knowledge - INFO - process ingested knowledge for /app/data/tataelxsimockapisolutions5451/3632/b9205aw/Online-Examination-System-3632/OnlineExamSystem/TheoryExam.aspx.cs
2025-12-30 11:10:06,986 - Knowledge - INFO - Found code-base-name: https://github.com/kavia-common/Online-Examination-System-3632.git:kavia-dev
2025-12-30 11:10:07,151 - Knowledge - INFO - Found code_base: <app.utils.kg_build.knowledge.KnowledgeCodeBase object at 0x7fd484351390>
2025-12-30 11:10:07,353 - Knowledge - INFO - process ingested knowledge for /app/data/tataelxsimockapisolutions5451/3632/b9205aw/Online-Examination-System-3632/OnlineExamSystem/TakenCourses.aspx.designer.cs
2025-12-30 11:10:07,571 - Knowledge - INFO - Found code-base-name: https://github.com/kavia-common/Online-Examination-System-3632.git:kavia-dev
2025-12-30 11:10:07,733 - Knowledge - INFO - Found code_base: <app.utils.kg_build.knowledge.KnowledgeCodeBase object at 0x7fd484351390>
2025-12-30 11:10:07,903 - Knowledge - INFO - process ingested knowledge for /app/data/tataelxsimockapisolutions5451/3632/b9205aw/Online-Examination-System-3632/OnlineExamSystem/SetExam.aspx.designer.cs
2025-12-30 11:10:08,076 - Knowledge - INFO - Found code-base-name: https://github.com/kavia-common/Online-Examination-System-3632.git:kavia-dev
2025-12-30 11:10:08,264 - Knowledge - INFO - Found code_base: <app.utils.kg_build.knowledge.KnowledgeCodeBase object at 0x7fd484351390>
2025-12-30 11:10:08,447 - Knowledge - INFO - process ingested knowledge for /app/data/tataelxsimockapisolutions5451/3632/b9205aw/Online-Examination-System-3632/OnlineExamSystem/ShowAns.aspx.designer.cs
2025-12-30 11:10:08,605 - Knowledge - INFO - Found code-base-name: https://github.com/kavia-common/Online-Examination-System-3632.git:kavia-dev
2025-12-30 11:10:08,794 - Knowledge - INFO - Found code_base: <app.utils.kg_build.knowledge.KnowledgeCodeBase object at 0x7fd484351390>
2025-12-30 11:10:08,989 - Knowledge - INFO - process ingested knowledge for /app/data/tataelxsimockapisolutions5451/3632/b9205aw/Online-Examination-System-3632/OnlineExamSystem/SignUpPage.aspx.designer.cs
2025-12-30 11:10:09,182 - Knowledge - INFO - Found code-base-name: https://github.com/kavia-common/Online-Examination-System-3632.git:kavia-dev
2025-12-30 11:10:09,370 - Knowledge - INFO - Found code_base: <app.utils.kg_build.knowledge.KnowledgeCodeBase object at 0x7fd484351390>
2025-12-30 11:10:09,566 - Knowledge - INFO - process ingested knowledge for /app/data/tataelxsimockapisolutions5451/3632/b9205aw/Online-Examination-System-3632/OnlineExamSystem/DownloadPdf.aspx.cs
2025-12-30 11:10:09,803 - Knowledge - INFO - Found code-base-name: https://github.com/kavia-common/Online-Examination-System-3632.git:kavia-dev
2025-12-30 11:10:09,987 - Knowledge - INFO - Found code_base: <app.utils.kg_build.knowledge.KnowledgeCodeBase object at 0x7fd484351390>
2025-12-30 11:10:10,151 - Knowledge - INFO - process ingested knowledge for /app/data/tataelxsimockapisolutions5451/3632/b9205aw/Online-Examination-System-3632/OnlineExamSystem/ExamResult.aspx.cs
2025-12-30 11:10:10,353 - Knowledge - INFO - Found code-base-name: https://github.com/kavia-common/Online-Examination-System-3632.git:kavia-dev
2025-12-30 11:10:10,571 - Knowledge - INFO - Found code_base: <app.utils.kg_build.knowledge.KnowledgeCodeBase object at 0x7fd484351390>
2025-12-30 11:10:10,745 - Knowledge - INFO - process ingested knowledge for /app/data/tataelxsimockapisolutions5451/3632/b9205aw/Online-Examination-System-3632/OnlineExamSystem/EditTheory.aspx.designer.cs
2025-12-30 11:10:10,954 - Knowledge - INFO - Found code-base-name: https://github.com/kavia-common/Online-Examination-System-3632.git:kavia-dev
2025-12-30 11:10:11,134 - Knowledge - INFO - Found code_base: <app.utils.kg_build.knowledge.KnowledgeCodeBase object at 0x7fd484351390>
2025-12-30 11:10:11,310 - Knowledge - INFO - process ingested knowledge for /app/data/tataelxsimockapisolutions5451/3632/b9205aw/Online-Examination-System-3632/OnlineExamSystem/EditExam.aspx.designer.cs
2025-12-30 11:10:11,485 - Knowledge - INFO - Found code-base-name: https://github.com/kavia-common/Online-Examination-System-3632.git:kavia-dev
2025-12-30 11:10:11,676 - Knowledge - INFO - Found code_base: <app.utils.kg_build.knowledge.KnowledgeCodeBase object at 0x7fd484351390>
2025-12-30 11:10:11,842 - Knowledge - INFO - process ingested knowledge for /app/data/tataelxsimockapisolutions5451/3632/b9205aw/Online-Examination-System-3632/OnlineExamSystem/UserProfile.aspx.cs
2025-12-30 11:10:12,041 - Knowledge - INFO - Found code-base-name: https://github.com/kavia-common/Online-Examination-System-3632.git:kavia-dev
2025-12-30 11:10:12,243 - Knowledge - INFO - Found code_base: <app.utils.kg_build.knowledge.KnowledgeCodeBase object at 0x7fd484351390>
2025-12-30 11:10:12,401 - Knowledge - INFO - process ingested knowledge for /app/data/tataelxsimockapisolutions5451/3632/b9205aw/Online-Examination-System-3632/OnlineExamSystem/Dashboard.aspx.cs
2025-12-30 11:10:12,631 - Knowledge - INFO - Found code-base-name: https://github.com/kavia-common/Online-Examination-System-3632.git:kavia-dev
2025-12-30 11:10:12,852 - Knowledge - INFO - Found code_base: <app.utils.kg_build.knowledge.KnowledgeCodeBase object at 0x7fd484351390>
2025-12-30 11:10:13,052 - Knowledge - INFO - process ingested knowledge for /app/data/tataelxsimockapisolutions5451/3632/b9205aw/Online-Examination-System-3632/OnlineExamSystem/StartExam.aspx.designer.cs
2025-12-30 11:10:13,248 - Knowledge - INFO - Found code-base-name: https://github.com/kavia-common/Online-Examination-System-3632.git:kavia-dev
2025-12-30 11:10:13,422 - Knowledge - INFO - Found code_base: <app.utils.kg_build.knowledge.KnowledgeCodeBase object at 0x7fd484351390>
2025-12-30 11:10:13,613 - Knowledge - INFO - process ingested knowledge for /app/data/tataelxsimockapisolutions5451/3632/b9205aw/Online-Examination-System-3632/OnlineExamSystem/AdminPanel.aspx.designer.cs
2025-12-30 11:10:13,828 - Knowledge - INFO - Found code-base-name: https://github.com/kavia-common/Online-Examination-System-3632.git:kavia-dev
2025-12-30 11:10:14,004 - Knowledge - INFO - Found code_base: <app.utils.kg_build.knowledge.KnowledgeCodeBase object at 0x7fd484351390>
2025-12-30 11:10:14,239 - Knowledge - INFO - process ingested knowledge for /app/data/tataelxsimockapisolutions5451/3632/b9205aw/Online-Examination-System-3632/packages/Microsoft.CodeDom.Providers.DotNetCompilerPlatform.1.0.0/lib/net45/Microsoft.CodeDom.Providers.DotNetCompilerPlatform.xml
2025-12-30 11:10:14,420 - Knowledge - INFO - Found code-base-name: https://github.com/kavia-common/Online-Examination-System-3632.git:kavia-dev
2025-12-30 11:10:14,636 - Knowledge - INFO - Found code_base: <app.utils.kg_build.knowledge.KnowledgeCodeBase object at 0x7fd484351390>
2025-12-30 11:10:14,842 - Knowledge - INFO - process ingested knowledge for /app/data/tataelxsimockapisolutions5451/3632/b9205aw/Online-Examination-System-3632/OnlineExamSystem/Leaderboard.aspx.designer.cs
2025-12-30 11:10:15,034 - Knowledge - INFO - Found code-base-name: https://github.com/kavia-common/Online-Examination-System-3632.git:kavia-dev
2025-12-30 11:10:15,209 - Knowledge - INFO - Found code_base: <app.utils.kg_build.knowledge.KnowledgeCodeBase object at 0x7fd484351390>
2025-12-30 11:10:15,398 - Knowledge - INFO - process ingested knowledge for /app/data/tataelxsimockapisolutions5451/3632/b9205aw/Online-Examination-System-3632/OnlineExamSystem/MCQSet.aspx.designer.cs
2025-12-30 11:10:15,581 - Knowledge - INFO - Found code-base-name: https://github.com/kavia-common/Online-Examination-System-3632.git:kavia-dev
2025-12-30 11:10:15,775 - Knowledge - INFO - Found code_base: <app.utils.kg_build.knowledge.KnowledgeCodeBase object at 0x7fd484351390>
2025-12-30 11:10:15,953 - Knowledge - INFO - process ingested knowledge for /app/data/tataelxsimockapisolutions5451/3632/b9205aw/Online-Examination-System-3632/OnlineExamSystem/MCQExam.aspx.cs
2025-12-30 11:10:16,125 - Knowledge - INFO - Found code-base-name: https://github.com/kavia-common/Online-Examination-System-3632.git:kavia-dev
2025-12-30 11:10:16,286 - Knowledge - INFO - Found code_base: <app.utils.kg_build.knowledge.KnowledgeCodeBase object at 0x7fd484351390>
2025-12-30 11:10:16,474 - Knowledge - INFO - process ingested knowledge for /app/data/tataelxsimockapisolutions5451/3632/b9205aw/Online-Examination-System-3632/OnlineExamSystem/AdminCourseQueue.aspx.cs
2025-12-30 11:10:16,662 - Knowledge - INFO - Found code-base-name: https://github.com/kavia-common/Online-Examination-System-3632.git:kavia-dev
2025-12-30 11:10:16,831 - Knowledge - INFO - Found code_base: <app.utils.kg_build.knowledge.KnowledgeCodeBase object at 0x7fd484351390>
2025-12-30 11:10:17,011 - Knowledge - INFO - process ingested knowledge for /app/data/tataelxsimockapisolutions5451/3632/b9205aw/Online-Examination-System-3632/OnlineExamSystem/CSS/bootstrap.css
2025-12-30 11:10:17,180 - Knowledge - INFO - Found code-base-name: https://github.com/kavia-common/Online-Examination-System-3632.git:kavia-dev
2025-12-30 11:10:17,397 - Knowledge - INFO - Found code_base: <app.utils.kg_build.knowledge.KnowledgeCodeBase object at 0x7fd484351390>
2025-12-30 11:10:17,604 - Knowledge - INFO - process ingested knowledge for /app/data/tataelxsimockapisolutions5451/3632/b9205aw/Online-Examination-System-3632/OnlineExamSystem/UserProfile.aspx.designer.cs
2025-12-30 11:10:17,797 - Knowledge - INFO - Found code-base-name: https://github.com/kavia-common/Online-Examination-System-3632.git:kavia-dev
2025-12-30 11:10:17,952 - Knowledge - INFO - Found code_base: <app.utils.kg_build.knowledge.KnowledgeCodeBase object at 0x7fd484351390>
2025-12-30 11:10:18,119 - Knowledge - INFO - process ingested knowledge for /app/data/tataelxsimockapisolutions5451/3632/b9205aw/Online-Examination-System-3632/OnlineExamSystem/Dashboard.aspx.designer.cs
2025-12-30 11:10:18,326 - Knowledge - INFO - Found code-base-name: https://github.com/kavia-common/Online-Examination-System-3632.git:kavia-dev
2025-12-30 11:10:18,564 - Knowledge - INFO - Found code_base: <app.utils.kg_build.knowledge.KnowledgeCodeBase object at 0x7fd484351390>
2025-12-30 11:10:18,728 - Knowledge - INFO - process ingested knowledge for /app/data/tataelxsimockapisolutions5451/3632/b9205aw/Online-Examination-System-3632/OnlineExamSystem/TakenCourses.aspx.cs
2025-12-30 11:10:18,895 - Knowledge - INFO - Found code-base-name: https://github.com/kavia-common/Online-Examination-System-3632.git:kavia-dev
2025-12-30 11:10:19,107 - Knowledge - INFO - Found code_base: <app.utils.kg_build.knowledge.KnowledgeCodeBase object at 0x7fd484351390>
2025-12-30 11:10:19,319 - Knowledge - INFO - process ingested knowledge for /app/data/tataelxsimockapisolutions5451/3632/b9205aw/Online-Examination-System-3632/OnlineExamSystem/SetExam.aspx.cs
2025-12-30 11:10:19,528 - Knowledge - INFO - Found code-base-name: https://github.com/kavia-common/Online-Examination-System-3632.git:kavia-dev
2025-12-30 11:10:19,771 - Knowledge - INFO - Found code_base: <app.utils.kg_build.knowledge.KnowledgeCodeBase object at 0x7fd484351390>
2025-12-30 11:10:19,964 - Knowledge - INFO - process ingested knowledge for /app/data/tataelxsimockapisolutions5451/3632/b9205aw/Online-Examination-System-3632/OnlineExamSystem/EditMCQ.aspx.cs
2025-12-30 11:10:20,158 - Knowledge - INFO - Found code-base-name: https://github.com/kavia-common/Online-Examination-System-3632.git:kavia-dev
2025-12-30 11:10:20,316 - Knowledge - INFO - Found code_base: <app.utils.kg_build.knowledge.KnowledgeCodeBase object at 0x7fd484351390>
2025-12-30 11:10:20,528 - Knowledge - INFO - process ingested knowledge for /app/data/tataelxsimockapisolutions5451/3632/b9205aw/Online-Examination-System-3632/OnlineExamSystem/TheorySet.aspx.cs
2025-12-30 11:10:20,694 - Knowledge - INFO - Found code-base-name: https://github.com/kavia-common/Online-Examination-System-3632.git:kavia-dev
2025-12-30 11:10:20,950 - Knowledge - INFO - Found code_base: <app.utils.kg_build.knowledge.KnowledgeCodeBase object at 0x7fd484351390>
2025-12-30 11:10:21,157 - Knowledge - INFO - process ingested knowledge for /app/data/tataelxsimockapisolutions5451/3632/b9205aw/Online-Examination-System-3632/OnlineExamSystem/ShowAns.aspx.cs
2025-12-30 11:10:21,370 - Knowledge - INFO - Found code-base-name: https://github.com/kavia-common/Online-Examination-System-3632.git:kavia-dev
2025-12-30 11:10:21,570 - Knowledge - INFO - Found code_base: <app.utils.kg_build.knowledge.KnowledgeCodeBase object at 0x7fd484351390>
2025-12-30 11:10:21,768 - Knowledge - INFO - process ingested knowledge for /app/data/tataelxsimockapisolutions5451/3632/b9205aw/Online-Examination-System-3632/OnlineExamSystem/SignUpPage.aspx.cs
2025-12-30 11:10:21,930 - Knowledge - INFO - Found code-base-name: https://github.com/kavia-common/Online-Examination-System-3632.git:kavia-dev
2025-12-30 11:10:22,126 - Knowledge - INFO - Found code_base: <app.utils.kg_build.knowledge.KnowledgeCodeBase object at 0x7fd484351390>
2025-12-30 11:10:22,329 - Knowledge - INFO - process ingested knowledge for /app/data/tataelxsimockapisolutions5451/3632/b9205aw/Online-Examination-System-3632/README.md
2025-12-30 11:10:22,496 - Knowledge - INFO - Found code-base-name: https://github.com/kavia-common/Online-Examination-System-3632.git:kavia-dev
2025-12-30 11:10:22,688 - Knowledge - INFO - Found code_base: <app.utils.kg_build.knowledge.KnowledgeCodeBase object at 0x7fd484351390>
2025-12-30 11:10:22,940 - Knowledge - INFO - process ingested knowledge for /app/data/tataelxsimockapisolutions5451/3632/b9205aw/Online-Examination-System-3632/OnlineExamSystem/MCQExam.aspx.designer.cs
2025-12-30 11:10:23,114 - Knowledge - INFO - Found code-base-name: https://github.com/kavia-common/Online-Examination-System-3632.git:kavia-dev
2025-12-30 11:10:23,341 - Knowledge - INFO - Found code_base: <app.utils.kg_build.knowledge.KnowledgeCodeBase object at 0x7fd484351390>
2025-12-30 11:10:23,546 - Knowledge - INFO - process ingested knowledge for /app/data/tataelxsimockapisolutions5451/3632/b9205aw/Online-Examination-System-3632/database-script/README.md
2025-12-30 11:10:23,789 - Knowledge - INFO - Found code-base-name: https://github.com/kavia-common/Online-Examination-System-3632.git:kavia-dev
2025-12-30 11:10:23,979 - Knowledge - INFO - Found code_base: <app.utils.kg_build.knowledge.KnowledgeCodeBase object at 0x7fd484351390>
2025-12-30 11:10:24,159 - Knowledge - INFO - process ingested knowledge for /app/data/tataelxsimockapisolutions5451/3632/b9205aw/Online-Examination-System-3632/OnlineExamSystem/DownloadPdf.aspx.designer.cs
2025-12-30 11:10:24,315 - Knowledge - INFO - Found code-base-name: https://github.com/kavia-common/Online-Examination-System-3632.git:kavia-dev
2025-12-30 11:10:24,494 - Knowledge - INFO - Found code_base: <app.utils.kg_build.knowledge.KnowledgeCodeBase object at 0x7fd484351390>
2025-12-30 11:10:24,739 - Knowledge - INFO - process ingested knowledge for /app/data/tataelxsimockapisolutions5451/3632/b9205aw/Online-Examination-System-3632/OnlineExamSystem/EditExam.aspx.cs
2025-12-30 11:10:24,912 - Knowledge - INFO - Found code-base-name: https://github.com/kavia-common/Online-Examination-System-3632.git:kavia-dev
2025-12-30 11:10:25,089 - Knowledge - INFO - Found code_base: <app.utils.kg_build.knowledge.KnowledgeCodeBase object at 0x7fd484351390>
2025-12-30 11:10:25,246 - Knowledge - INFO - process ingested knowledge for /app/data/tataelxsimockapisolutions5451/3632/b9205aw/Online-Examination-System-3632/OnlineExamSystem/EditTheory.aspx.cs
2025-12-30 11:10:25,451 - Knowledge - INFO - Found code-base-name: https://github.com/kavia-common/Online-Examination-System-3632.git:kavia-dev
2025-12-30 11:10:25,626 - Knowledge - INFO - Found code_base: <app.utils.kg_build.knowledge.KnowledgeCodeBase object at 0x7fd484351390>
2025-12-30 11:10:25,817 - Knowledge - INFO - process ingested knowledge for /app/data/tataelxsimockapisolutions5451/3632/b9205aw/Online-Examination-System-3632/OnlineExamSystem/StartExam.aspx.cs
2025-12-30 11:10:26,026 - Knowledge - INFO - Found code-base-name: https://github.com/kavia-common/Online-Examination-System-3632.git:kavia-dev
2025-12-30 11:10:26,214 - Knowledge - INFO - Found code_base: <app.utils.kg_build.knowledge.KnowledgeCodeBase object at 0x7fd484351390>
2025-12-30 11:10:26,409 - Knowledge - INFO - process ingested knowledge for /app/data/tataelxsimockapisolutions5451/3632/b9205aw/Online-Examination-System-3632/OnlineExamSystem/AdminPanel.aspx.cs
2025-12-30 11:10:26,573 - Knowledge - INFO - Found code-base-name: https://github.com/kavia-common/Online-Examination-System-3632.git:kavia-dev
2025-12-30 11:10:26,750 - Knowledge - INFO - Found code_base: <app.utils.kg_build.knowledge.KnowledgeCodeBase object at 0x7fd484351390>
2025-12-30 11:10:26,914 - Knowledge - INFO - process ingested knowledge for /app/data/tataelxsimockapisolutions5451/3632/b9205aw/Online-Examination-System-3632/OnlineExamSystem/ExamResult.aspx.designer.cs
2025-12-30 11:10:27,087 - Knowledge - INFO - Found code-base-name: https://github.com/kavia-common/Online-Examination-System-3632.git:kavia-dev
2025-12-30 11:10:27,243 - Knowledge - INFO - Found code_base: <app.utils.kg_build.knowledge.KnowledgeCodeBase object at 0x7fd484351390>
2025-12-30 11:10:27,410 - Knowledge - INFO - process ingested knowledge for /app/data/tataelxsimockapisolutions5451/3632/b9205aw/Online-Examination-System-3632/OnlineExamSystem/LoginPage.aspx.designer.cs
2025-12-30 11:10:27,573 - Knowledge - INFO - Found code-base-name: https://github.com/kavia-common/Online-Examination-System-3632.git:kavia-dev
2025-12-30 11:10:27,734 - Knowledge - INFO - Found code_base: <app.utils.kg_build.knowledge.KnowledgeCodeBase object at 0x7fd484351390>
2025-12-30 11:10:27,955 - Knowledge - INFO - process ingested knowledge for /app/data/tataelxsimockapisolutions5451/3632/b9205aw/Online-Examination-System-3632/OnlineExamSystem/TheoryExam.aspx.designer.cs
2025-12-30 11:10:28,124 - Knowledge - INFO - Found code-base-name: https://github.com/kavia-common/Online-Examination-System-3632.git:kavia-dev
2025-12-30 11:10:28,306 - Knowledge - INFO - Found code_base: <app.utils.kg_build.knowledge.KnowledgeCodeBase object at 0x7fd484351390>
2025-12-30 11:10:28,472 - Knowledge - INFO - process ingested knowledge for /app/data/tataelxsimockapisolutions5451/3632/b9205aw/Online-Examination-System-3632/OnlineExamSystem/Leaderboard.aspx.cs
2025-12-30 11:10:28,679 - Knowledge - INFO - Found code-base-name: https://github.com/kavia-common/Online-Examination-System-3632.git:kavia-dev
2025-12-30 11:10:28,853 - Knowledge - INFO - Found code_base: <app.utils.kg_build.knowledge.KnowledgeCodeBase object at 0x7fd484351390>
2025-12-30 11:10:29,050 - Knowledge - INFO - process ingested knowledge for /app/data/tataelxsimockapisolutions5451/3632/b9205aw/Online-Examination-System-3632/OnlineExamSystem/AdminQueue.aspx.designer.cs
2025-12-30 11:10:29,224 - Knowledge - INFO - Found code-base-name: https://github.com/kavia-common/Online-Examination-System-3632.git:kavia-dev
2025-12-30 11:10:29,382 - Knowledge - INFO - Found code_base: <app.utils.kg_build.knowledge.KnowledgeCodeBase object at 0x7fd484351390>
2025-12-30 11:10:29,576 - Knowledge - INFO - process ingested knowledge for /app/data/tataelxsimockapisolutions5451/3632/b9205aw/Online-Examination-System-3632/OnlineExamSystem/AdminLeaderboard.aspx.designer.cs
2025-12-30 11:10:29,760 - Knowledge - INFO - Found code-base-name: https://github.com/kavia-common/Online-Examination-System-3632.git:kavia-dev
2025-12-30 11:10:29,929 - Knowledge - INFO - Found code_base: <app.utils.kg_build.knowledge.KnowledgeCodeBase object at 0x7fd484351390>
2025-12-30 11:10:30,100 - Knowledge - INFO - process ingested knowledge for /app/data/tataelxsimockapisolutions5451/3632/b9205aw/Online-Examination-System-3632/OnlineExamSystem/MCQSet.aspx.cs
2025-12-30 11:10:30,324 - Knowledge - INFO - Loaded 50 files from persisted knowledge
2025-12-30 11:10:30,515 - Knowledge - INFO - load persisted knowledge: end
2025-12-30 11:10:30,724 - Knowledge - INFO - Redis support added with prefix knowledge:b9205aw:
2025-12-30 11:10:31,049 - Knowledge - INFO - Starting knowledge initialization for ID: sZ9eeD-b9205aw
2025-12-30 11:10:31,255 - Knowledge - INFO - 🔍 Checking Redis for build_id: b9205aw
2025-12-30 11:10:31,441 - Knowledge - INFO - 🔍 Full session ID: sZ9eeD-b9205aw
2025-12-30 11:10:31,611 - Knowledge - INFO - 🔍 Redis prefix will be: knowledge:b9205aw:
2025-12-30 11:10:31,783 - Knowledge - INFO - 🔍 Using attached load_from_redis() method
2025-12-30 11:10:31,973 - Knowledge - INFO - 🔍 Attempting to load knowledge from Redis...
2025-12-30 11:10:32,149 - Knowledge - INFO - 🔍 Using derived instance_id for Redis lookup: b9205aw
2025-12-30 11:10:32,323 - Knowledge - INFO - ✅ Redis cache found! Loading knowledge...
2025-12-30 11:10:32,493 - Knowledge - INFO - ✅ Successfully loaded from Redis: 50 files
2025-12-30 11:10:32,737 - Knowledge - INFO - ✅ Redis load complete: 50 files in 0.95s
2025-12-30 11:10:32,957 - Knowledge - INFO - ⚡ Total Redis path: 0.95s (vs ~300s from disk)
2025-12-30 11:10:33,130 - Knowledge - INFO - Saving knowledge to Redis...
2025-12-30 11:10:33,348 - Knowledge - INFO - Knowledge saved to Redis successfully
2025-12-31 10:16:31,963 - Knowledge - INFO - Created shared MongoDB connection pool
2025-12-31 10:16:32,321 - Knowledge - INFO - Starting Knowledge Graph processing with 20 threads
2025-12-31 10:16:32,512 - Knowledge - INFO - Initial configuration: chunk_size=65536, max_cache_size=500
2025-12-31 10:16:32,666 - Knowledge - INFO - Knowledge Graph concurrency configuration: workers=20, max_batch_size=10, max_concurrent_llm_calls=50
2025-12-31 10:16:33,888 - Knowledge - INFO - 🔍 _load_persisted_knowledge called - checking for Redis optimization
2025-12-31 10:16:34,031 - Knowledge - WARNING - ❌ load_from_redis method not found - Redis support not attached
2025-12-31 10:16:34,202 - Knowledge - INFO - load persisted knowledge: begin
2025-12-31 10:16:34,396 - Knowledge - INFO - Found code-base-name: https://github.com/kavia-common/Online-Examination-System-3632.git:kavia-dev
2025-12-31 10:16:34,581 - Knowledge - INFO - Found code_base: <app.utils.kg_build.knowledge.KnowledgeCodeBase object at 0x7fc6e7456d90>
2025-12-31 10:16:34,773 - Knowledge - INFO - process ingested knowledge for /app/data/tataelxsimockapisolutions5451/3632/b9205aw/Online-Examination-System-3632/OnlineExamSystem/Properties/AssemblyInfo.cs
2025-12-31 10:16:34,942 - Knowledge - INFO - Found code-base-name: https://github.com/kavia-common/Online-Examination-System-3632.git:kavia-dev
2025-12-31 10:16:35,132 - Knowledge - INFO - Found code_base: <app.utils.kg_build.knowledge.KnowledgeCodeBase object at 0x7fc6e7456d90>
2025-12-31 10:16:35,332 - Knowledge - INFO - process ingested knowledge for /app/data/tataelxsimockapisolutions5451/3632/b9205aw/Online-Examination-System-3632/OnlineExamSystem/AdminLeaderboard.aspx.cs
2025-12-31 10:16:35,547 - Knowledge - INFO - Found code-base-name: https://github.com/kavia-common/Online-Examination-System-3632.git:kavia-dev
2025-12-31 10:16:35,756 - Knowledge - INFO - Found code_base: <app.utils.kg_build.knowledge.KnowledgeCodeBase object at 0x7fc6e7456d90>
2025-12-31 10:16:35,940 - Knowledge - INFO - process ingested knowledge for /app/data/tataelxsimockapisolutions5451/3632/b9205aw/Online-Examination-System-3632/OnlineExamSystem/AdminCourseQueue.aspx.designer.cs
2025-12-31 10:16:36,114 - Knowledge - INFO - Found code-base-name: https://github.com/kavia-common/Online-Examination-System-3632.git:kavia-dev
2025-12-31 10:16:36,332 - Knowledge - INFO - Found code_base: <app.utils.kg_build.knowledge.KnowledgeCodeBase object at 0x7fc6e7456d90>
2025-12-31 10:16:36,517 - Knowledge - INFO - process ingested knowledge for /app/data/tataelxsimockapisolutions5451/3632/b9205aw/Online-Examination-System-3632/OnlineExamSystem/AdminQueue.aspx.cs
2025-12-31 10:16:36,700 - Knowledge - INFO - Found code-base-name: https://github.com/kavia-common/Online-Examination-System-3632.git:kavia-dev
2025-12-31 10:16:36,892 - Knowledge - INFO - Found code_base: <app.utils.kg_build.knowledge.KnowledgeCodeBase object at 0x7fc6e7456d90>
2025-12-31 10:16:37,127 - Knowledge - INFO - process ingested knowledge for /app/data/tataelxsimockapisolutions5451/3632/b9205aw/Online-Examination-System-3632/OnlineExamSystem/TheorySet.aspx.designer.cs
2025-12-31 10:16:37,310 - Knowledge - INFO - Found code-base-name: https://github.com/kavia-common/Online-Examination-System-3632.git:kavia-dev
2025-12-31 10:16:37,515 - Knowledge - INFO - Found code_base: <app.utils.kg_build.knowledge.KnowledgeCodeBase object at 0x7fc6e7456d90>
2025-12-31 10:16:37,699 - Knowledge - INFO - process ingested knowledge for /app/data/tataelxsimockapisolutions5451/3632/b9205aw/Online-Examination-System-3632/OnlineExamSystem/EditMCQ.aspx.designer.cs
2025-12-31 10:16:37,927 - Knowledge - INFO - Found code-base-name: https://github.com/kavia-common/Online-Examination-System-3632.git:kavia-dev
2025-12-31 10:16:38,144 - Knowledge - INFO - Found code_base: <app.utils.kg_build.knowledge.KnowledgeCodeBase object at 0x7fc6e7456d90>
2025-12-31 10:16:38,352 - Knowledge - INFO - process ingested knowledge for /app/data/tataelxsimockapisolutions5451/3632/b9205aw/Online-Examination-System-3632/OnlineExamSystem/LoginPage.aspx.cs
2025-12-31 10:16:38,595 - Knowledge - INFO - Found code-base-name: https://github.com/kavia-common/Online-Examination-System-3632.git:kavia-dev
2025-12-31 10:16:38,782 - Knowledge - INFO - Found code_base: <app.utils.kg_build.knowledge.KnowledgeCodeBase object at 0x7fc6e7456d90>
2025-12-31 10:16:38,986 - Knowledge - INFO - process ingested knowledge for /app/data/tataelxsimockapisolutions5451/3632/b9205aw/Online-Examination-System-3632/database-script/Online-Examination-System-Databse-Script.sql
2025-12-31 10:16:39,172 - Knowledge - INFO - Found code-base-name: https://github.com/kavia-common/Online-Examination-System-3632.git:kavia-dev
2025-12-31 10:16:39,341 - Knowledge - INFO - Found code_base: <app.utils.kg_build.knowledge.KnowledgeCodeBase object at 0x7fc6e7456d90>
2025-12-31 10:16:39,524 - Knowledge - INFO - process ingested knowledge for /app/data/tataelxsimockapisolutions5451/3632/b9205aw/Online-Examination-System-3632/OnlineExamSystem/TheoryExam.aspx.cs
2025-12-31 10:16:39,693 - Knowledge - INFO - Found code-base-name: https://github.com/kavia-common/Online-Examination-System-3632.git:kavia-dev
2025-12-31 10:16:39,884 - Knowledge - INFO - Found code_base: <app.utils.kg_build.knowledge.KnowledgeCodeBase object at 0x7fc6e7456d90>
2025-12-31 10:16:40,078 - Knowledge - INFO - process ingested knowledge for /app/data/tataelxsimockapisolutions5451/3632/b9205aw/Online-Examination-System-3632/OnlineExamSystem/TakenCourses.aspx.designer.cs
2025-12-31 10:16:40,311 - Knowledge - INFO - Found code-base-name: https://github.com/kavia-common/Online-Examination-System-3632.git:kavia-dev
2025-12-31 10:16:40,516 - Knowledge - INFO - Found code_base: <app.utils.kg_build.knowledge.KnowledgeCodeBase object at 0x7fc6e7456d90>
2025-12-31 10:16:40,711 - Knowledge - INFO - process ingested knowledge for /app/data/tataelxsimockapisolutions5451/3632/b9205aw/Online-Examination-System-3632/OnlineExamSystem/SetExam.aspx.designer.cs
2025-12-31 10:16:40,910 - Knowledge - INFO - Found code-base-name: https://github.com/kavia-common/Online-Examination-System-3632.git:kavia-dev
2025-12-31 10:16:41,089 - Knowledge - INFO - Found code_base: <app.utils.kg_build.knowledge.KnowledgeCodeBase object at 0x7fc6e7456d90>
2025-12-31 10:16:41,256 - Knowledge - INFO - process ingested knowledge for /app/data/tataelxsimockapisolutions5451/3632/b9205aw/Online-Examination-System-3632/OnlineExamSystem/ShowAns.aspx.designer.cs
2025-12-31 10:16:41,459 - Knowledge - INFO - Found code-base-name: https://github.com/kavia-common/Online-Examination-System-3632.git:kavia-dev
2025-12-31 10:16:41,625 - Knowledge - INFO - Found code_base: <app.utils.kg_build.knowledge.KnowledgeCodeBase object at 0x7fc6e7456d90>
2025-12-31 10:16:41,826 - Knowledge - INFO - process ingested knowledge for /app/data/tataelxsimockapisolutions5451/3632/b9205aw/Online-Examination-System-3632/OnlineExamSystem/SignUpPage.aspx.designer.cs
2025-12-31 10:16:41,980 - Knowledge - INFO - Found code-base-name: https://github.com/kavia-common/Online-Examination-System-3632.git:kavia-dev
2025-12-31 10:16:42,200 - Knowledge - INFO - Found code_base: <app.utils.kg_build.knowledge.KnowledgeCodeBase object at 0x7fc6e7456d90>
2025-12-31 10:16:42,365 - Knowledge - INFO - process ingested knowledge for /app/data/tataelxsimockapisolutions5451/3632/b9205aw/Online-Examination-System-3632/OnlineExamSystem/DownloadPdf.aspx.cs
2025-12-31 10:16:42,538 - Knowledge - INFO - Found code-base-name: https://github.com/kavia-common/Online-Examination-System-3632.git:kavia-dev
2025-12-31 10:16:42,746 - Knowledge - INFO - Found code_base: <app.utils.kg_build.knowledge.KnowledgeCodeBase object at 0x7fc6e7456d90>
2025-12-31 10:16:42,956 - Knowledge - INFO - process ingested knowledge for /app/data/tataelxsimockapisolutions5451/3632/b9205aw/Online-Examination-System-3632/OnlineExamSystem/ExamResult.aspx.cs
2025-12-31 10:16:43,134 - Knowledge - INFO - Found code-base-name: https://github.com/kavia-common/Online-Examination-System-3632.git:kavia-dev
2025-12-31 10:16:43,310 - Knowledge - INFO - Found code_base: <app.utils.kg_build.knowledge.KnowledgeCodeBase object at 0x7fc6e7456d90>
2025-12-31 10:16:43,517 - Knowledge - INFO - process ingested knowledge for /app/data/tataelxsimockapisolutions5451/3632/b9205aw/Online-Examination-System-3632/OnlineExamSystem/EditTheory.aspx.designer.cs
2025-12-31 10:16:43,708 - Knowledge - INFO - Found code-base-name: https://github.com/kavia-common/Online-Examination-System-3632.git:kavia-dev
2025-12-31 10:16:43,894 - Knowledge - INFO - Found code_base: <app.utils.kg_build.knowledge.KnowledgeCodeBase object at 0x7fc6e7456d90>
2025-12-31 10:16:44,098 - Knowledge - INFO - process ingested knowledge for /app/data/tataelxsimockapisolutions5451/3632/b9205aw/Online-Examination-System-3632/OnlineExamSystem/EditExam.aspx.designer.cs
2025-12-31 10:16:44,272 - Knowledge - INFO - Found code-base-name: https://github.com/kavia-common/Online-Examination-System-3632.git:kavia-dev
2025-12-31 10:16:44,429 - Knowledge - INFO - Found code_base: <app.utils.kg_build.knowledge.KnowledgeCodeBase object at 0x7fc6e7456d90>
2025-12-31 10:16:44,603 - Knowledge - INFO - process ingested knowledge for /app/data/tataelxsimockapisolutions5451/3632/b9205aw/Online-Examination-System-3632/OnlineExamSystem/UserProfile.aspx.cs
2025-12-31 10:16:44,794 - Knowledge - INFO - Found code-base-name: https://github.com/kavia-common/Online-Examination-System-3632.git:kavia-dev
2025-12-31 10:16:45,034 - Knowledge - INFO - Found code_base: <app.utils.kg_build.knowledge.KnowledgeCodeBase object at 0x7fc6e7456d90>
2025-12-31 10:16:45,230 - Knowledge - INFO - process ingested knowledge for /app/data/tataelxsimockapisolutions5451/3632/b9205aw/Online-Examination-System-3632/OnlineExamSystem/Dashboard.aspx.cs
2025-12-31 10:16:45,464 - Knowledge - INFO - Found code-base-name: https://github.com/kavia-common/Online-Examination-System-3632.git:kavia-dev
2025-12-31 10:16:45,646 - Knowledge - INFO - Found code_base: <app.utils.kg_build.knowledge.KnowledgeCodeBase object at 0x7fc6e7456d90>
2025-12-31 10:16:45,803 - Knowledge - INFO - process ingested knowledge for /app/data/tataelxsimockapisolutions5451/3632/b9205aw/Online-Examination-System-3632/OnlineExamSystem/StartExam.aspx.designer.cs
2025-12-31 10:16:45,991 - Knowledge - INFO - Found code-base-name: https://github.com/kavia-common/Online-Examination-System-3632.git:kavia-dev
2025-12-31 10:16:46,178 - Knowledge - INFO - Found code_base: <app.utils.kg_build.knowledge.KnowledgeCodeBase object at 0x7fc6e7456d90>
2025-12-31 10:16:46,329 - Knowledge - INFO - process ingested knowledge for /app/data/tataelxsimockapisolutions5451/3632/b9205aw/Online-Examination-System-3632/OnlineExamSystem/AdminPanel.aspx.designer.cs
2025-12-31 10:16:46,519 - Knowledge - INFO - Found code-base-name: https://github.com/kavia-common/Online-Examination-System-3632.git:kavia-dev
2025-12-31 10:16:46,726 - Knowledge - INFO - Found code_base: <app.utils.kg_build.knowledge.KnowledgeCodeBase object at 0x7fc6e7456d90>
2025-12-31 10:16:46,921 - Knowledge - INFO - process ingested knowledge for /app/data/tataelxsimockapisolutions5451/3632/b9205aw/Online-Examination-System-3632/packages/Microsoft.CodeDom.Providers.DotNetCompilerPlatform.1.0.0/lib/net45/Microsoft.CodeDom.Providers.DotNetCompilerPlatform.xml
2025-12-31 10:16:47,085 - Knowledge - INFO - Found code-base-name: https://github.com/kavia-common/Online-Examination-System-3632.git:kavia-dev
2025-12-31 10:16:47,281 - Knowledge - INFO - Found code_base: <app.utils.kg_build.knowledge.KnowledgeCodeBase object at 0x7fc6e7456d90>
2025-12-31 10:16:47,472 - Knowledge - INFO - process ingested knowledge for /app/data/tataelxsimockapisolutions5451/3632/b9205aw/Online-Examination-System-3632/OnlineExamSystem/Leaderboard.aspx.designer.cs
2025-12-31 10:16:47,668 - Knowledge - INFO - Found code-base-name: https://github.com/kavia-common/Online-Examination-System-3632.git:kavia-dev
2025-12-31 10:16:47,882 - Knowledge - INFO - Found code_base: <app.utils.kg_build.knowledge.KnowledgeCodeBase object at 0x7fc6e7456d90>
2025-12-31 10:16:48,044 - Knowledge - INFO - process ingested knowledge for /app/data/tataelxsimockapisolutions5451/3632/b9205aw/Online-Examination-System-3632/OnlineExamSystem/MCQSet.aspx.designer.cs
2025-12-31 10:16:48,213 - Knowledge - INFO - Found code-base-name: https://github.com/kavia-common/Online-Examination-System-3632.git:kavia-dev
2025-12-31 10:16:48,401 - Knowledge - INFO - Found code_base: <app.utils.kg_build.knowledge.KnowledgeCodeBase object at 0x7fc6e7456d90>
2025-12-31 10:16:48,620 - Knowledge - INFO - process ingested knowledge for /app/data/tataelxsimockapisolutions5451/3632/b9205aw/Online-Examination-System-3632/OnlineExamSystem/MCQExam.aspx.cs
2025-12-31 10:16:48,817 - Knowledge - INFO - Found code-base-name: https://github.com/kavia-common/Online-Examination-System-3632.git:kavia-dev
2025-12-31 10:16:49,015 - Knowledge - INFO - Found code_base: <app.utils.kg_build.knowledge.KnowledgeCodeBase object at 0x7fc6e7456d90>
2025-12-31 10:16:49,201 - Knowledge - INFO - process ingested knowledge for /app/data/tataelxsimockapisolutions5451/3632/b9205aw/Online-Examination-System-3632/OnlineExamSystem/AdminCourseQueue.aspx.cs
2025-12-31 10:16:49,360 - Knowledge - INFO - Found code-base-name: https://github.com/kavia-common/Online-Examination-System-3632.git:kavia-dev
2025-12-31 10:16:49,550 - Knowledge - INFO - Found code_base: <app.utils.kg_build.knowledge.KnowledgeCodeBase object at 0x7fc6e7456d90>
2025-12-31 10:16:49,742 - Knowledge - INFO - process ingested knowledge for /app/data/tataelxsimockapisolutions5451/3632/b9205aw/Online-Examination-System-3632/OnlineExamSystem/CSS/bootstrap.css
2025-12-31 10:16:49,974 - Knowledge - INFO - Found code-base-name: https://github.com/kavia-common/Online-Examination-System-3632.git:kavia-dev
2025-12-31 10:16:50,148 - Knowledge - INFO - Found code_base: <app.utils.kg_build.knowledge.KnowledgeCodeBase object at 0x7fc6e7456d90>
2025-12-31 10:16:50,326 - Knowledge - INFO - process ingested knowledge for /app/data/tataelxsimockapisolutions5451/3632/b9205aw/Online-Examination-System-3632/OnlineExamSystem/UserProfile.aspx.designer.cs
2025-12-31 10:16:50,526 - Knowledge - INFO - Found code-base-name: https://github.com/kavia-common/Online-Examination-System-3632.git:kavia-dev
2025-12-31 10:16:50,702 - Knowledge - INFO - Found code_base: <app.utils.kg_build.knowledge.KnowledgeCodeBase object at 0x7fc6e7456d90>
2025-12-31 10:16:50,862 - Knowledge - INFO - process ingested knowledge for /app/data/tataelxsimockapisolutions5451/3632/b9205aw/Online-Examination-System-3632/OnlineExamSystem/Dashboard.aspx.designer.cs
2025-12-31 10:16:51,062 - Knowledge - INFO - Found code-base-name: https://github.com/kavia-common/Online-Examination-System-3632.git:kavia-dev
2025-12-31 10:16:51,212 - Knowledge - INFO - Found code_base: <app.utils.kg_build.knowledge.KnowledgeCodeBase object at 0x7fc6e7456d90>
2025-12-31 10:16:51,422 - Knowledge - INFO - process ingested knowledge for /app/data/tataelxsimockapisolutions5451/3632/b9205aw/Online-Examination-System-3632/OnlineExamSystem/TakenCourses.aspx.cs
2025-12-31 10:16:51,621 - Knowledge - INFO - Found code-base-name: https://github.com/kavia-common/Online-Examination-System-3632.git:kavia-dev
2025-12-31 10:16:51,783 - Knowledge - INFO - Found code_base: <app.utils.kg_build.knowledge.KnowledgeCodeBase object at 0x7fc6e7456d90>
2025-12-31 10:16:51,947 - Knowledge - INFO - process ingested knowledge for /app/data/tataelxsimockapisolutions5451/3632/b9205aw/Online-Examination-System-3632/OnlineExamSystem/SetExam.aspx.cs
2025-12-31 10:16:52,157 - Knowledge - INFO - Found code-base-name: https://github.com/kavia-common/Online-Examination-System-3632.git:kavia-dev
2025-12-31 10:16:52,315 - Knowledge - INFO - Found code_base: <app.utils.kg_build.knowledge.KnowledgeCodeBase object at 0x7fc6e7456d90>
2025-12-31 10:16:52,510 - Knowledge - INFO - process ingested knowledge for /app/data/tataelxsimockapisolutions5451/3632/b9205aw/Online-Examination-System-3632/OnlineExamSystem/EditMCQ.aspx.cs
2025-12-31 10:16:52,699 - Knowledge - INFO - Found code-base-name: https://github.com/kavia-common/Online-Examination-System-3632.git:kavia-dev
2025-12-31 10:16:52,877 - Knowledge - INFO - Found code_base: <app.utils.kg_build.knowledge.KnowledgeCodeBase object at 0x7fc6e7456d90>
2025-12-31 10:16:53,116 - Knowledge - INFO - process ingested knowledge for /app/data/tataelxsimockapisolutions5451/3632/b9205aw/Online-Examination-System-3632/OnlineExamSystem/TheorySet.aspx.cs
2025-12-31 10:16:53,281 - Knowledge - INFO - Found code-base-name: https://github.com/kavia-common/Online-Examination-System-3632.git:kavia-dev
2025-12-31 10:16:53,462 - Knowledge - INFO - Found code_base: <app.utils.kg_build.knowledge.KnowledgeCodeBase object at 0x7fc6e7456d90>
2025-12-31 10:16:53,629 - Knowledge - INFO - process ingested knowledge for /app/data/tataelxsimockapisolutions5451/3632/b9205aw/Online-Examination-System-3632/OnlineExamSystem/ShowAns.aspx.cs
2025-12-31 10:16:53,788 - Knowledge - INFO - Found code-base-name: https://github.com/kavia-common/Online-Examination-System-3632.git:kavia-dev
2025-12-31 10:16:53,929 - Knowledge - INFO - Found code_base: <app.utils.kg_build.knowledge.KnowledgeCodeBase object at 0x7fc6e7456d90>
2025-12-31 10:16:54,122 - Knowledge - INFO - process ingested knowledge for /app/data/tataelxsimockapisolutions5451/3632/b9205aw/Online-Examination-System-3632/OnlineExamSystem/SignUpPage.aspx.cs
2025-12-31 10:16:54,325 - Knowledge - INFO - Found code-base-name: https://github.com/kavia-common/Online-Examination-System-3632.git:kavia-dev
2025-12-31 10:16:54,503 - Knowledge - INFO - Found code_base: <app.utils.kg_build.knowledge.KnowledgeCodeBase object at 0x7fc6e7456d90>
2025-12-31 10:16:54,670 - Knowledge - INFO - process ingested knowledge for /app/data/tataelxsimockapisolutions5451/3632/b9205aw/Online-Examination-System-3632/README.md
2025-12-31 10:16:54,864 - Knowledge - INFO - Found code-base-name: https://github.com/kavia-common/Online-Examination-System-3632.git:kavia-dev
2025-12-31 10:16:55,071 - Knowledge - INFO - Found code_base: <app.utils.kg_build.knowledge.KnowledgeCodeBase object at 0x7fc6e7456d90>
2025-12-31 10:16:55,237 - Knowledge - INFO - process ingested knowledge for /app/data/tataelxsimockapisolutions5451/3632/b9205aw/Online-Examination-System-3632/OnlineExamSystem/MCQExam.aspx.designer.cs
2025-12-31 10:16:55,406 - Knowledge - INFO - Found code-base-name: https://github.com/kavia-common/Online-Examination-System-3632.git:kavia-dev
2025-12-31 10:16:55,631 - Knowledge - INFO - Found code_base: <app.utils.kg_build.knowledge.KnowledgeCodeBase object at 0x7fc6e7456d90>
2025-12-31 10:16:55,825 - Knowledge - INFO - process ingested knowledge for /app/data/tataelxsimockapisolutions5451/3632/b9205aw/Online-Examination-System-3632/database-script/README.md
2025-12-31 10:16:56,037 - Knowledge - INFO - Found code-base-name: https://github.com/kavia-common/Online-Examination-System-3632.git:kavia-dev
2025-12-31 10:16:56,203 - Knowledge - INFO - Found code_base: <app.utils.kg_build.knowledge.KnowledgeCodeBase object at 0x7fc6e7456d90>
2025-12-31 10:16:56,381 - Knowledge - INFO - process ingested knowledge for /app/data/tataelxsimockapisolutions5451/3632/b9205aw/Online-Examination-System-3632/OnlineExamSystem/DownloadPdf.aspx.designer.cs
2025-12-31 10:16:56,562 - Knowledge - INFO - Found code-base-name: https://github.com/kavia-common/Online-Examination-System-3632.git:kavia-dev
2025-12-31 10:16:56,747 - Knowledge - INFO - Found code_base: <app.utils.kg_build.knowledge.KnowledgeCodeBase object at 0x7fc6e7456d90>
2025-12-31 10:16:56,897 - Knowledge - INFO - process ingested knowledge for /app/data/tataelxsimockapisolutions5451/3632/b9205aw/Online-Examination-System-3632/OnlineExamSystem/EditExam.aspx.cs
2025-12-31 10:16:57,105 - Knowledge - INFO - Found code-base-name: https://github.com/kavia-common/Online-Examination-System-3632.git:kavia-dev
2025-12-31 10:16:57,257 - Knowledge - INFO - Found code_base: <app.utils.kg_build.knowledge.KnowledgeCodeBase object at 0x7fc6e7456d90>
2025-12-31 10:16:57,484 - Knowledge - INFO - process ingested knowledge for /app/data/tataelxsimockapisolutions5451/3632/b9205aw/Online-Examination-System-3632/OnlineExamSystem/EditTheory.aspx.cs
2025-12-31 10:16:57,665 - Knowledge - INFO - Found code-base-name: https://github.com/kavia-common/Online-Examination-System-3632.git:kavia-dev
2025-12-31 10:16:57,831 - Knowledge - INFO - Found code_base: <app.utils.kg_build.knowledge.KnowledgeCodeBase object at 0x7fc6e7456d90>
2025-12-31 10:16:58,029 - Knowledge - INFO - process ingested knowledge for /app/data/tataelxsimockapisolutions5451/3632/b9205aw/Online-Examination-System-3632/OnlineExamSystem/StartExam.aspx.cs
2025-12-31 10:16:58,176 - Knowledge - INFO - Found code-base-name: https://github.com/kavia-common/Online-Examination-System-3632.git:kavia-dev
2025-12-31 10:16:58,371 - Knowledge - INFO - Found code_base: <app.utils.kg_build.knowledge.KnowledgeCodeBase object at 0x7fc6e7456d90>
2025-12-31 10:16:58,542 - Knowledge - INFO - process ingested knowledge for /app/data/tataelxsimockapisolutions5451/3632/b9205aw/Online-Examination-System-3632/OnlineExamSystem/AdminPanel.aspx.cs
2025-12-31 10:16:58,709 - Knowledge - INFO - Found code-base-name: https://github.com/kavia-common/Online-Examination-System-3632.git:kavia-dev
2025-12-31 10:16:58,855 - Knowledge - INFO - Found code_base: <app.utils.kg_build.knowledge.KnowledgeCodeBase object at 0x7fc6e7456d90>
2025-12-31 10:16:59,064 - Knowledge - INFO - process ingested knowledge for /app/data/tataelxsimockapisolutions5451/3632/b9205aw/Online-Examination-System-3632/OnlineExamSystem/ExamResult.aspx.designer.cs
2025-12-31 10:16:59,279 - Knowledge - INFO - Found code-base-name: https://github.com/kavia-common/Online-Examination-System-3632.git:kavia-dev
2025-12-31 10:16:59,446 - Knowledge - INFO - Found code_base: <app.utils.kg_build.knowledge.KnowledgeCodeBase object at 0x7fc6e7456d90>
2025-12-31 10:16:59,617 - Knowledge - INFO - process ingested knowledge for /app/data/tataelxsimockapisolutions5451/3632/b9205aw/Online-Examination-System-3632/OnlineExamSystem/LoginPage.aspx.designer.cs
2025-12-31 10:16:59,827 - Knowledge - INFO - Found code-base-name: https://github.com/kavia-common/Online-Examination-System-3632.git:kavia-dev
2025-12-31 10:17:00,019 - Knowledge - INFO - Found code_base: <app.utils.kg_build.knowledge.KnowledgeCodeBase object at 0x7fc6e7456d90>
2025-12-31 10:17:00,206 - Knowledge - INFO - process ingested knowledge for /app/data/tataelxsimockapisolutions5451/3632/b9205aw/Online-Examination-System-3632/OnlineExamSystem/TheoryExam.aspx.designer.cs
2025-12-31 10:17:00,397 - Knowledge - INFO - Found code-base-name: https://github.com/kavia-common/Online-Examination-System-3632.git:kavia-dev
2025-12-31 10:17:00,585 - Knowledge - INFO - Found code_base: <app.utils.kg_build.knowledge.KnowledgeCodeBase object at 0x7fc6e7456d90>
2025-12-31 10:17:00,765 - Knowledge - INFO - process ingested knowledge for /app/data/tataelxsimockapisolutions5451/3632/b9205aw/Online-Examination-System-3632/OnlineExamSystem/Leaderboard.aspx.cs
2025-12-31 10:17:00,935 - Knowledge - INFO - Found code-base-name: https://github.com/kavia-common/Online-Examination-System-3632.git:kavia-dev
2025-12-31 10:17:01,103 - Knowledge - INFO - Found code_base: <app.utils.kg_build.knowledge.KnowledgeCodeBase object at 0x7fc6e7456d90>
2025-12-31 10:17:01,307 - Knowledge - INFO - process ingested knowledge for /app/data/tataelxsimockapisolutions5451/3632/b9205aw/Online-Examination-System-3632/OnlineExamSystem/AdminQueue.aspx.designer.cs
2025-12-31 10:17:01,508 - Knowledge - INFO - Found code-base-name: https://github.com/kavia-common/Online-Examination-System-3632.git:kavia-dev
2025-12-31 10:17:01,688 - Knowledge - INFO - Found code_base: <app.utils.kg_build.knowledge.KnowledgeCodeBase object at 0x7fc6e7456d90>
2025-12-31 10:17:01,849 - Knowledge - INFO - process ingested knowledge for /app/data/tataelxsimockapisolutions5451/3632/b9205aw/Online-Examination-System-3632/OnlineExamSystem/AdminLeaderboard.aspx.designer.cs
2025-12-31 10:17:02,005 - Knowledge - INFO - Found code-base-name: https://github.com/kavia-common/Online-Examination-System-3632.git:kavia-dev
2025-12-31 10:17:02,231 - Knowledge - INFO - Found code_base: <app.utils.kg_build.knowledge.KnowledgeCodeBase object at 0x7fc6e7456d90>
2025-12-31 10:17:02,427 - Knowledge - INFO - process ingested knowledge for /app/data/tataelxsimockapisolutions5451/3632/b9205aw/Online-Examination-System-3632/OnlineExamSystem/MCQSet.aspx.cs
2025-12-31 10:17:02,621 - Knowledge - INFO - Loaded 50 files from persisted knowledge
2025-12-31 10:17:02,768 - Knowledge - INFO - load persisted knowledge: end
2025-12-31 10:17:03,006 - Knowledge - INFO - Redis support added with prefix knowledge:b9205aw:
2025-12-31 10:17:03,389 - Knowledge - INFO - Starting knowledge initialization for ID: AP3ovf-b9205aw
2025-12-31 10:17:03,560 - Knowledge - INFO - 🔍 Checking Redis for build_id: b9205aw
2025-12-31 10:17:03,732 - Knowledge - INFO - 🔍 Full session ID: AP3ovf-b9205aw
2025-12-31 10:17:03,908 - Knowledge - INFO - 🔍 Redis prefix will be: knowledge:b9205aw:
2025-12-31 10:17:04,117 - Knowledge - INFO - 🔍 Using attached load_from_redis() method
2025-12-31 10:17:04,309 - Knowledge - INFO - 🔍 Attempting to load knowledge from Redis...
2025-12-31 10:17:04,514 - Knowledge - INFO - 🔍 Using derived instance_id for Redis lookup: b9205aw
2025-12-31 10:17:04,757 - Knowledge - INFO - ✅ Redis cache found! Loading knowledge...
2025-12-31 10:17:04,947 - Knowledge - INFO - ✅ Successfully loaded from Redis: 50 files
2025-12-31 10:17:05,171 - Knowledge - INFO - ✅ Redis load complete: 50 files in 1.05s
2025-12-31 10:17:05,402 - Knowledge - INFO - ⚡ Total Redis path: 1.05s (vs ~300s from disk)
2025-12-31 10:17:05,605 - Knowledge - INFO - Saving knowledge to Redis...
2025-12-31 10:17:05,846 - Knowledge - INFO - Knowledge saved to Redis successfully
2026-01-01 07:28:15,134 - Knowledge - INFO - Created shared MongoDB connection pool
2026-01-01 07:28:15,494 - Knowledge - INFO - Starting Knowledge Graph processing with 20 threads
2026-01-01 07:28:15,665 - Knowledge - INFO - Initial configuration: chunk_size=65536, max_cache_size=500
2026-01-01 07:28:15,822 - Knowledge - INFO - Knowledge Graph concurrency configuration: workers=20, max_batch_size=10, max_concurrent_llm_calls=50
2026-01-01 07:28:16,988 - Knowledge - INFO - 🔍 _load_persisted_knowledge called - checking for Redis optimization
2026-01-01 07:28:17,178 - Knowledge - WARNING - ❌ load_from_redis method not found - Redis support not attached
2026-01-01 07:28:17,381 - Knowledge - INFO - load persisted knowledge: begin
2026-01-01 07:28:17,565 - Knowledge - INFO - Found code-base-name: https://github.com/kavia-common/Online-Examination-System-3632.git:kavia-dev
2026-01-01 07:28:17,736 - Knowledge - INFO - Found code_base: <app.utils.kg_build.knowledge.KnowledgeCodeBase object at 0x7fe5050dc150>
2026-01-01 07:28:17,954 - Knowledge - INFO - process ingested knowledge for /app/data/tataelxsimockapisolutions5451/3632/b9205aw/Online-Examination-System-3632/OnlineExamSystem/Properties/AssemblyInfo.cs
2026-01-01 07:28:18,156 - Knowledge - INFO - Found code-base-name: https://github.com/kavia-common/Online-Examination-System-3632.git:kavia-dev
2026-01-01 07:28:18,353 - Knowledge - INFO - Found code_base: <app.utils.kg_build.knowledge.KnowledgeCodeBase object at 0x7fe5050dc150>
2026-01-01 07:28:18,550 - Knowledge - INFO - process ingested knowledge for /app/data/tataelxsimockapisolutions5451/3632/b9205aw/Online-Examination-System-3632/OnlineExamSystem/AdminLeaderboard.aspx.cs
2026-01-01 07:28:18,726 - Knowledge - INFO - Found code-base-name: https://github.com/kavia-common/Online-Examination-System-3632.git:kavia-dev
2026-01-01 07:28:18,968 - Knowledge - INFO - Found code_base: <app.utils.kg_build.knowledge.KnowledgeCodeBase object at 0x7fe5050dc150>
2026-01-01 07:28:19,156 - Knowledge - INFO - process ingested knowledge for /app/data/tataelxsimockapisolutions5451/3632/b9205aw/Online-Examination-System-3632/OnlineExamSystem/AdminCourseQueue.aspx.designer.cs
2026-01-01 07:28:19,322 - Knowledge - INFO - Found code-base-name: https://github.com/kavia-common/Online-Examination-System-3632.git:kavia-dev
2026-01-01 07:28:19,528 - Knowledge - INFO - Found code_base: <app.utils.kg_build.knowledge.KnowledgeCodeBase object at 0x7fe5050dc150>
2026-01-01 07:28:19,734 - Knowledge - INFO - process ingested knowledge for /app/data/tataelxsimockapisolutions5451/3632/b9205aw/Online-Examination-System-3632/OnlineExamSystem/AdminQueue.aspx.cs
2026-01-01 07:28:19,908 - Knowledge - INFO - Found code-base-name: https://github.com/kavia-common/Online-Examination-System-3632.git:kavia-dev
2026-01-01 07:28:20,117 - Knowledge - INFO - Found code_base: <app.utils.kg_build.knowledge.KnowledgeCodeBase object at 0x7fe5050dc150>
2026-01-01 07:28:20,323 - Knowledge - INFO - process ingested knowledge for /app/data/tataelxsimockapisolutions5451/3632/b9205aw/Online-Examination-System-3632/OnlineExamSystem/TheorySet.aspx.designer.cs
2026-01-01 07:28:20,539 - Knowledge - INFO - Found code-base-name: https://github.com/kavia-common/Online-Examination-System-3632.git:kavia-dev
2026-01-01 07:28:20,702 - Knowledge - INFO - Found code_base: <app.utils.kg_build.knowledge.KnowledgeCodeBase object at 0x7fe5050dc150>
2026-01-01 07:28:20,874 - Knowledge - INFO - process ingested knowledge for /app/data/tataelxsimockapisolutions5451/3632/b9205aw/Online-Examination-System-3632/OnlineExamSystem/EditMCQ.aspx.designer.cs
2026-01-01 07:28:21,081 - Knowledge - INFO - Found code-base-name: https://github.com/kavia-common/Online-Examination-System-3632.git:kavia-dev
2026-01-01 07:28:21,288 - Knowledge - INFO - Found code_base: <app.utils.kg_build.knowledge.KnowledgeCodeBase object at 0x7fe5050dc150>
2026-01-01 07:28:21,445 - Knowledge - INFO - process ingested knowledge for /app/data/tataelxsimockapisolutions5451/3632/b9205aw/Online-Examination-System-3632/OnlineExamSystem/LoginPage.aspx.cs
2026-01-01 07:28:21,604 - Knowledge - INFO - Found code-base-name: https://github.com/kavia-common/Online-Examination-System-3632.git:kavia-dev
2026-01-01 07:28:21,774 - Knowledge - INFO - Found code_base: <app.utils.kg_build.knowledge.KnowledgeCodeBase object at 0x7fe5050dc150>
2026-01-01 07:28:21,972 - Knowledge - INFO - process ingested knowledge for /app/data/tataelxsimockapisolutions5451/3632/b9205aw/Online-Examination-System-3632/database-script/Online-Examination-System-Databse-Script.sql
2026-01-01 07:28:22,185 - Knowledge - INFO - Found code-base-name: https://github.com/kavia-common/Online-Examination-System-3632.git:kavia-dev
2026-01-01 07:28:22,422 - Knowledge - INFO - Found code_base: <app.utils.kg_build.knowledge.KnowledgeCodeBase object at 0x7fe5050dc150>
2026-01-01 07:28:22,635 - Knowledge - INFO - process ingested knowledge for /app/data/tataelxsimockapisolutions5451/3632/b9205aw/Online-Examination-System-3632/OnlineExamSystem/TheoryExam.aspx.cs
2026-01-01 07:28:22,869 - Knowledge - INFO - Found code-base-name: https://github.com/kavia-common/Online-Examination-System-3632.git:kavia-dev
2026-01-01 07:28:23,059 - Knowledge - INFO - Found code_base: <app.utils.kg_build.knowledge.KnowledgeCodeBase object at 0x7fe5050dc150>
2026-01-01 07:28:23,245 - Knowledge - INFO - process ingested knowledge for /app/data/tataelxsimockapisolutions5451/3632/b9205aw/Online-Examination-System-3632/OnlineExamSystem/TakenCourses.aspx.designer.cs
2026-01-01 07:28:23,458 - Knowledge - INFO - Found code-base-name: https://github.com/kavia-common/Online-Examination-System-3632.git:kavia-dev
2026-01-01 07:28:23,625 - Knowledge - INFO - Found code_base: <app.utils.kg_build.knowledge.KnowledgeCodeBase object at 0x7fe5050dc150>
2026-01-01 07:28:23,815 - Knowledge - INFO - process ingested knowledge for /app/data/tataelxsimockapisolutions5451/3632/b9205aw/Online-Examination-System-3632/OnlineExamSystem/SetExam.aspx.designer.cs
2026-01-01 07:28:24,014 - Knowledge - INFO - Found code-base-name: https://github.com/kavia-common/Online-Examination-System-3632.git:kavia-dev
2026-01-01 07:28:24,222 - Knowledge - INFO - Found code_base: <app.utils.kg_build.knowledge.KnowledgeCodeBase object at 0x7fe5050dc150>
2026-01-01 07:28:24,432 - Knowledge - INFO - process ingested knowledge for /app/data/tataelxsimockapisolutions5451/3632/b9205aw/Online-Examination-System-3632/OnlineExamSystem/ShowAns.aspx.designer.cs
2026-01-01 07:28:24,591 - Knowledge - INFO - Found code-base-name: https://github.com/kavia-common/Online-Examination-System-3632.git:kavia-dev
2026-01-01 07:28:24,813 - Knowledge - INFO - Found code_base: <app.utils.kg_build.knowledge.KnowledgeCodeBase object at 0x7fe5050dc150>
2026-01-01 07:28:25,014 - Knowledge - INFO - process ingested knowledge for /app/data/tataelxsimockapisolutions5451/3632/b9205aw/Online-Examination-System-3632/OnlineExamSystem/SignUpPage.aspx.designer.cs
2026-01-01 07:28:25,177 - Knowledge - INFO - Found code-base-name: https://github.com/kavia-common/Online-Examination-System-3632.git:kavia-dev
2026-01-01 07:28:25,363 - Knowledge - INFO - Found code_base: <app.utils.kg_build.knowledge.KnowledgeCodeBase object at 0x7fe5050dc150>
2026-01-01 07:28:25,559 - Knowledge - INFO - process ingested knowledge for /app/data/tataelxsimockapisolutions5451/3632/b9205aw/Online-Examination-System-3632/OnlineExamSystem/DownloadPdf.aspx.cs
2026-01-01 07:28:25,735 - Knowledge - INFO - Found code-base-name: https://github.com/kavia-common/Online-Examination-System-3632.git:kavia-dev
2026-01-01 07:28:25,912 - Knowledge - INFO - Found code_base: <app.utils.kg_build.knowledge.KnowledgeCodeBase object at 0x7fe5050dc150>
2026-01-01 07:28:26,111 - Knowledge - INFO - process ingested knowledge for /app/data/tataelxsimockapisolutions5451/3632/b9205aw/Online-Examination-System-3632/OnlineExamSystem/ExamResult.aspx.cs
2026-01-01 07:28:26,331 - Knowledge - INFO - Found code-base-name: https://github.com/kavia-common/Online-Examination-System-3632.git:kavia-dev
2026-01-01 07:28:26,492 - Knowledge - INFO - Found code_base: <app.utils.kg_build.knowledge.KnowledgeCodeBase object at 0x7fe5050dc150>
2026-01-01 07:28:26,677 - Knowledge - INFO - process ingested knowledge for /app/data/tataelxsimockapisolutions5451/3632/b9205aw/Online-Examination-System-3632/OnlineExamSystem/EditTheory.aspx.designer.cs
2026-01-01 07:28:26,846 - Knowledge - INFO - Found code-base-name: https://github.com/kavia-common/Online-Examination-System-3632.git:kavia-dev
2026-01-01 07:28:27,058 - Knowledge - INFO - Found code_base: <app.utils.kg_build.knowledge.KnowledgeCodeBase object at 0x7fe5050dc150>
2026-01-01 07:28:27,229 - Knowledge - INFO - process ingested knowledge for /app/data/tataelxsimockapisolutions5451/3632/b9205aw/Online-Examination-System-3632/OnlineExamSystem/EditExam.aspx.designer.cs
2026-01-01 07:28:27,459 - Knowledge - INFO - Found code-base-name: https://github.com/kavia-common/Online-Examination-System-3632.git:kavia-dev
2026-01-01 07:28:27,645 - Knowledge - INFO - Found code_base: <app.utils.kg_build.knowledge.KnowledgeCodeBase object at 0x7fe5050dc150>
2026-01-01 07:28:27,852 - Knowledge - INFO - process ingested knowledge for /app/data/tataelxsimockapisolutions5451/3632/b9205aw/Online-Examination-System-3632/OnlineExamSystem/UserProfile.aspx.cs
2026-01-01 07:28:28,067 - Knowledge - INFO - Found code-base-name: https://github.com/kavia-common/Online-Examination-System-3632.git:kavia-dev
2026-01-01 07:28:28,281 - Knowledge - INFO - Found code_base: <app.utils.kg_build.knowledge.KnowledgeCodeBase object at 0x7fe5050dc150>
2026-01-01 07:28:28,440 - Knowledge - INFO - process ingested knowledge for /app/data/tataelxsimockapisolutions5451/3632/b9205aw/Online-Examination-System-3632/OnlineExamSystem/Dashboard.aspx.cs
2026-01-01 07:28:28,662 - Knowledge - INFO - Found code-base-name: https://github.com/kavia-common/Online-Examination-System-3632.git:kavia-dev
2026-01-01 07:28:28,818 - Knowledge - INFO - Found code_base: <app.utils.kg_build.knowledge.KnowledgeCodeBase object at 0x7fe5050dc150>
2026-01-01 07:28:29,008 - Knowledge - INFO - process ingested knowledge for /app/data/tataelxsimockapisolutions5451/3632/b9205aw/Online-Examination-System-3632/OnlineExamSystem/StartExam.aspx.designer.cs
2026-01-01 07:28:29,191 - Knowledge - INFO - Found code-base-name: https://github.com/kavia-common/Online-Examination-System-3632.git:kavia-dev
2026-01-01 07:28:29,395 - Knowledge - INFO - Found code_base: <app.utils.kg_build.knowledge.KnowledgeCodeBase object at 0x7fe5050dc150>
2026-01-01 07:28:29,603 - Knowledge - INFO - process ingested knowledge for /app/data/tataelxsimockapisolutions5451/3632/b9205aw/Online-Examination-System-3632/OnlineExamSystem/AdminPanel.aspx.designer.cs
2026-01-01 07:28:29,789 - Knowledge - INFO - Found code-base-name: https://github.com/kavia-common/Online-Examination-System-3632.git:kavia-dev
2026-01-01 07:28:29,964 - Knowledge - INFO - Found code_base: <app.utils.kg_build.knowledge.KnowledgeCodeBase object at 0x7fe5050dc150>
2026-01-01 07:28:30,211 - Knowledge - INFO - process ingested knowledge for /app/data/tataelxsimockapisolutions5451/3632/b9205aw/Online-Examination-System-3632/packages/Microsoft.CodeDom.Providers.DotNetCompilerPlatform.1.0.0/lib/net45/Microsoft.CodeDom.Providers.DotNetCompilerPlatform.xml
2026-01-01 07:28:30,421 - Knowledge - INFO - Found code-base-name: https://github.com/kavia-common/Online-Examination-System-3632.git:kavia-dev
2026-01-01 07:28:30,624 - Knowledge - INFO - Found code_base: <app.utils.kg_build.knowledge.KnowledgeCodeBase object at 0x7fe5050dc150>
2026-01-01 07:28:30,827 - Knowledge - INFO - process ingested knowledge for /app/data/tataelxsimockapisolutions5451/3632/b9205aw/Online-Examination-System-3632/OnlineExamSystem/Leaderboard.aspx.designer.cs
2026-01-01 07:28:31,034 - Knowledge - INFO - Found code-base-name: https://github.com/kavia-common/Online-Examination-System-3632.git:kavia-dev
2026-01-01 07:28:31,217 - Knowledge - INFO - Found code_base: <app.utils.kg_build.knowledge.KnowledgeCodeBase object at 0x7fe5050dc150>
2026-01-01 07:28:31,398 - Knowledge - INFO - process ingested knowledge for /app/data/tataelxsimockapisolutions5451/3632/b9205aw/Online-Examination-System-3632/OnlineExamSystem/MCQSet.aspx.designer.cs
2026-01-01 07:28:31,581 - Knowledge - INFO - Found code-base-name: https://github.com/kavia-common/Online-Examination-System-3632.git:kavia-dev
2026-01-01 07:28:31,777 - Knowledge - INFO - Found code_base: <app.utils.kg_build.knowledge.KnowledgeCodeBase object at 0x7fe5050dc150>
2026-01-01 07:28:31,943 - Knowledge - INFO - process ingested knowledge for /app/data/tataelxsimockapisolutions5451/3632/b9205aw/Online-Examination-System-3632/OnlineExamSystem/MCQExam.aspx.cs
2026-01-01 07:28:32,157 - Knowledge - INFO - Found code-base-name: https://github.com/kavia-common/Online-Examination-System-3632.git:kavia-dev
2026-01-01 07:28:32,379 - Knowledge - INFO - Found code_base: <app.utils.kg_build.knowledge.KnowledgeCodeBase object at 0x7fe5050dc150>
2026-01-01 07:28:32,610 - Knowledge - INFO - process ingested knowledge for /app/data/tataelxsimockapisolutions5451/3632/b9205aw/Online-Examination-System-3632/OnlineExamSystem/AdminCourseQueue.aspx.cs
2026-01-01 07:28:32,772 - Knowledge - INFO - Found code-base-name: https://github.com/kavia-common/Online-Examination-System-3632.git:kavia-dev
2026-01-01 07:28:33,001 - Knowledge - INFO - Found code_base: <app.utils.kg_build.knowledge.KnowledgeCodeBase object at 0x7fe5050dc150>
2026-01-01 07:28:33,210 - Knowledge - INFO - process ingested knowledge for /app/data/tataelxsimockapisolutions5451/3632/b9205aw/Online-Examination-System-3632/OnlineExamSystem/CSS/bootstrap.css
2026-01-01 07:28:33,415 - Knowledge - INFO - Found code-base-name: https://github.com/kavia-common/Online-Examination-System-3632.git:kavia-dev
2026-01-01 07:28:33,649 - Knowledge - INFO - Found code_base: <app.utils.kg_build.knowledge.KnowledgeCodeBase object at 0x7fe5050dc150>
2026-01-01 07:28:33,847 - Knowledge - INFO - process ingested knowledge for /app/data/tataelxsimockapisolutions5451/3632/b9205aw/Online-Examination-System-3632/OnlineExamSystem/UserProfile.aspx.designer.cs
2026-01-01 07:28:34,058 - Knowledge - INFO - Found code-base-name: https://github.com/kavia-common/Online-Examination-System-3632.git:kavia-dev
2026-01-01 07:28:34,242 - Knowledge - INFO - Found code_base: <app.utils.kg_build.knowledge.KnowledgeCodeBase object at 0x7fe5050dc150>
2026-01-01 07:28:34,440 - Knowledge - INFO - process ingested knowledge for /app/data/tataelxsimockapisolutions5451/3632/b9205aw/Online-Examination-System-3632/OnlineExamSystem/Dashboard.aspx.designer.cs
2026-01-01 07:28:34,651 - Knowledge - INFO - Found code-base-name: https://github.com/kavia-common/Online-Examination-System-3632.git:kavia-dev
2026-01-01 07:28:34,851 - Knowledge - INFO - Found code_base: <app.utils.kg_build.knowledge.KnowledgeCodeBase object at 0x7fe5050dc150>
2026-01-01 07:28:35,076 - Knowledge - INFO - process ingested knowledge for /app/data/tataelxsimockapisolutions5451/3632/b9205aw/Online-Examination-System-3632/OnlineExamSystem/TakenCourses.aspx.cs
2026-01-01 07:28:35,281 - Knowledge - INFO - Found code-base-name: https://github.com/kavia-common/Online-Examination-System-3632.git:kavia-dev
2026-01-01 07:28:35,478 - Knowledge - INFO - Found code_base: <app.utils.kg_build.knowledge.KnowledgeCodeBase object at 0x7fe5050dc150>
2026-01-01 07:28:35,690 - Knowledge - INFO - process ingested knowledge for /app/data/tataelxsimockapisolutions5451/3632/b9205aw/Online-Examination-System-3632/OnlineExamSystem/SetExam.aspx.cs
2026-01-01 07:28:35,868 - Knowledge - INFO - Found code-base-name: https://github.com/kavia-common/Online-Examination-System-3632.git:kavia-dev
2026-01-01 07:28:36,032 - Knowledge - INFO - Found code_base: <app.utils.kg_build.knowledge.KnowledgeCodeBase object at 0x7fe5050dc150>
2026-01-01 07:28:36,246 - Knowledge - INFO - process ingested knowledge for /app/data/tataelxsimockapisolutions5451/3632/b9205aw/Online-Examination-System-3632/OnlineExamSystem/EditMCQ.aspx.cs
2026-01-01 07:28:36,430 - Knowledge - INFO - Found code-base-name: https://github.com/kavia-common/Online-Examination-System-3632.git:kavia-dev
2026-01-01 07:28:36,584 - Knowledge - INFO - Found code_base: <app.utils.kg_build.knowledge.KnowledgeCodeBase object at 0x7fe5050dc150>
2026-01-01 07:28:36,776 - Knowledge - INFO - process ingested knowledge for /app/data/tataelxsimockapisolutions5451/3632/b9205aw/Online-Examination-System-3632/OnlineExamSystem/TheorySet.aspx.cs
2026-01-01 07:28:36,976 - Knowledge - INFO - Found code-base-name: https://github.com/kavia-common/Online-Examination-System-3632.git:kavia-dev
2026-01-01 07:28:37,161 - Knowledge - INFO - Found code_base: <app.utils.kg_build.knowledge.KnowledgeCodeBase object at 0x7fe5050dc150>
2026-01-01 07:28:37,353 - Knowledge - INFO - process ingested knowledge for /app/data/tataelxsimockapisolutions5451/3632/b9205aw/Online-Examination-System-3632/OnlineExamSystem/ShowAns.aspx.cs
2026-01-01 07:28:37,523 - Knowledge - INFO - Found code-base-name: https://github.com/kavia-common/Online-Examination-System-3632.git:kavia-dev
2026-01-01 07:28:37,711 - Knowledge - INFO - Found code_base: <app.utils.kg_build.knowledge.KnowledgeCodeBase object at 0x7fe5050dc150>
2026-01-01 07:28:37,909 - Knowledge - INFO - process ingested knowledge for /app/data/tataelxsimockapisolutions5451/3632/b9205aw/Online-Examination-System-3632/OnlineExamSystem/SignUpPage.aspx.cs
2026-01-01 07:28:38,140 - Knowledge - INFO - Found code-base-name: https://github.com/kavia-common/Online-Examination-System-3632.git:kavia-dev
2026-01-01 07:28:38,339 - Knowledge - INFO - Found code_base: <app.utils.kg_build.knowledge.KnowledgeCodeBase object at 0x7fe5050dc150>
2026-01-01 07:28:38,532 - Knowledge - INFO - process ingested knowledge for /app/data/tataelxsimockapisolutions5451/3632/b9205aw/Online-Examination-System-3632/README.md
2026-01-01 07:28:38,699 - Knowledge - INFO - Found code-base-name: https://github.com/kavia-common/Online-Examination-System-3632.git:kavia-dev
2026-01-01 07:28:38,904 - Knowledge - INFO - Found code_base: <app.utils.kg_build.knowledge.KnowledgeCodeBase object at 0x7fe5050dc150>
2026-01-01 07:28:39,061 - Knowledge - INFO - process ingested knowledge for /app/data/tataelxsimockapisolutions5451/3632/b9205aw/Online-Examination-System-3632/OnlineExamSystem/MCQExam.aspx.designer.cs
2026-01-01 07:28:39,255 - Knowledge - INFO - Found code-base-name: https://github.com/kavia-common/Online-Examination-System-3632.git:kavia-dev
2026-01-01 07:28:39,424 - Knowledge - INFO - Found code_base: <app.utils.kg_build.knowledge.KnowledgeCodeBase object at 0x7fe5050dc150>
2026-01-01 07:28:39,672 - Knowledge - INFO - process ingested knowledge for /app/data/tataelxsimockapisolutions5451/3632/b9205aw/Online-Examination-System-3632/database-script/README.md
2026-01-01 07:28:39,872 - Knowledge - INFO - Found code-base-name: https://github.com/kavia-common/Online-Examination-System-3632.git:kavia-dev
2026-01-01 07:28:40,033 - Knowledge - INFO - Found code_base: <app.utils.kg_build.knowledge.KnowledgeCodeBase object at 0x7fe5050dc150>
2026-01-01 07:28:40,227 - Knowledge - INFO - process ingested knowledge for /app/data/tataelxsimockapisolutions5451/3632/b9205aw/Online-Examination-System-3632/OnlineExamSystem/DownloadPdf.aspx.designer.cs
2026-01-01 07:28:40,432 - Knowledge - INFO - Found code-base-name: https://github.com/kavia-common/Online-Examination-System-3632.git:kavia-dev
2026-01-01 07:28:40,610 - Knowledge - INFO - Found code_base: <app.utils.kg_build.knowledge.KnowledgeCodeBase object at 0x7fe5050dc150>
2026-01-01 07:28:40,777 - Knowledge - INFO - process ingested knowledge for /app/data/tataelxsimockapisolutions5451/3632/b9205aw/Online-Examination-System-3632/OnlineExamSystem/EditExam.aspx.cs
2026-01-01 07:28:40,971 - Knowledge - INFO - Found code-base-name: https://github.com/kavia-common/Online-Examination-System-3632.git:kavia-dev
2026-01-01 07:28:41,132 - Knowledge - INFO - Found code_base: <app.utils.kg_build.knowledge.KnowledgeCodeBase object at 0x7fe5050dc150>
2026-01-01 07:28:41,302 - Knowledge - INFO - process ingested knowledge for /app/data/tataelxsimockapisolutions5451/3632/b9205aw/Online-Examination-System-3632/OnlineExamSystem/EditTheory.aspx.cs
2026-01-01 07:28:41,494 - Knowledge - INFO - Found code-base-name: https://github.com/kavia-common/Online-Examination-System-3632.git:kavia-dev
2026-01-01 07:28:41,690 - Knowledge - INFO - Found code_base: <app.utils.kg_build.knowledge.KnowledgeCodeBase object at 0x7fe5050dc150>
2026-01-01 07:28:41,857 - Knowledge - INFO - process ingested knowledge for /app/data/tataelxsimockapisolutions5451/3632/b9205aw/Online-Examination-System-3632/OnlineExamSystem/StartExam.aspx.cs
2026-01-01 07:28:42,012 - Knowledge - INFO - Found code-base-name: https://github.com/kavia-common/Online-Examination-System-3632.git:kavia-dev
2026-01-01 07:28:42,247 - Knowledge - INFO - Found code_base: <app.utils.kg_build.knowledge.KnowledgeCodeBase object at 0x7fe5050dc150>
2026-01-01 07:28:42,433 - Knowledge - INFO - process ingested knowledge for /app/data/tataelxsimockapisolutions5451/3632/b9205aw/Online-Examination-System-3632/OnlineExamSystem/AdminPanel.aspx.cs
2026-01-01 07:28:42,616 - Knowledge - INFO - Found code-base-name: https://github.com/kavia-common/Online-Examination-System-3632.git:kavia-dev
2026-01-01 07:28:42,794 - Knowledge - INFO - Found code_base: <app.utils.kg_build.knowledge.KnowledgeCodeBase object at 0x7fe5050dc150>
2026-01-01 07:28:42,992 - Knowledge - INFO - process ingested knowledge for /app/data/tataelxsimockapisolutions5451/3632/b9205aw/Online-Examination-System-3632/OnlineExamSystem/ExamResult.aspx.designer.cs
2026-01-01 07:28:43,165 - Knowledge - INFO - Found code-base-name: https://github.com/kavia-common/Online-Examination-System-3632.git:kavia-dev
2026-01-01 07:28:43,390 - Knowledge - INFO - Found code_base: <app.utils.kg_build.knowledge.KnowledgeCodeBase object at 0x7fe5050dc150>
2026-01-01 07:28:43,559 - Knowledge - INFO - process ingested knowledge for /app/data/tataelxsimockapisolutions5451/3632/b9205aw/Online-Examination-System-3632/OnlineExamSystem/LoginPage.aspx.designer.cs
2026-01-01 07:28:43,763 - Knowledge - INFO - Found code-base-name: https://github.com/kavia-common/Online-Examination-System-3632.git:kavia-dev
2026-01-01 07:28:43,970 - Knowledge - INFO - Found code_base: <app.utils.kg_build.knowledge.KnowledgeCodeBase object at 0x7fe5050dc150>
2026-01-01 07:28:44,170 - Knowledge - INFO - process ingested knowledge for /app/data/tataelxsimockapisolutions5451/3632/b9205aw/Online-Examination-System-3632/OnlineExamSystem/TheoryExam.aspx.designer.cs
2026-01-01 07:28:44,343 - Knowledge - INFO - Found code-base-name: https://github.com/kavia-common/Online-Examination-System-3632.git:kavia-dev
2026-01-01 07:28:44,506 - Knowledge - INFO - Found code_base: <app.utils.kg_build.knowledge.KnowledgeCodeBase object at 0x7fe5050dc150>
2026-01-01 07:28:44,676 - Knowledge - INFO - process ingested knowledge for /app/data/tataelxsimockapisolutions5451/3632/b9205aw/Online-Examination-System-3632/OnlineExamSystem/Leaderboard.aspx.cs
2026-01-01 07:28:44,838 - Knowledge - INFO - Found code-base-name: https://github.com/kavia-common/Online-Examination-System-3632.git:kavia-dev
2026-01-01 07:28:45,010 - Knowledge - INFO - Found code_base: <app.utils.kg_build.knowledge.KnowledgeCodeBase object at 0x7fe5050dc150>
2026-01-01 07:28:45,219 - Knowledge - INFO - process ingested knowledge for /app/data/tataelxsimockapisolutions5451/3632/b9205aw/Online-Examination-System-3632/OnlineExamSystem/AdminQueue.aspx.designer.cs
2026-01-01 07:28:45,439 - Knowledge - INFO - Found code-base-name: https://github.com/kavia-common/Online-Examination-System-3632.git:kavia-dev
2026-01-01 07:28:45,663 - Knowledge - INFO - Found code_base: <app.utils.kg_build.knowledge.KnowledgeCodeBase object at 0x7fe5050dc150>
2026-01-01 07:28:45,863 - Knowledge - INFO - process ingested knowledge for /app/data/tataelxsimockapisolutions5451/3632/b9205aw/Online-Examination-System-3632/OnlineExamSystem/AdminLeaderboard.aspx.designer.cs
2026-01-01 07:28:46,050 - Knowledge - INFO - Found code-base-name: https://github.com/kavia-common/Online-Examination-System-3632.git:kavia-dev
2026-01-01 07:28:46,226 - Knowledge - INFO - Found code_base: <app.utils.kg_build.knowledge.KnowledgeCodeBase object at 0x7fe5050dc150>
2026-01-01 07:28:46,441 - Knowledge - INFO - process ingested knowledge for /app/data/tataelxsimockapisolutions5451/3632/b9205aw/Online-Examination-System-3632/OnlineExamSystem/MCQSet.aspx.cs
2026-01-01 07:28:46,620 - Knowledge - INFO - Loaded 50 files from persisted knowledge
2026-01-01 07:28:46,833 - Knowledge - INFO - load persisted knowledge: end
2026-01-01 07:28:47,021 - Knowledge - INFO - Redis support added with prefix knowledge:b9205aw:
2026-01-01 07:28:47,361 - Knowledge - INFO - Starting knowledge initialization for ID: Ad7uAD-b9205aw
2026-01-01 07:28:47,600 - Knowledge - INFO - 🔍 Checking Redis for build_id: b9205aw
2026-01-01 07:28:47,811 - Knowledge - INFO - 🔍 Full session ID: Ad7uAD-b9205aw
2026-01-01 07:28:47,996 - Knowledge - INFO - 🔍 Redis prefix will be: knowledge:b9205aw:
2026-01-01 07:28:48,227 - Knowledge - INFO - 🔍 Using attached load_from_redis() method
2026-01-01 07:28:48,465 - Knowledge - INFO - 🔍 Attempting to load knowledge from Redis...
2026-01-01 07:28:48,692 - Knowledge - INFO - 🔍 Using derived instance_id for Redis lookup: b9205aw
2026-01-01 07:28:48,876 - Knowledge - INFO - ✅ Redis cache found! Loading knowledge...
2026-01-01 07:28:49,083 - Knowledge - INFO - ✅ Successfully loaded from Redis: 50 files
2026-01-01 07:28:49,312 - Knowledge - INFO - ✅ Redis load complete: 50 files in 1.09s
2026-01-01 07:28:49,488 - Knowledge - INFO - ⚡ Total Redis path: 1.09s (vs ~300s from disk)
2026-01-01 07:28:49,699 - Knowledge - INFO - Saving knowledge to Redis...
2026-01-01 07:28:49,953 - Knowledge - INFO - Knowledge saved to Redis successfully
2026-01-01 09:27:02,266 - Knowledge - INFO - Created shared MongoDB connection pool
2026-01-01 09:27:02,609 - Knowledge - INFO - Starting Knowledge Graph processing with 20 threads
2026-01-01 09:27:02,771 - Knowledge - INFO - Initial configuration: chunk_size=65536, max_cache_size=500
2026-01-01 09:27:02,922 - Knowledge - INFO - Knowledge Graph concurrency configuration: workers=20, max_batch_size=10, max_concurrent_llm_calls=50
2026-01-01 09:27:04,150 - Knowledge - INFO - 🔍 _load_persisted_knowledge called - checking for Redis optimization
2026-01-01 09:27:04,334 - Knowledge - WARNING - ❌ load_from_redis method not found - Redis support not attached
2026-01-01 09:27:04,494 - Knowledge - INFO - load persisted knowledge: begin
2026-01-01 09:27:04,727 - Knowledge - INFO - Found code-base-name: https://github.com/kavia-common/Online-Examination-System-3632.git:kavia-dev
2026-01-01 09:27:04,867 - Knowledge - INFO - Found code_base: <app.utils.kg_build.knowledge.KnowledgeCodeBase object at 0x7f5478330d90>
2026-01-01 09:27:05,100 - Knowledge - INFO - process ingested knowledge for /app/data/tataelxsimockapisolutions5451/3632/b9205aw/Online-Examination-System-3632/OnlineExamSystem/Properties/AssemblyInfo.cs
2026-01-01 09:27:05,300 - Knowledge - INFO - Found code-base-name: https://github.com/kavia-common/Online-Examination-System-3632.git:kavia-dev
2026-01-01 09:27:05,509 - Knowledge - INFO - Found code_base: <app.utils.kg_build.knowledge.KnowledgeCodeBase object at 0x7f5478330d90>
2026-01-01 09:27:05,704 - Knowledge - INFO - process ingested knowledge for /app/data/tataelxsimockapisolutions5451/3632/b9205aw/Online-Examination-System-3632/OnlineExamSystem/AdminLeaderboard.aspx.cs
2026-01-01 09:27:05,916 - Knowledge - INFO - Found code-base-name: https://github.com/kavia-common/Online-Examination-System-3632.git:kavia-dev
2026-01-01 09:27:06,108 - Knowledge - INFO - Found code_base: <app.utils.kg_build.knowledge.KnowledgeCodeBase object at 0x7f5478330d90>
2026-01-01 09:27:06,340 - Knowledge - INFO - process ingested knowledge for /app/data/tataelxsimockapisolutions5451/3632/b9205aw/Online-Examination-System-3632/OnlineExamSystem/AdminCourseQueue.aspx.designer.cs
2026-01-01 09:27:06,579 - Knowledge - INFO - Found code-base-name: https://github.com/kavia-common/Online-Examination-System-3632.git:kavia-dev
2026-01-01 09:27:06,758 - Knowledge - INFO - Found code_base: <app.utils.kg_build.knowledge.KnowledgeCodeBase object at 0x7f5478330d90>
2026-01-01 09:27:06,942 - Knowledge - INFO - process ingested knowledge for /app/data/tataelxsimockapisolutions5451/3632/b9205aw/Online-Examination-System-3632/OnlineExamSystem/AdminQueue.aspx.cs
2026-01-01 09:27:07,150 - Knowledge - INFO - Found code-base-name: https://github.com/kavia-common/Online-Examination-System-3632.git:kavia-dev
2026-01-01 09:27:07,363 - Knowledge - INFO - Found code_base: <app.utils.kg_build.knowledge.KnowledgeCodeBase object at 0x7f5478330d90>
2026-01-01 09:27:07,617 - Knowledge - INFO - process ingested knowledge for /app/data/tataelxsimockapisolutions5451/3632/b9205aw/Online-Examination-System-3632/OnlineExamSystem/TheorySet.aspx.designer.cs
2026-01-01 09:27:07,791 - Knowledge - INFO - Found code-base-name: https://github.com/kavia-common/Online-Examination-System-3632.git:kavia-dev
2026-01-01 09:27:07,993 - Knowledge - INFO - Found code_base: <app.utils.kg_build.knowledge.KnowledgeCodeBase object at 0x7f5478330d90>
2026-01-01 09:27:08,155 - Knowledge - INFO - process ingested knowledge for /app/data/tataelxsimockapisolutions5451/3632/b9205aw/Online-Examination-System-3632/OnlineExamSystem/EditMCQ.aspx.designer.cs
2026-01-01 09:27:08,332 - Knowledge - INFO - Found code-base-name: https://github.com/kavia-common/Online-Examination-System-3632.git:kavia-dev
2026-01-01 09:27:08,530 - Knowledge - INFO - Found code_base: <app.utils.kg_build.knowledge.KnowledgeCodeBase object at 0x7f5478330d90>
2026-01-01 09:27:08,698 - Knowledge - INFO - process ingested knowledge for /app/data/tataelxsimockapisolutions5451/3632/b9205aw/Online-Examination-System-3632/OnlineExamSystem/LoginPage.aspx.cs
2026-01-01 09:27:08,859 - Knowledge - INFO - Found code-base-name: https://github.com/kavia-common/Online-Examination-System-3632.git:kavia-dev
2026-01-01 09:27:09,053 - Knowledge - INFO - Found code_base: <app.utils.kg_build.knowledge.KnowledgeCodeBase object at 0x7f5478330d90>
2026-01-01 09:27:09,255 - Knowledge - INFO - process ingested knowledge for /app/data/tataelxsimockapisolutions5451/3632/b9205aw/Online-Examination-System-3632/database-script/Online-Examination-System-Databse-Script.sql
2026-01-01 09:27:09,475 - Knowledge - INFO - Found code-base-name: https://github.com/kavia-common/Online-Examination-System-3632.git:kavia-dev
2026-01-01 09:27:09,648 - Knowledge - INFO - Found code_base: <app.utils.kg_build.knowledge.KnowledgeCodeBase object at 0x7f5478330d90>
2026-01-01 09:27:09,868 - Knowledge - INFO - process ingested knowledge for /app/data/tataelxsimockapisolutions5451/3632/b9205aw/Online-Examination-System-3632/OnlineExamSystem/TheoryExam.aspx.cs
2026-01-01 09:27:10,088 - Knowledge - INFO - Found code-base-name: https://github.com/kavia-common/Online-Examination-System-3632.git:kavia-dev
2026-01-01 09:27:10,327 - Knowledge - INFO - Found code_base: <app.utils.kg_build.knowledge.KnowledgeCodeBase object at 0x7f5478330d90>
2026-01-01 09:27:10,497 - Knowledge - INFO - process ingested knowledge for /app/data/tataelxsimockapisolutions5451/3632/b9205aw/Online-Examination-System-3632/OnlineExamSystem/TakenCourses.aspx.designer.cs
2026-01-01 09:27:10,728 - Knowledge - INFO - Found code-base-name: https://github.com/kavia-common/Online-Examination-System-3632.git:kavia-dev
2026-01-01 09:27:10,893 - Knowledge - INFO - Found code_base: <app.utils.kg_build.knowledge.KnowledgeCodeBase object at 0x7f5478330d90>
2026-01-01 09:27:11,102 - Knowledge - INFO - process ingested knowledge for /app/data/tataelxsimockapisolutions5451/3632/b9205aw/Online-Examination-System-3632/OnlineExamSystem/SetExam.aspx.designer.cs
2026-01-01 09:27:11,280 - Knowledge - INFO - Found code-base-name: https://github.com/kavia-common/Online-Examination-System-3632.git:kavia-dev
2026-01-01 09:27:11,485 - Knowledge - INFO - Found code_base: <app.utils.kg_build.knowledge.KnowledgeCodeBase object at 0x7f5478330d90>
2026-01-01 09:27:11,701 - Knowledge - INFO - process ingested knowledge for /app/data/tataelxsimockapisolutions5451/3632/b9205aw/Online-Examination-System-3632/OnlineExamSystem/ShowAns.aspx.designer.cs
2026-01-01 09:27:11,863 - Knowledge - INFO - Found code-base-name: https://github.com/kavia-common/Online-Examination-System-3632.git:kavia-dev
2026-01-01 09:27:12,046 - Knowledge - INFO - Found code_base: <app.utils.kg_build.knowledge.KnowledgeCodeBase object at 0x7f5478330d90>
2026-01-01 09:27:12,244 - Knowledge - INFO - process ingested knowledge for /app/data/tataelxsimockapisolutions5451/3632/b9205aw/Online-Examination-System-3632/OnlineExamSystem/SignUpPage.aspx.designer.cs
2026-01-01 09:27:12,429 - Knowledge - INFO - Found code-base-name: https://github.com/kavia-common/Online-Examination-System-3632.git:kavia-dev
2026-01-01 09:27:12,624 - Knowledge - INFO - Found code_base: <app.utils.kg_build.knowledge.KnowledgeCodeBase object at 0x7f5478330d90>
2026-01-01 09:27:12,792 - Knowledge - INFO - process ingested knowledge for /app/data/tataelxsimockapisolutions5451/3632/b9205aw/Online-Examination-System-3632/OnlineExamSystem/DownloadPdf.aspx.cs
2026-01-01 09:27:12,961 - Knowledge - INFO - Found code-base-name: https://github.com/kavia-common/Online-Examination-System-3632.git:kavia-dev
2026-01-01 09:27:13,169 - Knowledge - INFO - Found code_base: <app.utils.kg_build.knowledge.KnowledgeCodeBase object at 0x7f5478330d90>
2026-01-01 09:27:13,356 - Knowledge - INFO - process ingested knowledge for /app/data/tataelxsimockapisolutions5451/3632/b9205aw/Online-Examination-System-3632/OnlineExamSystem/ExamResult.aspx.cs
2026-01-01 09:27:13,524 - Knowledge - INFO - Found code-base-name: https://github.com/kavia-common/Online-Examination-System-3632.git:kavia-dev
2026-01-01 09:27:13,757 - Knowledge - INFO - Found code_base: <app.utils.kg_build.knowledge.KnowledgeCodeBase object at 0x7f5478330d90>
2026-01-01 09:27:13,941 - Knowledge - INFO - process ingested knowledge for /app/data/tataelxsimockapisolutions5451/3632/b9205aw/Online-Examination-System-3632/OnlineExamSystem/EditTheory.aspx.designer.cs
2026-01-01 09:27:14,157 - Knowledge - INFO - Found code-base-name: https://github.com/kavia-common/Online-Examination-System-3632.git:kavia-dev
2026-01-01 09:27:14,379 - Knowledge - INFO - Found code_base: <app.utils.kg_build.knowledge.KnowledgeCodeBase object at 0x7f5478330d90>
2026-01-01 09:27:14,546 - Knowledge - INFO - process ingested knowledge for /app/data/tataelxsimockapisolutions5451/3632/b9205aw/Online-Examination-System-3632/OnlineExamSystem/EditExam.aspx.designer.cs
2026-01-01 09:27:14,734 - Knowledge - INFO - Found code-base-name: https://github.com/kavia-common/Online-Examination-System-3632.git:kavia-dev
2026-01-01 09:27:14,897 - Knowledge - INFO - Found code_base: <app.utils.kg_build.knowledge.KnowledgeCodeBase object at 0x7f5478330d90>
2026-01-01 09:27:15,087 - Knowledge - INFO - process ingested knowledge for /app/data/tataelxsimockapisolutions5451/3632/b9205aw/Online-Examination-System-3632/OnlineExamSystem/UserProfile.aspx.cs
2026-01-01 09:27:15,316 - Knowledge - INFO - Found code-base-name: https://github.com/kavia-common/Online-Examination-System-3632.git:kavia-dev
2026-01-01 09:27:15,508 - Knowledge - INFO - Found code_base: <app.utils.kg_build.knowledge.KnowledgeCodeBase object at 0x7f5478330d90>
2026-01-01 09:27:15,724 - Knowledge - INFO - process ingested knowledge for /app/data/tataelxsimockapisolutions5451/3632/b9205aw/Online-Examination-System-3632/OnlineExamSystem/Dashboard.aspx.cs
2026-01-01 09:27:15,969 - Knowledge - INFO - Found code-base-name: https://github.com/kavia-common/Online-Examination-System-3632.git:kavia-dev
2026-01-01 09:27:16,170 - Knowledge - INFO - Found code_base: <app.utils.kg_build.knowledge.KnowledgeCodeBase object at 0x7f5478330d90>
2026-01-01 09:27:16,396 - Knowledge - INFO - process ingested knowledge for /app/data/tataelxsimockapisolutions5451/3632/b9205aw/Online-Examination-System-3632/OnlineExamSystem/StartExam.aspx.designer.cs
2026-01-01 09:27:16,623 - Knowledge - INFO - Found code-base-name: https://github.com/kavia-common/Online-Examination-System-3632.git:kavia-dev
2026-01-01 09:27:16,790 - Knowledge - INFO - Found code_base: <app.utils.kg_build.knowledge.KnowledgeCodeBase object at 0x7f5478330d90>
2026-01-01 09:27:16,998 - Knowledge - INFO - process ingested knowledge for /app/data/tataelxsimockapisolutions5451/3632/b9205aw/Online-Examination-System-3632/OnlineExamSystem/AdminPanel.aspx.designer.cs
2026-01-01 09:27:17,169 - Knowledge - INFO - Found code-base-name: https://github.com/kavia-common/Online-Examination-System-3632.git:kavia-dev
2026-01-01 09:27:17,395 - Knowledge - INFO - Found code_base: <app.utils.kg_build.knowledge.KnowledgeCodeBase object at 0x7f5478330d90>
2026-01-01 09:27:17,610 - Knowledge - INFO - process ingested knowledge for /app/data/tataelxsimockapisolutions5451/3632/b9205aw/Online-Examination-System-3632/packages/Microsoft.CodeDom.Providers.DotNetCompilerPlatform.1.0.0/lib/net45/Microsoft.CodeDom.Providers.DotNetCompilerPlatform.xml
2026-01-01 09:27:17,798 - Knowledge - INFO - Found code-base-name: https://github.com/kavia-common/Online-Examination-System-3632.git:kavia-dev
2026-01-01 09:27:17,989 - Knowledge - INFO - Found code_base: <app.utils.kg_build.knowledge.KnowledgeCodeBase object at 0x7f5478330d90>
2026-01-01 09:27:18,187 - Knowledge - INFO - process ingested knowledge for /app/data/tataelxsimockapisolutions5451/3632/b9205aw/Online-Examination-System-3632/OnlineExamSystem/Leaderboard.aspx.designer.cs
2026-01-01 09:27:18,410 - Knowledge - INFO - Found code-base-name: https://github.com/kavia-common/Online-Examination-System-3632.git:kavia-dev
2026-01-01 09:27:18,593 - Knowledge - INFO - Found code_base: <app.utils.kg_build.knowledge.KnowledgeCodeBase object at 0x7f5478330d90>
2026-01-01 09:27:18,801 - Knowledge - INFO - process ingested knowledge for /app/data/tataelxsimockapisolutions5451/3632/b9205aw/Online-Examination-System-3632/OnlineExamSystem/MCQSet.aspx.designer.cs
2026-01-01 09:27:18,970 - Knowledge - INFO - Found code-base-name: https://github.com/kavia-common/Online-Examination-System-3632.git:kavia-dev
2026-01-01 09:27:19,188 - Knowledge - INFO - Found code_base: <app.utils.kg_build.knowledge.KnowledgeCodeBase object at 0x7f5478330d90>
2026-01-01 09:27:19,363 - Knowledge - INFO - process ingested knowledge for /app/data/tataelxsimockapisolutions5451/3632/b9205aw/Online-Examination-System-3632/OnlineExamSystem/MCQExam.aspx.cs
2026-01-01 09:27:19,565 - Knowledge - INFO - Found code-base-name: https://github.com/kavia-common/Online-Examination-System-3632.git:kavia-dev
2026-01-01 09:27:19,777 - Knowledge - INFO - Found code_base: <app.utils.kg_build.knowledge.KnowledgeCodeBase object at 0x7f5478330d90>
2026-01-01 09:27:19,981 - Knowledge - INFO - process ingested knowledge for /app/data/tataelxsimockapisolutions5451/3632/b9205aw/Online-Examination-System-3632/OnlineExamSystem/AdminCourseQueue.aspx.cs
2026-01-01 09:27:20,239 - Knowledge - INFO - Found code-base-name: https://github.com/kavia-common/Online-Examination-System-3632.git:kavia-dev
2026-01-01 09:27:20,420 - Knowledge - INFO - Found code_base: <app.utils.kg_build.knowledge.KnowledgeCodeBase object at 0x7f5478330d90>
2026-01-01 09:27:20,607 - Knowledge - INFO - process ingested knowledge for /app/data/tataelxsimockapisolutions5451/3632/b9205aw/Online-Examination-System-3632/OnlineExamSystem/CSS/bootstrap.css
2026-01-01 09:27:20,803 - Knowledge - INFO - Found code-base-name: https://github.com/kavia-common/Online-Examination-System-3632.git:kavia-dev
2026-01-01 09:27:20,991 - Knowledge - INFO - Found code_base: <app.utils.kg_build.knowledge.KnowledgeCodeBase object at 0x7f5478330d90>
2026-01-01 09:27:21,156 - Knowledge - INFO - process ingested knowledge for /app/data/tataelxsimockapisolutions5451/3632/b9205aw/Online-Examination-System-3632/OnlineExamSystem/UserProfile.aspx.designer.cs
2026-01-01 09:27:21,342 - Knowledge - INFO - Found code-base-name: https://github.com/kavia-common/Online-Examination-System-3632.git:kavia-dev
2026-01-01 09:27:21,535 - Knowledge - INFO - Found code_base: <app.utils.kg_build.knowledge.KnowledgeCodeBase object at 0x7f5478330d90>
2026-01-01 09:27:21,757 - Knowledge - INFO - process ingested knowledge for /app/data/tataelxsimockapisolutions5451/3632/b9205aw/Online-Examination-System-3632/OnlineExamSystem/Dashboard.aspx.designer.cs
2026-01-01 09:27:21,963 - Knowledge - INFO - Found code-base-name: https://github.com/kavia-common/Online-Examination-System-3632.git:kavia-dev
2026-01-01 09:27:22,156 - Knowledge - INFO - Found code_base: <app.utils.kg_build.knowledge.KnowledgeCodeBase object at 0x7f5478330d90>
2026-01-01 09:27:22,389 - Knowledge - INFO - process ingested knowledge for /app/data/tataelxsimockapisolutions5451/3632/b9205aw/Online-Examination-System-3632/OnlineExamSystem/TakenCourses.aspx.cs
2026-01-01 09:27:22,596 - Knowledge - INFO - Found code-base-name: https://github.com/kavia-common/Online-Examination-System-3632.git:kavia-dev
2026-01-01 09:27:22,772 - Knowledge - INFO - Found code_base: <app.utils.kg_build.knowledge.KnowledgeCodeBase object at 0x7f5478330d90>
2026-01-01 09:27:23,008 - Knowledge - INFO - process ingested knowledge for /app/data/tataelxsimockapisolutions5451/3632/b9205aw/Online-Examination-System-3632/OnlineExamSystem/SetExam.aspx.cs
2026-01-01 09:27:23,217 - Knowledge - INFO - Found code-base-name: https://github.com/kavia-common/Online-Examination-System-3632.git:kavia-dev
2026-01-01 09:27:23,399 - Knowledge - INFO - Found code_base: <app.utils.kg_build.knowledge.KnowledgeCodeBase object at 0x7f5478330d90>
2026-01-01 09:27:23,570 - Knowledge - INFO - process ingested knowledge for /app/data/tataelxsimockapisolutions5451/3632/b9205aw/Online-Examination-System-3632/OnlineExamSystem/EditMCQ.aspx.cs
2026-01-01 09:27:23,787 - Knowledge - INFO - Found code-base-name: https://github.com/kavia-common/Online-Examination-System-3632.git:kavia-dev
2026-01-01 09:27:23,974 - Knowledge - INFO - Found code_base: <app.utils.kg_build.knowledge.KnowledgeCodeBase object at 0x7f5478330d90>
2026-01-01 09:27:24,153 - Knowledge - INFO - process ingested knowledge for /app/data/tataelxsimockapisolutions5451/3632/b9205aw/Online-Examination-System-3632/OnlineExamSystem/TheorySet.aspx.cs
2026-01-01 09:27:24,328 - Knowledge - INFO - Found code-base-name: https://github.com/kavia-common/Online-Examination-System-3632.git:kavia-dev
2026-01-01 09:27:24,542 - Knowledge - INFO - Found code_base: <app.utils.kg_build.knowledge.KnowledgeCodeBase object at 0x7f5478330d90>
2026-01-01 09:27:24,716 - Knowledge - INFO - process ingested knowledge for /app/data/tataelxsimockapisolutions5451/3632/b9205aw/Online-Examination-System-3632/OnlineExamSystem/ShowAns.aspx.cs
2026-01-01 09:27:24,903 - Knowledge - INFO - Found code-base-name: https://github.com/kavia-common/Online-Examination-System-3632.git:kavia-dev
2026-01-01 09:27:25,062 - Knowledge - INFO - Found code_base: <app.utils.kg_build.knowledge.KnowledgeCodeBase object at 0x7f5478330d90>
2026-01-01 09:27:25,273 - Knowledge - INFO - process ingested knowledge for /app/data/tataelxsimockapisolutions5451/3632/b9205aw/Online-Examination-System-3632/OnlineExamSystem/SignUpPage.aspx.cs
2026-01-01 09:27:25,458 - Knowledge - INFO - Found code-base-name: https://github.com/kavia-common/Online-Examination-System-3632.git:kavia-dev
2026-01-01 09:27:25,657 - Knowledge - INFO - Found code_base: <app.utils.kg_build.knowledge.KnowledgeCodeBase object at 0x7f5478330d90>
2026-01-01 09:27:25,880 - Knowledge - INFO - process ingested knowledge for /app/data/tataelxsimockapisolutions5451/3632/b9205aw/Online-Examination-System-3632/README.md
2026-01-01 09:27:26,076 - Knowledge - INFO - Found code-base-name: https://github.com/kavia-common/Online-Examination-System-3632.git:kavia-dev
2026-01-01 09:27:26,297 - Knowledge - INFO - Found code_base: <app.utils.kg_build.knowledge.KnowledgeCodeBase object at 0x7f5478330d90>
2026-01-01 09:27:26,504 - Knowledge - INFO - process ingested knowledge for /app/data/tataelxsimockapisolutions5451/3632/b9205aw/Online-Examination-System-3632/OnlineExamSystem/MCQExam.aspx.designer.cs
2026-01-01 09:27:26,708 - Knowledge - INFO - Found code-base-name: https://github.com/kavia-common/Online-Examination-System-3632.git:kavia-dev
2026-01-01 09:27:26,904 - Knowledge - INFO - Found code_base: <app.utils.kg_build.knowledge.KnowledgeCodeBase object at 0x7f5478330d90>
2026-01-01 09:27:27,079 - Knowledge - INFO - process ingested knowledge for /app/data/tataelxsimockapisolutions5451/3632/b9205aw/Online-Examination-System-3632/database-script/README.md
2026-01-01 09:27:27,249 - Knowledge - INFO - Found code-base-name: https://github.com/kavia-common/Online-Examination-System-3632.git:kavia-dev
2026-01-01 09:27:27,448 - Knowledge - INFO - Found code_base: <app.utils.kg_build.knowledge.KnowledgeCodeBase object at 0x7f5478330d90>
2026-01-01 09:27:27,643 - Knowledge - INFO - process ingested knowledge for /app/data/tataelxsimockapisolutions5451/3632/b9205aw/Online-Examination-System-3632/OnlineExamSystem/DownloadPdf.aspx.designer.cs
2026-01-01 09:27:27,846 - Knowledge - INFO - Found code-base-name: https://github.com/kavia-common/Online-Examination-System-3632.git:kavia-dev
2026-01-01 09:27:28,045 - Knowledge - INFO - Found code_base: <app.utils.kg_build.knowledge.KnowledgeCodeBase object at 0x7f5478330d90>
2026-01-01 09:27:28,266 - Knowledge - INFO - process ingested knowledge for /app/data/tataelxsimockapisolutions5451/3632/b9205aw/Online-Examination-System-3632/OnlineExamSystem/EditExam.aspx.cs
2026-01-01 09:27:28,439 - Knowledge - INFO - Found code-base-name: https://github.com/kavia-common/Online-Examination-System-3632.git:kavia-dev
2026-01-01 09:27:28,609 - Knowledge - INFO - Found code_base: <app.utils.kg_build.knowledge.KnowledgeCodeBase object at 0x7f5478330d90>
2026-01-01 09:27:28,769 - Knowledge - INFO - process ingested knowledge for /app/data/tataelxsimockapisolutions5451/3632/b9205aw/Online-Examination-System-3632/OnlineExamSystem/EditTheory.aspx.cs
2026-01-01 09:27:28,923 - Knowledge - INFO - Found code-base-name: https://github.com/kavia-common/Online-Examination-System-3632.git:kavia-dev
2026-01-01 09:27:29,129 - Knowledge - INFO - Found code_base: <app.utils.kg_build.knowledge.KnowledgeCodeBase object at 0x7f5478330d90>
2026-01-01 09:27:29,290 - Knowledge - INFO - process ingested knowledge for /app/data/tataelxsimockapisolutions5451/3632/b9205aw/Online-Examination-System-3632/OnlineExamSystem/StartExam.aspx.cs
2026-01-01 09:27:29,499 - Knowledge - INFO - Found code-base-name: https://github.com/kavia-common/Online-Examination-System-3632.git:kavia-dev
2026-01-01 09:27:29,658 - Knowledge - INFO - Found code_base: <app.utils.kg_build.knowledge.KnowledgeCodeBase object at 0x7f5478330d90>
2026-01-01 09:27:29,868 - Knowledge - INFO - process ingested knowledge for /app/data/tataelxsimockapisolutions5451/3632/b9205aw/Online-Examination-System-3632/OnlineExamSystem/AdminPanel.aspx.cs
2026-01-01 09:27:30,062 - Knowledge - INFO - Found code-base-name: https://github.com/kavia-common/Online-Examination-System-3632.git:kavia-dev
2026-01-01 09:27:30,249 - Knowledge - INFO - Found code_base: <app.utils.kg_build.knowledge.KnowledgeCodeBase object at 0x7f5478330d90>
2026-01-01 09:27:30,435 - Knowledge - INFO - process ingested knowledge for /app/data/tataelxsimockapisolutions5451/3632/b9205aw/Online-Examination-System-3632/OnlineExamSystem/ExamResult.aspx.designer.cs
2026-01-01 09:27:30,642 - Knowledge - INFO - Found code-base-name: https://github.com/kavia-common/Online-Examination-System-3632.git:kavia-dev
2026-01-01 09:27:30,801 - Knowledge - INFO - Found code_base: <app.utils.kg_build.knowledge.KnowledgeCodeBase object at 0x7f5478330d90>
2026-01-01 09:27:30,972 - Knowledge - INFO - process ingested knowledge for /app/data/tataelxsimockapisolutions5451/3632/b9205aw/Online-Examination-System-3632/OnlineExamSystem/LoginPage.aspx.designer.cs
2026-01-01 09:27:31,157 - Knowledge - INFO - Found code-base-name: https://github.com/kavia-common/Online-Examination-System-3632.git:kavia-dev
2026-01-01 09:27:31,331 - Knowledge - INFO - Found code_base: <app.utils.kg_build.knowledge.KnowledgeCodeBase object at 0x7f5478330d90>
2026-01-01 09:27:31,498 - Knowledge - INFO - process ingested knowledge for /app/data/tataelxsimockapisolutions5451/3632/b9205aw/Online-Examination-System-3632/OnlineExamSystem/TheoryExam.aspx.designer.cs
2026-01-01 09:27:31,657 - Knowledge - INFO - Found code-base-name: https://github.com/kavia-common/Online-Examination-System-3632.git:kavia-dev
2026-01-01 09:27:31,860 - Knowledge - INFO - Found code_base: <app.utils.kg_build.knowledge.KnowledgeCodeBase object at 0x7f5478330d90>
2026-01-01 09:27:32,111 - Knowledge - INFO - process ingested knowledge for /app/data/tataelxsimockapisolutions5451/3632/b9205aw/Online-Examination-System-3632/OnlineExamSystem/Leaderboard.aspx.cs
2026-01-01 09:27:32,318 - Knowledge - INFO - Found code-base-name: https://github.com/kavia-common/Online-Examination-System-3632.git:kavia-dev
2026-01-01 09:27:32,468 - Knowledge - INFO - Found code_base: <app.utils.kg_build.knowledge.KnowledgeCodeBase object at 0x7f5478330d90>
2026-01-01 09:27:32,666 - Knowledge - INFO - process ingested knowledge for /app/data/tataelxsimockapisolutions5451/3632/b9205aw/Online-Examination-System-3632/OnlineExamSystem/AdminQueue.aspx.designer.cs
2026-01-01 09:27:32,842 - Knowledge - INFO - Found code-base-name: https://github.com/kavia-common/Online-Examination-System-3632.git:kavia-dev
2026-01-01 09:27:33,011 - Knowledge - INFO - Found code_base: <app.utils.kg_build.knowledge.KnowledgeCodeBase object at 0x7f5478330d90>
2026-01-01 09:27:33,225 - Knowledge - INFO - process ingested knowledge for /app/data/tataelxsimockapisolutions5451/3632/b9205aw/Online-Examination-System-3632/OnlineExamSystem/AdminLeaderboard.aspx.designer.cs
2026-01-01 09:27:33,425 - Knowledge - INFO - Found code-base-name: https://github.com/kavia-common/Online-Examination-System-3632.git:kavia-dev
2026-01-01 09:27:33,629 - Knowledge - INFO - Found code_base: <app.utils.kg_build.knowledge.KnowledgeCodeBase object at 0x7f5478330d90>
2026-01-01 09:27:33,841 - Knowledge - INFO - process ingested knowledge for /app/data/tataelxsimockapisolutions5451/3632/b9205aw/Online-Examination-System-3632/OnlineExamSystem/MCQSet.aspx.cs
2026-01-01 09:27:34,084 - Knowledge - INFO - Loaded 50 files from persisted knowledge
2026-01-01 09:27:34,282 - Knowledge - INFO - load persisted knowledge: end
2026-01-01 09:27:34,472 - Knowledge - INFO - Redis support added with prefix knowledge:b9205aw:
2026-01-01 09:27:34,822 - Knowledge - INFO - Starting knowledge initialization for ID: pDRvUg-b9205aw
2026-01-01 09:27:35,034 - Knowledge - INFO - 🔍 Checking Redis for build_id: b9205aw
2026-01-01 09:27:35,217 - Knowledge - INFO - 🔍 Full session ID: pDRvUg-b9205aw
2026-01-01 09:27:35,397 - Knowledge - INFO - 🔍 Redis prefix will be: knowledge:b9205aw:
2026-01-01 09:27:35,620 - Knowledge - INFO - 🔍 Using attached load_from_redis() method
2026-01-01 09:27:35,784 - Knowledge - INFO - 🔍 Attempting to load knowledge from Redis...
2026-01-01 09:27:35,948 - Knowledge - INFO - 🔍 Using derived instance_id for Redis lookup: b9205aw
2026-01-01 09:27:36,163 - Knowledge - INFO - ✅ Redis cache found! Loading knowledge...
2026-01-01 09:27:36,327 - Knowledge - INFO - ✅ Successfully loaded from Redis: 50 files
2026-01-01 09:27:36,551 - Knowledge - INFO - ✅ Redis load complete: 50 files in 0.93s
2026-01-01 09:27:36,727 - Knowledge - INFO - ⚡ Total Redis path: 0.93s (vs ~300s from disk)
2026-01-01 09:27:36,893 - Knowledge - INFO - Saving knowledge to Redis...
2026-01-01 09:27:37,132 - Knowledge - INFO - Knowledge saved to Redis successfully
2026-01-01 09:39:17,686 - Knowledge - INFO - Created shared MongoDB connection pool
2026-01-01 09:39:18,037 - Knowledge - INFO - Starting Knowledge Graph processing with 20 threads
2026-01-01 09:39:18,225 - Knowledge - INFO - Initial configuration: chunk_size=65536, max_cache_size=500
2026-01-01 09:39:18,429 - Knowledge - INFO - Knowledge Graph concurrency configuration: workers=20, max_batch_size=10, max_concurrent_llm_calls=50
2026-01-01 09:39:19,487 - Knowledge - INFO - 🔍 _load_persisted_knowledge called - checking for Redis optimization
2026-01-01 09:39:19,683 - Knowledge - WARNING - ❌ load_from_redis method not found - Redis support not attached
2026-01-01 09:39:19,845 - Knowledge - INFO - load persisted knowledge: begin
2026-01-01 09:39:20,015 - Knowledge - INFO - Found code-base-name: https://github.com/kavia-common/Online-Examination-System-3632.git:kavia-dev
2026-01-01 09:39:20,218 - Knowledge - INFO - Found code_base: <app.utils.kg_build.knowledge.KnowledgeCodeBase object at 0x7f7f8ab15e90>
2026-01-01 09:39:20,394 - Knowledge - INFO - process ingested knowledge for /app/data/tataelxsimockapisolutions5451/3632/b9205aw/Online-Examination-System-3632/OnlineExamSystem/Properties/AssemblyInfo.cs
2026-01-01 09:39:20,555 - Knowledge - INFO - Found code-base-name: https://github.com/kavia-common/Online-Examination-System-3632.git:kavia-dev
2026-01-01 09:39:20,721 - Knowledge - INFO - Found code_base: <app.utils.kg_build.knowledge.KnowledgeCodeBase object at 0x7f7f8ab15e90>
2026-01-01 09:39:20,908 - Knowledge - INFO - process ingested knowledge for /app/data/tataelxsimockapisolutions5451/3632/b9205aw/Online-Examination-System-3632/OnlineExamSystem/AdminLeaderboard.aspx.cs
2026-01-01 09:39:21,071 - Knowledge - INFO - Found code-base-name: https://github.com/kavia-common/Online-Examination-System-3632.git:kavia-dev
2026-01-01 09:39:21,268 - Knowledge - INFO - Found code_base: <app.utils.kg_build.knowledge.KnowledgeCodeBase object at 0x7f7f8ab15e90>
2026-01-01 09:39:21,455 - Knowledge - INFO - process ingested knowledge for /app/data/tataelxsimockapisolutions5451/3632/b9205aw/Online-Examination-System-3632/OnlineExamSystem/AdminCourseQueue.aspx.designer.cs
2026-01-01 09:39:21,614 - Knowledge - INFO - Found code-base-name: https://github.com/kavia-common/Online-Examination-System-3632.git:kavia-dev
2026-01-01 09:39:21,790 - Knowledge - INFO - Found code_base: <app.utils.kg_build.knowledge.KnowledgeCodeBase object at 0x7f7f8ab15e90>
2026-01-01 09:39:21,950 - Knowledge - INFO - process ingested knowledge for /app/data/tataelxsimockapisolutions5451/3632/b9205aw/Online-Examination-System-3632/OnlineExamSystem/AdminQueue.aspx.cs
2026-01-01 09:39:22,163 - Knowledge - INFO - Found code-base-name: https://github.com/kavia-common/Online-Examination-System-3632.git:kavia-dev
2026-01-01 09:39:22,342 - Knowledge - INFO - Found code_base: <app.utils.kg_build.knowledge.KnowledgeCodeBase object at 0x7f7f8ab15e90>
2026-01-01 09:39:22,527 - Knowledge - INFO - process ingested knowledge for /app/data/tataelxsimockapisolutions5451/3632/b9205aw/Online-Examination-System-3632/OnlineExamSystem/TheorySet.aspx.designer.cs
2026-01-01 09:39:22,683 - Knowledge - INFO - Found code-base-name: https://github.com/kavia-common/Online-Examination-System-3632.git:kavia-dev
2026-01-01 09:39:22,844 - Knowledge - INFO - Found code_base: <app.utils.kg_build.knowledge.KnowledgeCodeBase object at 0x7f7f8ab15e90>
2026-01-01 09:39:23,045 - Knowledge - INFO - process ingested knowledge for /app/data/tataelxsimockapisolutions5451/3632/b9205aw/Online-Examination-System-3632/OnlineExamSystem/EditMCQ.aspx.designer.cs
2026-01-01 09:39:23,210 - Knowledge - INFO - Found code-base-name: https://github.com/kavia-common/Online-Examination-System-3632.git:kavia-dev
2026-01-01 09:39:23,391 - Knowledge - INFO - Found code_base: <app.utils.kg_build.knowledge.KnowledgeCodeBase object at 0x7f7f8ab15e90>
2026-01-01 09:39:23,565 - Knowledge - INFO - process ingested knowledge for /app/data/tataelxsimockapisolutions5451/3632/b9205aw/Online-Examination-System-3632/OnlineExamSystem/LoginPage.aspx.cs
2026-01-01 09:39:23,745 - Knowledge - INFO - Found code-base-name: https://github.com/kavia-common/Online-Examination-System-3632.git:kavia-dev
2026-01-01 09:39:23,970 - Knowledge - INFO - Found code_base: <app.utils.kg_build.knowledge.KnowledgeCodeBase object at 0x7f7f8ab15e90>
2026-01-01 09:39:24,183 - Knowledge - INFO - process ingested knowledge for /app/data/tataelxsimockapisolutions5451/3632/b9205aw/Online-Examination-System-3632/database-script/Online-Examination-System-Databse-Script.sql
2026-01-01 09:39:24,390 - Knowledge - INFO - Found code-base-name: https://github.com/kavia-common/Online-Examination-System-3632.git:kavia-dev
2026-01-01 09:39:24,555 - Knowledge - INFO - Found code_base: <app.utils.kg_build.knowledge.KnowledgeCodeBase object at 0x7f7f8ab15e90>
2026-01-01 09:39:24,728 - Knowledge - INFO - process ingested knowledge for /app/data/tataelxsimockapisolutions5451/3632/b9205aw/Online-Examination-System-3632/OnlineExamSystem/TheoryExam.aspx.cs
2026-01-01 09:39:24,880 - Knowledge - INFO - Found code-base-name: https://github.com/kavia-common/Online-Examination-System-3632.git:kavia-dev
2026-01-01 09:39:25,067 - Knowledge - INFO - Found code_base: <app.utils.kg_build.knowledge.KnowledgeCodeBase object at 0x7f7f8ab15e90>
2026-01-01 09:39:25,243 - Knowledge - INFO - process ingested knowledge for /app/data/tataelxsimockapisolutions5451/3632/b9205aw/Online-Examination-System-3632/OnlineExamSystem/TakenCourses.aspx.designer.cs
2026-01-01 09:39:25,434 - Knowledge - INFO - Found code-base-name: https://github.com/kavia-common/Online-Examination-System-3632.git:kavia-dev
2026-01-01 09:39:25,625 - Knowledge - INFO - Found code_base: <app.utils.kg_build.knowledge.KnowledgeCodeBase object at 0x7f7f8ab15e90>
2026-01-01 09:39:25,812 - Knowledge - INFO - process ingested knowledge for /app/data/tataelxsimockapisolutions5451/3632/b9205aw/Online-Examination-System-3632/OnlineExamSystem/SetExam.aspx.designer.cs
2026-01-01 09:39:25,982 - Knowledge - INFO - Found code-base-name: https://github.com/kavia-common/Online-Examination-System-3632.git:kavia-dev
2026-01-01 09:39:26,164 - Knowledge - INFO - Found code_base: <app.utils.kg_build.knowledge.KnowledgeCodeBase object at 0x7f7f8ab15e90>
2026-01-01 09:39:26,345 - Knowledge - INFO - process ingested knowledge for /app/data/tataelxsimockapisolutions5451/3632/b9205aw/Online-Examination-System-3632/OnlineExamSystem/ShowAns.aspx.designer.cs
2026-01-01 09:39:26,529 - Knowledge - INFO - Found code-base-name: https://github.com/kavia-common/Online-Examination-System-3632.git:kavia-dev
2026-01-01 09:39:26,690 - Knowledge - INFO - Found code_base: <app.utils.kg_build.knowledge.KnowledgeCodeBase object at 0x7f7f8ab15e90>
2026-01-01 09:39:26,862 - Knowledge - INFO - process ingested knowledge for /app/data/tataelxsimockapisolutions5451/3632/b9205aw/Online-Examination-System-3632/OnlineExamSystem/SignUpPage.aspx.designer.cs
2026-01-01 09:39:27,013 - Knowledge - INFO - Found code-base-name: https://github.com/kavia-common/Online-Examination-System-3632.git:kavia-dev
2026-01-01 09:39:27,216 - Knowledge - INFO - Found code_base: <app.utils.kg_build.knowledge.KnowledgeCodeBase object at 0x7f7f8ab15e90>
2026-01-01 09:39:27,418 - Knowledge - INFO - process ingested knowledge for /app/data/tataelxsimockapisolutions5451/3632/b9205aw/Online-Examination-System-3632/OnlineExamSystem/DownloadPdf.aspx.cs
2026-01-01 09:39:27,578 - Knowledge - INFO - Found code-base-name: https://github.com/kavia-common/Online-Examination-System-3632.git:kavia-dev
2026-01-01 09:39:27,734 - Knowledge - INFO - Found code_base: <app.utils.kg_build.knowledge.KnowledgeCodeBase object at 0x7f7f8ab15e90>
2026-01-01 09:39:27,942 - Knowledge - INFO - process ingested knowledge for /app/data/tataelxsimockapisolutions5451/3632/b9205aw/Online-Examination-System-3632/OnlineExamSystem/ExamResult.aspx.cs
2026-01-01 09:39:28,107 - Knowledge - INFO - Found code-base-name: https://github.com/kavia-common/Online-Examination-System-3632.git:kavia-dev
2026-01-01 09:39:28,263 - Knowledge - INFO - Found code_base: <app.utils.kg_build.knowledge.KnowledgeCodeBase object at 0x7f7f8ab15e90>
2026-01-01 09:39:28,414 - Knowledge - INFO - process ingested knowledge for /app/data/tataelxsimockapisolutions5451/3632/b9205aw/Online-Examination-System-3632/OnlineExamSystem/EditTheory.aspx.designer.cs
2026-01-01 09:39:28,584 - Knowledge - INFO - Found code-base-name: https://github.com/kavia-common/Online-Examination-System-3632.git:kavia-dev
2026-01-01 09:39:28,819 - Knowledge - INFO - Found code_base: <app.utils.kg_build.knowledge.KnowledgeCodeBase object at 0x7f7f8ab15e90>
2026-01-01 09:39:29,040 - Knowledge - INFO - process ingested knowledge for /app/data/tataelxsimockapisolutions5451/3632/b9205aw/Online-Examination-System-3632/OnlineExamSystem/EditExam.aspx.designer.cs
2026-01-01 09:39:29,256 - Knowledge - INFO - Found code-base-name: https://github.com/kavia-common/Online-Examination-System-3632.git:kavia-dev
2026-01-01 09:39:29,447 - Knowledge - INFO - Found code_base: <app.utils.kg_build.knowledge.KnowledgeCodeBase object at 0x7f7f8ab15e90>
2026-01-01 09:39:29,631 - Knowledge - INFO - process ingested knowledge for /app/data/tataelxsimockapisolutions5451/3632/b9205aw/Online-Examination-System-3632/OnlineExamSystem/UserProfile.aspx.cs
2026-01-01 09:39:29,803 - Knowledge - INFO - Found code-base-name: https://github.com/kavia-common/Online-Examination-System-3632.git:kavia-dev
2026-01-01 09:39:30,014 - Knowledge - INFO - Found code_base: <app.utils.kg_build.knowledge.KnowledgeCodeBase object at 0x7f7f8ab15e90>
2026-01-01 09:39:30,183 - Knowledge - INFO - process ingested knowledge for /app/data/tataelxsimockapisolutions5451/3632/b9205aw/Online-Examination-System-3632/OnlineExamSystem/Dashboard.aspx.cs
2026-01-01 09:39:30,380 - Knowledge - INFO - Found code-base-name: https://github.com/kavia-common/Online-Examination-System-3632.git:kavia-dev
2026-01-01 09:39:30,546 - Knowledge - INFO - Found code_base: <app.utils.kg_build.knowledge.KnowledgeCodeBase object at 0x7f7f8ab15e90>
2026-01-01 09:39:30,710 - Knowledge - INFO - process ingested knowledge for /app/data/tataelxsimockapisolutions5451/3632/b9205aw/Online-Examination-System-3632/OnlineExamSystem/StartExam.aspx.designer.cs
2026-01-01 09:39:30,883 - Knowledge - INFO - Found code-base-name: https://github.com/kavia-common/Online-Examination-System-3632.git:kavia-dev
2026-01-01 09:39:31,069 - Knowledge - INFO - Found code_base: <app.utils.kg_build.knowledge.KnowledgeCodeBase object at 0x7f7f8ab15e90>
2026-01-01 09:39:31,254 - Knowledge - INFO - process ingested knowledge for /app/data/tataelxsimockapisolutions5451/3632/b9205aw/Online-Examination-System-3632/OnlineExamSystem/AdminPanel.aspx.designer.cs
2026-01-01 09:39:31,465 - Knowledge - INFO - Found code-base-name: https://github.com/kavia-common/Online-Examination-System-3632.git:kavia-dev
2026-01-01 09:39:31,620 - Knowledge - INFO - Found code_base: <app.utils.kg_build.knowledge.KnowledgeCodeBase object at 0x7f7f8ab15e90>
2026-01-01 09:39:31,798 - Knowledge - INFO - process ingested knowledge for /app/data/tataelxsimockapisolutions5451/3632/b9205aw/Online-Examination-System-3632/packages/Microsoft.CodeDom.Providers.DotNetCompilerPlatform.1.0.0/lib/net45/Microsoft.CodeDom.Providers.DotNetCompilerPlatform.xml
2026-01-01 09:39:31,997 - Knowledge - INFO - Found code-base-name: https://github.com/kavia-common/Online-Examination-System-3632.git:kavia-dev
2026-01-01 09:39:32,151 - Knowledge - INFO - Found code_base: <app.utils.kg_build.knowledge.KnowledgeCodeBase object at 0x7f7f8ab15e90>
2026-01-01 09:39:32,363 - Knowledge - INFO - process ingested knowledge for /app/data/tataelxsimockapisolutions5451/3632/b9205aw/Online-Examination-System-3632/OnlineExamSystem/Leaderboard.aspx.designer.cs
2026-01-01 09:39:32,554 - Knowledge - INFO - Found code-base-name: https://github.com/kavia-common/Online-Examination-System-3632.git:kavia-dev
2026-01-01 09:39:32,765 - Knowledge - INFO - Found code_base: <app.utils.kg_build.knowledge.KnowledgeCodeBase object at 0x7f7f8ab15e90>
2026-01-01 09:39:32,962 - Knowledge - INFO - process ingested knowledge for /app/data/tataelxsimockapisolutions5451/3632/b9205aw/Online-Examination-System-3632/OnlineExamSystem/MCQSet.aspx.designer.cs
2026-01-01 09:39:33,157 - Knowledge - INFO - Found code-base-name: https://github.com/kavia-common/Online-Examination-System-3632.git:kavia-dev
2026-01-01 09:39:33,351 - Knowledge - INFO - Found code_base: <app.utils.kg_build.knowledge.KnowledgeCodeBase object at 0x7f7f8ab15e90>
2026-01-01 09:39:33,556 - Knowledge - INFO - process ingested knowledge for /app/data/tataelxsimockapisolutions5451/3632/b9205aw/Online-Examination-System-3632/OnlineExamSystem/MCQExam.aspx.cs
2026-01-01 09:39:33,719 - Knowledge - INFO - Found code-base-name: https://github.com/kavia-common/Online-Examination-System-3632.git:kavia-dev
2026-01-01 09:39:33,919 - Knowledge - INFO - Found code_base: <app.utils.kg_build.knowledge.KnowledgeCodeBase object at 0x7f7f8ab15e90>
2026-01-01 09:39:34,107 - Knowledge - INFO - process ingested knowledge for /app/data/tataelxsimockapisolutions5451/3632/b9205aw/Online-Examination-System-3632/OnlineExamSystem/AdminCourseQueue.aspx.cs
2026-01-01 09:39:34,258 - Knowledge - INFO - Found code-base-name: https://github.com/kavia-common/Online-Examination-System-3632.git:kavia-dev
2026-01-01 09:39:34,446 - Knowledge - INFO - Found code_base: <app.utils.kg_build.knowledge.KnowledgeCodeBase object at 0x7f7f8ab15e90>
2026-01-01 09:39:34,623 - Knowledge - INFO - process ingested knowledge for /app/data/tataelxsimockapisolutions5451/3632/b9205aw/Online-Examination-System-3632/OnlineExamSystem/CSS/bootstrap.css
2026-01-01 09:39:34,796 - Knowledge - INFO - Found code-base-name: https://github.com/kavia-common/Online-Examination-System-3632.git:kavia-dev
2026-01-01 09:39:34,962 - Knowledge - INFO - Found code_base: <app.utils.kg_build.knowledge.KnowledgeCodeBase object at 0x7f7f8ab15e90>
2026-01-01 09:39:35,159 - Knowledge - INFO - process ingested knowledge for /app/data/tataelxsimockapisolutions5451/3632/b9205aw/Online-Examination-System-3632/OnlineExamSystem/UserProfile.aspx.designer.cs
2026-01-01 09:39:35,349 - Knowledge - INFO - Found code-base-name: https://github.com/kavia-common/Online-Examination-System-3632.git:kavia-dev
2026-01-01 09:39:35,521 - Knowledge - INFO - Found code_base: <app.utils.kg_build.knowledge.KnowledgeCodeBase object at 0x7f7f8ab15e90>
2026-01-01 09:39:35,681 - Knowledge - INFO - process ingested knowledge for /app/data/tataelxsimockapisolutions5451/3632/b9205aw/Online-Examination-System-3632/OnlineExamSystem/Dashboard.aspx.designer.cs
2026-01-01 09:39:35,863 - Knowledge - INFO - Found code-base-name: https://github.com/kavia-common/Online-Examination-System-3632.git:kavia-dev
2026-01-01 09:39:36,019 - Knowledge - INFO - Found code_base: <app.utils.kg_build.knowledge.KnowledgeCodeBase object at 0x7f7f8ab15e90>
2026-01-01 09:39:36,165 - Knowledge - INFO - process ingested knowledge for /app/data/tataelxsimockapisolutions5451/3632/b9205aw/Online-Examination-System-3632/OnlineExamSystem/TakenCourses.aspx.cs
2026-01-01 09:39:36,342 - Knowledge - INFO - Found code-base-name: https://github.com/kavia-common/Online-Examination-System-3632.git:kavia-dev
2026-01-01 09:39:36,495 - Knowledge - INFO - Found code_base: <app.utils.kg_build.knowledge.KnowledgeCodeBase object at 0x7f7f8ab15e90>
2026-01-01 09:39:36,661 - Knowledge - INFO - process ingested knowledge for /app/data/tataelxsimockapisolutions5451/3632/b9205aw/Online-Examination-System-3632/OnlineExamSystem/SetExam.aspx.cs
2026-01-01 09:39:36,865 - Knowledge - INFO - Found code-base-name: https://github.com/kavia-common/Online-Examination-System-3632.git:kavia-dev
2026-01-01 09:39:37,060 - Knowledge - INFO - Found code_base: <app.utils.kg_build.knowledge.KnowledgeCodeBase object at 0x7f7f8ab15e90>
2026-01-01 09:39:37,221 - Knowledge - INFO - process ingested knowledge for /app/data/tataelxsimockapisolutions5451/3632/b9205aw/Online-Examination-System-3632/OnlineExamSystem/EditMCQ.aspx.cs
2026-01-01 09:39:37,425 - Knowledge - INFO - Found code-base-name: https://github.com/kavia-common/Online-Examination-System-3632.git:kavia-dev
2026-01-01 09:39:37,596 - Knowledge - INFO - Found code_base: <app.utils.kg_build.knowledge.KnowledgeCodeBase object at 0x7f7f8ab15e90>
2026-01-01 09:39:37,827 - Knowledge - INFO - process ingested knowledge for /app/data/tataelxsimockapisolutions5451/3632/b9205aw/Online-Examination-System-3632/OnlineExamSystem/TheorySet.aspx.cs
2026-01-01 09:39:38,017 - Knowledge - INFO - Found code-base-name: https://github.com/kavia-common/Online-Examination-System-3632.git:kavia-dev
2026-01-01 09:39:38,204 - Knowledge - INFO - Found code_base: <app.utils.kg_build.knowledge.KnowledgeCodeBase object at 0x7f7f8ab15e90>
2026-01-01 09:39:38,390 - Knowledge - INFO - process ingested knowledge for /app/data/tataelxsimockapisolutions5451/3632/b9205aw/Online-Examination-System-3632/OnlineExamSystem/ShowAns.aspx.cs
2026-01-01 09:39:38,590 - Knowledge - INFO - Found code-base-name: https://github.com/kavia-common/Online-Examination-System-3632.git:kavia-dev
2026-01-01 09:39:38,743 - Knowledge - INFO - Found code_base: <app.utils.kg_build.knowledge.KnowledgeCodeBase object at 0x7f7f8ab15e90>
2026-01-01 09:39:38,933 - Knowledge - INFO - process ingested knowledge for /app/data/tataelxsimockapisolutions5451/3632/b9205aw/Online-Examination-System-3632/OnlineExamSystem/SignUpPage.aspx.cs
2026-01-01 09:39:39,109 - Knowledge - INFO - Found code-base-name: https://github.com/kavia-common/Online-Examination-System-3632.git:kavia-dev
2026-01-01 09:39:39,286 - Knowledge - INFO - Found code_base: <app.utils.kg_build.knowledge.KnowledgeCodeBase object at 0x7f7f8ab15e90>
2026-01-01 09:39:39,473 - Knowledge - INFO - process ingested knowledge for /app/data/tataelxsimockapisolutions5451/3632/b9205aw/Online-Examination-System-3632/README.md
2026-01-01 09:39:39,662 - Knowledge - INFO - Found code-base-name: https://github.com/kavia-common/Online-Examination-System-3632.git:kavia-dev
2026-01-01 09:39:39,863 - Knowledge - INFO - Found code_base: <app.utils.kg_build.knowledge.KnowledgeCodeBase object at 0x7f7f8ab15e90>
2026-01-01 09:39:40,030 - Knowledge - INFO - process ingested knowledge for /app/data/tataelxsimockapisolutions5451/3632/b9205aw/Online-Examination-System-3632/OnlineExamSystem/MCQExam.aspx.designer.cs
2026-01-01 09:39:40,204 - Knowledge - INFO - Found code-base-name: https://github.com/kavia-common/Online-Examination-System-3632.git:kavia-dev
2026-01-01 09:39:40,379 - Knowledge - INFO - Found code_base: <app.utils.kg_build.knowledge.KnowledgeCodeBase object at 0x7f7f8ab15e90>
2026-01-01 09:39:40,574 - Knowledge - INFO - process ingested knowledge for /app/data/tataelxsimockapisolutions5451/3632/b9205aw/Online-Examination-System-3632/database-script/README.md
2026-01-01 09:39:40,810 - Knowledge - INFO - Found code-base-name: https://github.com/kavia-common/Online-Examination-System-3632.git:kavia-dev
2026-01-01 09:39:40,984 - Knowledge - INFO - Found code_base: <app.utils.kg_build.knowledge.KnowledgeCodeBase object at 0x7f7f8ab15e90>
2026-01-01 09:39:41,142 - Knowledge - INFO - process ingested knowledge for /app/data/tataelxsimockapisolutions5451/3632/b9205aw/Online-Examination-System-3632/OnlineExamSystem/DownloadPdf.aspx.designer.cs
2026-01-01 09:39:41,356 - Knowledge - INFO - Found code-base-name: https://github.com/kavia-common/Online-Examination-System-3632.git:kavia-dev
2026-01-01 09:39:41,515 - Knowledge - INFO - Found code_base: <app.utils.kg_build.knowledge.KnowledgeCodeBase object at 0x7f7f8ab15e90>
2026-01-01 09:39:41,713 - Knowledge - INFO - process ingested knowledge for /app/data/tataelxsimockapisolutions5451/3632/b9205aw/Online-Examination-System-3632/OnlineExamSystem/EditExam.aspx.cs
2026-01-01 09:39:41,885 - Knowledge - INFO - Found code-base-name: https://github.com/kavia-common/Online-Examination-System-3632.git:kavia-dev
2026-01-01 09:39:42,061 - Knowledge - INFO - Found code_base: <app.utils.kg_build.knowledge.KnowledgeCodeBase object at 0x7f7f8ab15e90>
2026-01-01 09:39:42,260 - Knowledge - INFO - process ingested knowledge for /app/data/tataelxsimockapisolutions5451/3632/b9205aw/Online-Examination-System-3632/OnlineExamSystem/EditTheory.aspx.cs
2026-01-01 09:39:42,480 - Knowledge - INFO - Found code-base-name: https://github.com/kavia-common/Online-Examination-System-3632.git:kavia-dev
2026-01-01 09:39:42,669 - Knowledge - INFO - Found code_base: <app.utils.kg_build.knowledge.KnowledgeCodeBase object at 0x7f7f8ab15e90>
2026-01-01 09:39:42,834 - Knowledge - INFO - process ingested knowledge for /app/data/tataelxsimockapisolutions5451/3632/b9205aw/Online-Examination-System-3632/OnlineExamSystem/StartExam.aspx.cs
2026-01-01 09:39:43,044 - Knowledge - INFO - Found code-base-name: https://github.com/kavia-common/Online-Examination-System-3632.git:kavia-dev
2026-01-01 09:39:43,258 - Knowledge - INFO - Found code_base: <app.utils.kg_build.knowledge.KnowledgeCodeBase object at 0x7f7f8ab15e90>
2026-01-01 09:39:43,466 - Knowledge - INFO - process ingested knowledge for /app/data/tataelxsimockapisolutions5451/3632/b9205aw/Online-Examination-System-3632/OnlineExamSystem/AdminPanel.aspx.cs
2026-01-01 09:39:43,667 - Knowledge - INFO - Found code-base-name: https://github.com/kavia-common/Online-Examination-System-3632.git:kavia-dev
2026-01-01 09:39:43,867 - Knowledge - INFO - Found code_base: <app.utils.kg_build.knowledge.KnowledgeCodeBase object at 0x7f7f8ab15e90>
2026-01-01 09:39:44,064 - Knowledge - INFO - process ingested knowledge for /app/data/tataelxsimockapisolutions5451/3632/b9205aw/Online-Examination-System-3632/OnlineExamSystem/ExamResult.aspx.designer.cs
2026-01-01 09:39:44,261 - Knowledge - INFO - Found code-base-name: https://github.com/kavia-common/Online-Examination-System-3632.git:kavia-dev
2026-01-01 09:39:44,442 - Knowledge - INFO - Found code_base: <app.utils.kg_build.knowledge.KnowledgeCodeBase object at 0x7f7f8ab15e90>
2026-01-01 09:39:44,645 - Knowledge - INFO - process ingested knowledge for /app/data/tataelxsimockapisolutions5451/3632/b9205aw/Online-Examination-System-3632/OnlineExamSystem/LoginPage.aspx.designer.cs
2026-01-01 09:39:44,798 - Knowledge - INFO - Found code-base-name: https://github.com/kavia-common/Online-Examination-System-3632.git:kavia-dev
2026-01-01 09:39:44,998 - Knowledge - INFO - Found code_base: <app.utils.kg_build.knowledge.KnowledgeCodeBase object at 0x7f7f8ab15e90>
2026-01-01 09:39:45,158 - Knowledge - INFO - process ingested knowledge for /app/data/tataelxsimockapisolutions5451/3632/b9205aw/Online-Examination-System-3632/OnlineExamSystem/TheoryExam.aspx.designer.cs
2026-01-01 09:39:45,364 - Knowledge - INFO - Found code-base-name: https://github.com/kavia-common/Online-Examination-System-3632.git:kavia-dev
2026-01-01 09:39:45,582 - Knowledge - INFO - Found code_base: <app.utils.kg_build.knowledge.KnowledgeCodeBase object at 0x7f7f8ab15e90>
2026-01-01 09:39:45,757 - Knowledge - INFO - process ingested knowledge for /app/data/tataelxsimockapisolutions5451/3632/b9205aw/Online-Examination-System-3632/OnlineExamSystem/Leaderboard.aspx.cs
2026-01-01 09:39:45,950 - Knowledge - INFO - Found code-base-name: https://github.com/kavia-common/Online-Examination-System-3632.git:kavia-dev
2026-01-01 09:39:46,118 - Knowledge - INFO - Found code_base: <app.utils.kg_build.knowledge.KnowledgeCodeBase object at 0x7f7f8ab15e90>
2026-01-01 09:39:46,326 - Knowledge - INFO - process ingested knowledge for /app/data/tataelxsimockapisolutions5451/3632/b9205aw/Online-Examination-System-3632/OnlineExamSystem/AdminQueue.aspx.designer.cs
2026-01-01 09:39:46,524 - Knowledge - INFO - Found code-base-name: https://github.com/kavia-common/Online-Examination-System-3632.git:kavia-dev
2026-01-01 09:39:46,702 - Knowledge - INFO - Found code_base: <app.utils.kg_build.knowledge.KnowledgeCodeBase object at 0x7f7f8ab15e90>
2026-01-01 09:39:46,875 - Knowledge - INFO - process ingested knowledge for /app/data/tataelxsimockapisolutions5451/3632/b9205aw/Online-Examination-System-3632/OnlineExamSystem/AdminLeaderboard.aspx.designer.cs
2026-01-01 09:39:47,058 - Knowledge - INFO - Found code-base-name: https://github.com/kavia-common/Online-Examination-System-3632.git:kavia-dev
2026-01-01 09:39:47,222 - Knowledge - INFO - Found code_base: <app.utils.kg_build.knowledge.KnowledgeCodeBase object at 0x7f7f8ab15e90>
2026-01-01 09:39:47,431 - Knowledge - INFO - process ingested knowledge for /app/data/tataelxsimockapisolutions5451/3632/b9205aw/Online-Examination-System-3632/OnlineExamSystem/MCQSet.aspx.cs
2026-01-01 09:39:47,609 - Knowledge - INFO - Loaded 50 files from persisted knowledge
2026-01-01 09:39:47,768 - Knowledge - INFO - load persisted knowledge: end
2026-01-01 09:39:47,947 - Knowledge - INFO - Redis support added with prefix knowledge:b9205aw:
2026-01-01 09:39:48,351 - Knowledge - INFO - Starting knowledge initialization for ID: U8GIr2-b9205aw
2026-01-01 09:39:48,518 - Knowledge - INFO - 🔍 Checking Redis for build_id: b9205aw
2026-01-01 09:39:48,726 - Knowledge - INFO - 🔍 Full session ID: U8GIr2-b9205aw
2026-01-01 09:39:48,892 - Knowledge - INFO - 🔍 Redis prefix will be: knowledge:b9205aw:
2026-01-01 09:39:49,080 - Knowledge - INFO - 🔍 Using attached load_from_redis() method
2026-01-01 09:39:49,258 - Knowledge - INFO - 🔍 Attempting to load knowledge from Redis...
2026-01-01 09:39:49,437 - Knowledge - INFO - 🔍 Using derived instance_id for Redis lookup: b9205aw
2026-01-01 09:39:49,627 - Knowledge - INFO - ✅ Redis cache found! Loading knowledge...
2026-01-01 09:39:49,818 - Knowledge - INFO - ✅ Successfully loaded from Redis: 50 files
2026-01-01 09:39:50,015 - Knowledge - INFO - ✅ Redis load complete: 50 files in 0.94s
2026-01-01 09:39:50,186 - Knowledge - INFO - ⚡ Total Redis path: 0.94s (vs ~300s from disk)
2026-01-01 09:39:50,387 - Knowledge - INFO - Saving knowledge to Redis...
2026-01-01 09:39:50,613 - Knowledge - INFO - Knowledge saved to Redis successfully
2026-01-02 10:00:32,099 - Knowledge - INFO - Created shared MongoDB connection pool
2026-01-02 10:00:32,418 - Knowledge - INFO - Starting Knowledge Graph processing with 20 threads
2026-01-02 10:00:32,577 - Knowledge - INFO - Initial configuration: chunk_size=65536, max_cache_size=500
2026-01-02 10:00:32,779 - Knowledge - INFO - Knowledge Graph concurrency configuration: workers=20, max_batch_size=10, max_concurrent_llm_calls=50
2026-01-02 10:00:33,943 - Knowledge - INFO - 🔍 _load_persisted_knowledge called - checking for Redis optimization
2026-01-02 10:00:34,107 - Knowledge - WARNING - ❌ load_from_redis method not found - Redis support not attached
2026-01-02 10:00:34,294 - Knowledge - INFO - load persisted knowledge: begin
2026-01-02 10:00:34,503 - Knowledge - INFO - Found code-base-name: https://github.com/kavia-common/Online-Examination-System-3632.git:kavia-dev
2026-01-02 10:00:34,732 - Knowledge - INFO - Found code_base: <app.utils.kg_build.knowledge.KnowledgeCodeBase object at 0x7f244e630d90>
2026-01-02 10:00:34,949 - Knowledge - INFO - process ingested knowledge for /app/data/tataelxsimockapisolutions5451/3632/b9205aw/Online-Examination-System-3632/OnlineExamSystem/Properties/AssemblyInfo.cs
2026-01-02 10:00:35,149 - Knowledge - INFO - Found code-base-name: https://github.com/kavia-common/Online-Examination-System-3632.git:kavia-dev
2026-01-02 10:00:35,289 - Knowledge - INFO - Found code_base: <app.utils.kg_build.knowledge.KnowledgeCodeBase object at 0x7f244e630d90>
2026-01-02 10:00:35,493 - Knowledge - INFO - process ingested knowledge for /app/data/tataelxsimockapisolutions5451/3632/b9205aw/Online-Examination-System-3632/OnlineExamSystem/AdminLeaderboard.aspx.cs
2026-01-02 10:00:35,655 - Knowledge - INFO - Found code-base-name: https://github.com/kavia-common/Online-Examination-System-3632.git:kavia-dev
2026-01-02 10:00:35,855 - Knowledge - INFO - Found code_base: <app.utils.kg_build.knowledge.KnowledgeCodeBase object at 0x7f244e630d90>
2026-01-02 10:00:36,058 - Knowledge - INFO - process ingested knowledge for /app/data/tataelxsimockapisolutions5451/3632/b9205aw/Online-Examination-System-3632/OnlineExamSystem/AdminCourseQueue.aspx.designer.cs
2026-01-02 10:00:36,282 - Knowledge - INFO - Found code-base-name: https://github.com/kavia-common/Online-Examination-System-3632.git:kavia-dev
2026-01-02 10:00:36,463 - Knowledge - INFO - Found code_base: <app.utils.kg_build.knowledge.KnowledgeCodeBase object at 0x7f244e630d90>
2026-01-02 10:00:36,635 - Knowledge - INFO - process ingested knowledge for /app/data/tataelxsimockapisolutions5451/3632/b9205aw/Online-Examination-System-3632/OnlineExamSystem/AdminQueue.aspx.cs
2026-01-02 10:00:36,795 - Knowledge - INFO - Found code-base-name: https://github.com/kavia-common/Online-Examination-System-3632.git:kavia-dev
2026-01-02 10:00:36,927 - Knowledge - INFO - Found code_base: <app.utils.kg_build.knowledge.KnowledgeCodeBase object at 0x7f244e630d90>
2026-01-02 10:00:37,070 - Knowledge - INFO - process ingested knowledge for /app/data/tataelxsimockapisolutions5451/3632/b9205aw/Online-Examination-System-3632/OnlineExamSystem/TheorySet.aspx.designer.cs
2026-01-02 10:00:37,238 - Knowledge - INFO - Found code-base-name: https://github.com/kavia-common/Online-Examination-System-3632.git:kavia-dev
2026-01-02 10:00:37,385 - Knowledge - INFO - Found code_base: <app.utils.kg_build.knowledge.KnowledgeCodeBase object at 0x7f244e630d90>
2026-01-02 10:00:37,611 - Knowledge - INFO - process ingested knowledge for /app/data/tataelxsimockapisolutions5451/3632/b9205aw/Online-Examination-System-3632/OnlineExamSystem/EditMCQ.aspx.designer.cs
2026-01-02 10:00:37,786 - Knowledge - INFO - Found code-base-name: https://github.com/kavia-common/Online-Examination-System-3632.git:kavia-dev
2026-01-02 10:00:37,974 - Knowledge - INFO - Found code_base: <app.utils.kg_build.knowledge.KnowledgeCodeBase object at 0x7f244e630d90>
2026-01-02 10:00:38,129 - Knowledge - INFO - process ingested knowledge for /app/data/tataelxsimockapisolutions5451/3632/b9205aw/Online-Examination-System-3632/OnlineExamSystem/LoginPage.aspx.cs
2026-01-02 10:00:38,360 - Knowledge - INFO - Found code-base-name: https://github.com/kavia-common/Online-Examination-System-3632.git:kavia-dev
2026-01-02 10:00:38,537 - Knowledge - INFO - Found code_base: <app.utils.kg_build.knowledge.KnowledgeCodeBase object at 0x7f244e630d90>
2026-01-02 10:00:38,780 - Knowledge - INFO - process ingested knowledge for /app/data/tataelxsimockapisolutions5451/3632/b9205aw/Online-Examination-System-3632/database-script/Online-Examination-System-Databse-Script.sql
2026-01-02 10:00:38,953 - Knowledge - INFO - Found code-base-name: https://github.com/kavia-common/Online-Examination-System-3632.git:kavia-dev
2026-01-02 10:00:39,148 - Knowledge - INFO - Found code_base: <app.utils.kg_build.knowledge.KnowledgeCodeBase object at 0x7f244e630d90>
2026-01-02 10:00:39,321 - Knowledge - INFO - process ingested knowledge for /app/data/tataelxsimockapisolutions5451/3632/b9205aw/Online-Examination-System-3632/OnlineExamSystem/TheoryExam.aspx.cs
2026-01-02 10:00:39,478 - Knowledge - INFO - Found code-base-name: https://github.com/kavia-common/Online-Examination-System-3632.git:kavia-dev
2026-01-02 10:00:39,640 - Knowledge - INFO - Found code_base: <app.utils.kg_build.knowledge.KnowledgeCodeBase object at 0x7f244e630d90>
2026-01-02 10:00:39,830 - Knowledge - INFO - process ingested knowledge for /app/data/tataelxsimockapisolutions5451/3632/b9205aw/Online-Examination-System-3632/OnlineExamSystem/TakenCourses.aspx.designer.cs
2026-01-02 10:00:40,037 - Knowledge - INFO - Found code-base-name: https://github.com/kavia-common/Online-Examination-System-3632.git:kavia-dev
2026-01-02 10:00:40,191 - Knowledge - INFO - Found code_base: <app.utils.kg_build.knowledge.KnowledgeCodeBase object at 0x7f244e630d90>
2026-01-02 10:00:40,405 - Knowledge - INFO - process ingested knowledge for /app/data/tataelxsimockapisolutions5451/3632/b9205aw/Online-Examination-System-3632/OnlineExamSystem/SetExam.aspx.designer.cs
2026-01-02 10:00:40,619 - Knowledge - INFO - Found code-base-name: https://github.com/kavia-common/Online-Examination-System-3632.git:kavia-dev
2026-01-02 10:00:40,787 - Knowledge - INFO - Found code_base: <app.utils.kg_build.knowledge.KnowledgeCodeBase object at 0x7f244e630d90>
2026-01-02 10:00:40,959 - Knowledge - INFO - process ingested knowledge for /app/data/tataelxsimockapisolutions5451/3632/b9205aw/Online-Examination-System-3632/OnlineExamSystem/ShowAns.aspx.designer.cs
2026-01-02 10:00:41,124 - Knowledge - INFO - Found code-base-name: https://github.com/kavia-common/Online-Examination-System-3632.git:kavia-dev
2026-01-02 10:00:41,331 - Knowledge - INFO - Found code_base: <app.utils.kg_build.knowledge.KnowledgeCodeBase object at 0x7f244e630d90>
2026-01-02 10:00:41,510 - Knowledge - INFO - process ingested knowledge for /app/data/tataelxsimockapisolutions5451/3632/b9205aw/Online-Examination-System-3632/OnlineExamSystem/SignUpPage.aspx.designer.cs
2026-01-02 10:00:41,685 - Knowledge - INFO - Found code-base-name: https://github.com/kavia-common/Online-Examination-System-3632.git:kavia-dev
2026-01-02 10:00:41,900 - Knowledge - INFO - Found code_base: <app.utils.kg_build.knowledge.KnowledgeCodeBase object at 0x7f244e630d90>
2026-01-02 10:00:42,069 - Knowledge - INFO - process ingested knowledge for /app/data/tataelxsimockapisolutions5451/3632/b9205aw/Online-Examination-System-3632/OnlineExamSystem/DownloadPdf.aspx.cs
2026-01-02 10:00:42,286 - Knowledge - INFO - Found code-base-name: https://github.com/kavia-common/Online-Examination-System-3632.git:kavia-dev
2026-01-02 10:00:42,452 - Knowledge - INFO - Found code_base: <app.utils.kg_build.knowledge.KnowledgeCodeBase object at 0x7f244e630d90>
2026-01-02 10:00:42,613 - Knowledge - INFO - process ingested knowledge for /app/data/tataelxsimockapisolutions5451/3632/b9205aw/Online-Examination-System-3632/OnlineExamSystem/ExamResult.aspx.cs
2026-01-02 10:00:42,805 - Knowledge - INFO - Found code-base-name: https://github.com/kavia-common/Online-Examination-System-3632.git:kavia-dev
2026-01-02 10:00:42,973 - Knowledge - INFO - Found code_base: <app.utils.kg_build.knowledge.KnowledgeCodeBase object at 0x7f244e630d90>
2026-01-02 10:00:43,145 - Knowledge - INFO - process ingested knowledge for /app/data/tataelxsimockapisolutions5451/3632/b9205aw/Online-Examination-System-3632/OnlineExamSystem/EditTheory.aspx.designer.cs
2026-01-02 10:00:43,333 - Knowledge - INFO - Found code-base-name: https://github.com/kavia-common/Online-Examination-System-3632.git:kavia-dev
2026-01-02 10:00:43,489 - Knowledge - INFO - Found code_base: <app.utils.kg_build.knowledge.KnowledgeCodeBase object at 0x7f244e630d90>
2026-01-02 10:00:43,687 - Knowledge - INFO - process ingested knowledge for /app/data/tataelxsimockapisolutions5451/3632/b9205aw/Online-Examination-System-3632/OnlineExamSystem/EditExam.aspx.designer.cs
2026-01-02 10:00:43,853 - Knowledge - INFO - Found code-base-name: https://github.com/kavia-common/Online-Examination-System-3632.git:kavia-dev
2026-01-02 10:00:44,044 - Knowledge - INFO - Found code_base: <app.utils.kg_build.knowledge.KnowledgeCodeBase object at 0x7f244e630d90>
2026-01-02 10:00:44,218 - Knowledge - INFO - process ingested knowledge for /app/data/tataelxsimockapisolutions5451/3632/b9205aw/Online-Examination-System-3632/OnlineExamSystem/UserProfile.aspx.cs
2026-01-02 10:00:44,390 - Knowledge - INFO - Found code-base-name: https://github.com/kavia-common/Online-Examination-System-3632.git:kavia-dev
2026-01-02 10:00:44,551 - Knowledge - INFO - Found code_base: <app.utils.kg_build.knowledge.KnowledgeCodeBase object at 0x7f244e630d90>
2026-01-02 10:00:44,710 - Knowledge - INFO - process ingested knowledge for /app/data/tataelxsimockapisolutions5451/3632/b9205aw/Online-Examination-System-3632/OnlineExamSystem/Dashboard.aspx.cs
2026-01-02 10:00:44,868 - Knowledge - INFO - Found code-base-name: https://github.com/kavia-common/Online-Examination-System-3632.git:kavia-dev
2026-01-02 10:00:45,042 - Knowledge - INFO - Found code_base: <app.utils.kg_build.knowledge.KnowledgeCodeBase object at 0x7f244e630d90>
2026-01-02 10:00:45,233 - Knowledge - INFO - process ingested knowledge for /app/data/tataelxsimockapisolutions5451/3632/b9205aw/Online-Examination-System-3632/OnlineExamSystem/StartExam.aspx.designer.cs
2026-01-02 10:00:45,406 - Knowledge - INFO - Found code-base-name: https://github.com/kavia-common/Online-Examination-System-3632.git:kavia-dev
2026-01-02 10:00:45,599 - Knowledge - INFO - Found code_base: <app.utils.kg_build.knowledge.KnowledgeCodeBase object at 0x7f244e630d90>
2026-01-02 10:00:45,766 - Knowledge - INFO - process ingested knowledge for /app/data/tataelxsimockapisolutions5451/3632/b9205aw/Online-Examination-System-3632/OnlineExamSystem/AdminPanel.aspx.designer.cs
2026-01-02 10:00:45,931 - Knowledge - INFO - Found code-base-name: https://github.com/kavia-common/Online-Examination-System-3632.git:kavia-dev
2026-01-02 10:00:46,097 - Knowledge - INFO - Found code_base: <app.utils.kg_build.knowledge.KnowledgeCodeBase object at 0x7f244e630d90>
2026-01-02 10:00:46,287 - Knowledge - INFO - process ingested knowledge for /app/data/tataelxsimockapisolutions5451/3632/b9205aw/Online-Examination-System-3632/packages/Microsoft.CodeDom.Providers.DotNetCompilerPlatform.1.0.0/lib/net45/Microsoft.CodeDom.Providers.DotNetCompilerPlatform.xml
2026-01-02 10:00:46,441 - Knowledge - INFO - Found code-base-name: https://github.com/kavia-common/Online-Examination-System-3632.git:kavia-dev
2026-01-02 10:00:46,628 - Knowledge - INFO - Found code_base: <app.utils.kg_build.knowledge.KnowledgeCodeBase object at 0x7f244e630d90>
2026-01-02 10:00:46,788 - Knowledge - INFO - process ingested knowledge for /app/data/tataelxsimockapisolutions5451/3632/b9205aw/Online-Examination-System-3632/OnlineExamSystem/Leaderboard.aspx.designer.cs
2026-01-02 10:00:47,012 - Knowledge - INFO - Found code-base-name: https://github.com/kavia-common/Online-Examination-System-3632.git:kavia-dev
2026-01-02 10:00:47,159 - Knowledge - INFO - Found code_base: <app.utils.kg_build.knowledge.KnowledgeCodeBase object at 0x7f244e630d90>
2026-01-02 10:00:47,331 - Knowledge - INFO - process ingested knowledge for /app/data/tataelxsimockapisolutions5451/3632/b9205aw/Online-Examination-System-3632/OnlineExamSystem/MCQSet.aspx.designer.cs
2026-01-02 10:00:47,494 - Knowledge - INFO - Found code-base-name: https://github.com/kavia-common/Online-Examination-System-3632.git:kavia-dev
2026-01-02 10:00:47,676 - Knowledge - INFO - Found code_base: <app.utils.kg_build.knowledge.KnowledgeCodeBase object at 0x7f244e630d90>
2026-01-02 10:00:47,861 - Knowledge - INFO - process ingested knowledge for /app/data/tataelxsimockapisolutions5451/3632/b9205aw/Online-Examination-System-3632/OnlineExamSystem/MCQExam.aspx.cs
2026-01-02 10:00:48,044 - Knowledge - INFO - Found code-base-name: https://github.com/kavia-common/Online-Examination-System-3632.git:kavia-dev
2026-01-02 10:00:48,272 - Knowledge - INFO - Found code_base: <app.utils.kg_build.knowledge.KnowledgeCodeBase object at 0x7f244e630d90>
2026-01-02 10:00:48,458 - Knowledge - INFO - process ingested knowledge for /app/data/tataelxsimockapisolutions5451/3632/b9205aw/Online-Examination-System-3632/OnlineExamSystem/AdminCourseQueue.aspx.cs
2026-01-02 10:00:48,691 - Knowledge - INFO - Found code-base-name: https://github.com/kavia-common/Online-Examination-System-3632.git:kavia-dev
2026-01-02 10:00:48,911 - Knowledge - INFO - Found code_base: <app.utils.kg_build.knowledge.KnowledgeCodeBase object at 0x7f244e630d90>
2026-01-02 10:00:49,112 - Knowledge - INFO - process ingested knowledge for /app/data/tataelxsimockapisolutions5451/3632/b9205aw/Online-Examination-System-3632/OnlineExamSystem/CSS/bootstrap.css
2026-01-02 10:00:49,307 - Knowledge - INFO - Found code-base-name: https://github.com/kavia-common/Online-Examination-System-3632.git:kavia-dev
2026-01-02 10:00:49,475 - Knowledge - INFO - Found code_base: <app.utils.kg_build.knowledge.KnowledgeCodeBase object at 0x7f244e630d90>
2026-01-02 10:00:49,634 - Knowledge - INFO - process ingested knowledge for /app/data/tataelxsimockapisolutions5451/3632/b9205aw/Online-Examination-System-3632/OnlineExamSystem/UserProfile.aspx.designer.cs
2026-01-02 10:00:49,833 - Knowledge - INFO - Found code-base-name: https://github.com/kavia-common/Online-Examination-System-3632.git:kavia-dev
2026-01-02 10:00:50,023 - Knowledge - INFO - Found code_base: <app.utils.kg_build.knowledge.KnowledgeCodeBase object at 0x7f244e630d90>
2026-01-02 10:00:50,239 - Knowledge - INFO - process ingested knowledge for /app/data/tataelxsimockapisolutions5451/3632/b9205aw/Online-Examination-System-3632/OnlineExamSystem/Dashboard.aspx.designer.cs
2026-01-02 10:00:50,412 - Knowledge - INFO - Found code-base-name: https://github.com/kavia-common/Online-Examination-System-3632.git:kavia-dev
2026-01-02 10:00:50,578 - Knowledge - INFO - Found code_base: <app.utils.kg_build.knowledge.KnowledgeCodeBase object at 0x7f244e630d90>
2026-01-02 10:00:50,781 - Knowledge - INFO - process ingested knowledge for /app/data/tataelxsimockapisolutions5451/3632/b9205aw/Online-Examination-System-3632/OnlineExamSystem/TakenCourses.aspx.cs
2026-01-02 10:00:50,975 - Knowledge - INFO - Found code-base-name: https://github.com/kavia-common/Online-Examination-System-3632.git:kavia-dev
2026-01-02 10:00:51,136 - Knowledge - INFO - Found code_base: <app.utils.kg_build.knowledge.KnowledgeCodeBase object at 0x7f244e630d90>
2026-01-02 10:00:51,295 - Knowledge - INFO - process ingested knowledge for /app/data/tataelxsimockapisolutions5451/3632/b9205aw/Online-Examination-System-3632/OnlineExamSystem/SetExam.aspx.cs
2026-01-02 10:00:51,459 - Knowledge - INFO - Found code-base-name: https://github.com/kavia-common/Online-Examination-System-3632.git:kavia-dev
2026-01-02 10:00:51,628 - Knowledge - INFO - Found code_base: <app.utils.kg_build.knowledge.KnowledgeCodeBase object at 0x7f244e630d90>
2026-01-02 10:00:51,791 - Knowledge - INFO - process ingested knowledge for /app/data/tataelxsimockapisolutions5451/3632/b9205aw/Online-Examination-System-3632/OnlineExamSystem/EditMCQ.aspx.cs
2026-01-02 10:00:52,020 - Knowledge - INFO - Found code-base-name: https://github.com/kavia-common/Online-Examination-System-3632.git:kavia-dev
2026-01-02 10:00:52,218 - Knowledge - INFO - Found code_base: <app.utils.kg_build.knowledge.KnowledgeCodeBase object at 0x7f244e630d90>
2026-01-02 10:00:52,438 - Knowledge - INFO - process ingested knowledge for /app/data/tataelxsimockapisolutions5451/3632/b9205aw/Online-Examination-System-3632/OnlineExamSystem/TheorySet.aspx.cs
2026-01-02 10:00:52,602 - Knowledge - INFO - Found code-base-name: https://github.com/kavia-common/Online-Examination-System-3632.git:kavia-dev
2026-01-02 10:00:52,800 - Knowledge - INFO - Found code_base: <app.utils.kg_build.knowledge.KnowledgeCodeBase object at 0x7f244e630d90>
2026-01-02 10:00:52,966 - Knowledge - INFO - process ingested knowledge for /app/data/tataelxsimockapisolutions5451/3632/b9205aw/Online-Examination-System-3632/OnlineExamSystem/ShowAns.aspx.cs
2026-01-02 10:00:53,141 - Knowledge - INFO - Found code-base-name: https://github.com/kavia-common/Online-Examination-System-3632.git:kavia-dev
2026-01-02 10:00:53,327 - Knowledge - INFO - Found code_base: <app.utils.kg_build.knowledge.KnowledgeCodeBase object at 0x7f244e630d90>
2026-01-02 10:00:53,505 - Knowledge - INFO - process ingested knowledge for /app/data/tataelxsimockapisolutions5451/3632/b9205aw/Online-Examination-System-3632/OnlineExamSystem/SignUpPage.aspx.cs
2026-01-02 10:00:53,716 - Knowledge - INFO - Found code-base-name: https://github.com/kavia-common/Online-Examination-System-3632.git:kavia-dev
2026-01-02 10:00:53,913 - Knowledge - INFO - Found code_base: <app.utils.kg_build.knowledge.KnowledgeCodeBase object at 0x7f244e630d90>
2026-01-02 10:00:54,078 - Knowledge - INFO - process ingested knowledge for /app/data/tataelxsimockapisolutions5451/3632/b9205aw/Online-Examination-System-3632/README.md
2026-01-02 10:00:54,305 - Knowledge - INFO - Found code-base-name: https://github.com/kavia-common/Online-Examination-System-3632.git:kavia-dev
2026-01-02 10:00:54,500 - Knowledge - INFO - Found code_base: <app.utils.kg_build.knowledge.KnowledgeCodeBase object at 0x7f244e630d90>
2026-01-02 10:00:54,699 - Knowledge - INFO - process ingested knowledge for /app/data/tataelxsimockapisolutions5451/3632/b9205aw/Online-Examination-System-3632/OnlineExamSystem/MCQExam.aspx.designer.cs
2026-01-02 10:00:54,921 - Knowledge - INFO - Found code-base-name: https://github.com/kavia-common/Online-Examination-System-3632.git:kavia-dev
2026-01-02 10:00:55,099 - Knowledge - INFO - Found code_base: <app.utils.kg_build.knowledge.KnowledgeCodeBase object at 0x7f244e630d90>
2026-01-02 10:00:55,336 - Knowledge - INFO - process ingested knowledge for /app/data/tataelxsimockapisolutions5451/3632/b9205aw/Online-Examination-System-3632/database-script/README.md
2026-01-02 10:00:55,529 - Knowledge - INFO - Found code-base-name: https://github.com/kavia-common/Online-Examination-System-3632.git:kavia-dev
2026-01-02 10:00:55,675 - Knowledge - INFO - Found code_base: <app.utils.kg_build.knowledge.KnowledgeCodeBase object at 0x7f244e630d90>
2026-01-02 10:00:55,822 - Knowledge - INFO - process ingested knowledge for /app/data/tataelxsimockapisolutions5451/3632/b9205aw/Online-Examination-System-3632/OnlineExamSystem/DownloadPdf.aspx.designer.cs
2026-01-02 10:00:55,994 - Knowledge - INFO - Found code-base-name: https://github.com/kavia-common/Online-Examination-System-3632.git:kavia-dev
2026-01-02 10:00:56,169 - Knowledge - INFO - Found code_base: <app.utils.kg_build.knowledge.KnowledgeCodeBase object at 0x7f244e630d90>
2026-01-02 10:00:56,352 - Knowledge - INFO - process ingested knowledge for /app/data/tataelxsimockapisolutions5451/3632/b9205aw/Online-Examination-System-3632/OnlineExamSystem/EditExam.aspx.cs
2026-01-02 10:00:56,538 - Knowledge - INFO - Found code-base-name: https://github.com/kavia-common/Online-Examination-System-3632.git:kavia-dev
2026-01-02 10:00:56,704 - Knowledge - INFO - Found code_base: <app.utils.kg_build.knowledge.KnowledgeCodeBase object at 0x7f244e630d90>
2026-01-02 10:00:56,904 - Knowledge - INFO - process ingested knowledge for /app/data/tataelxsimockapisolutions5451/3632/b9205aw/Online-Examination-System-3632/OnlineExamSystem/EditTheory.aspx.cs
2026-01-02 10:00:57,108 - Knowledge - INFO - Found code-base-name: https://github.com/kavia-common/Online-Examination-System-3632.git:kavia-dev
2026-01-02 10:00:57,293 - Knowledge - INFO - Found code_base: <app.utils.kg_build.knowledge.KnowledgeCodeBase object at 0x7f244e630d90>
2026-01-02 10:00:57,451 - Knowledge - INFO - process ingested knowledge for /app/data/tataelxsimockapisolutions5451/3632/b9205aw/Online-Examination-System-3632/OnlineExamSystem/StartExam.aspx.cs
2026-01-02 10:00:57,625 - Knowledge - INFO - Found code-base-name: https://github.com/kavia-common/Online-Examination-System-3632.git:kavia-dev
2026-01-02 10:00:57,774 - Knowledge - INFO - Found code_base: <app.utils.kg_build.knowledge.KnowledgeCodeBase object at 0x7f244e630d90>
2026-01-02 10:00:57,999 - Knowledge - INFO - process ingested knowledge for /app/data/tataelxsimockapisolutions5451/3632/b9205aw/Online-Examination-System-3632/OnlineExamSystem/AdminPanel.aspx.cs
2026-01-02 10:00:58,164 - Knowledge - INFO - Found code-base-name: https://github.com/kavia-common/Online-Examination-System-3632.git:kavia-dev
2026-01-02 10:00:58,331 - Knowledge - INFO - Found code_base: <app.utils.kg_build.knowledge.KnowledgeCodeBase object at 0x7f244e630d90>
2026-01-02 10:00:58,526 - Knowledge - INFO - process ingested knowledge for /app/data/tataelxsimockapisolutions5451/3632/b9205aw/Online-Examination-System-3632/OnlineExamSystem/ExamResult.aspx.designer.cs
2026-01-02 10:00:58,720 - Knowledge - INFO - Found code-base-name: https://github.com/kavia-common/Online-Examination-System-3632.git:kavia-dev
2026-01-02 10:00:58,871 - Knowledge - INFO - Found code_base: <app.utils.kg_build.knowledge.KnowledgeCodeBase object at 0x7f244e630d90>
2026-01-02 10:00:59,038 - Knowledge - INFO - process ingested knowledge for /app/data/tataelxsimockapisolutions5451/3632/b9205aw/Online-Examination-System-3632/OnlineExamSystem/LoginPage.aspx.designer.cs
2026-01-02 10:00:59,242 - Knowledge - INFO - Found code-base-name: https://github.com/kavia-common/Online-Examination-System-3632.git:kavia-dev
2026-01-02 10:00:59,421 - Knowledge - INFO - Found code_base: <app.utils.kg_build.knowledge.KnowledgeCodeBase object at 0x7f244e630d90>
2026-01-02 10:00:59,626 - Knowledge - INFO - process ingested knowledge for /app/data/tataelxsimockapisolutions5451/3632/b9205aw/Online-Examination-System-3632/OnlineExamSystem/TheoryExam.aspx.designer.cs
2026-01-02 10:00:59,785 - Knowledge - INFO - Found code-base-name: https://github.com/kavia-common/Online-Examination-System-3632.git:kavia-dev
2026-01-02 10:00:59,975 - Knowledge - INFO - Found code_base: <app.utils.kg_build.knowledge.KnowledgeCodeBase object at 0x7f244e630d90>
2026-01-02 10:01:00,147 - Knowledge - INFO - process ingested knowledge for /app/data/tataelxsimockapisolutions5451/3632/b9205aw/Online-Examination-System-3632/OnlineExamSystem/Leaderboard.aspx.cs
2026-01-02 10:01:00,331 - Knowledge - INFO - Found code-base-name: https://github.com/kavia-common/Online-Examination-System-3632.git:kavia-dev
2026-01-02 10:01:00,496 - Knowledge - INFO - Found code_base: <app.utils.kg_build.knowledge.KnowledgeCodeBase object at 0x7f244e630d90>
2026-01-02 10:01:00,687 - Knowledge - INFO - process ingested knowledge for /app/data/tataelxsimockapisolutions5451/3632/b9205aw/Online-Examination-System-3632/OnlineExamSystem/AdminQueue.aspx.designer.cs
2026-01-02 10:01:00,889 - Knowledge - INFO - Found code-base-name: https://github.com/kavia-common/Online-Examination-System-3632.git:kavia-dev
2026-01-02 10:01:01,080 - Knowledge - INFO - Found code_base: <app.utils.kg_build.knowledge.KnowledgeCodeBase object at 0x7f244e630d90>
2026-01-02 10:01:01,295 - Knowledge - INFO - process ingested knowledge for /app/data/tataelxsimockapisolutions5451/3632/b9205aw/Online-Examination-System-3632/OnlineExamSystem/AdminLeaderboard.aspx.designer.cs
2026-01-02 10:01:01,456 - Knowledge - INFO - Found code-base-name: https://github.com/kavia-common/Online-Examination-System-3632.git:kavia-dev
2026-01-02 10:01:01,647 - Knowledge - INFO - Found code_base: <app.utils.kg_build.knowledge.KnowledgeCodeBase object at 0x7f244e630d90>
2026-01-02 10:01:01,812 - Knowledge - INFO - process ingested knowledge for /app/data/tataelxsimockapisolutions5451/3632/b9205aw/Online-Examination-System-3632/OnlineExamSystem/MCQSet.aspx.cs
2026-01-02 10:01:01,996 - Knowledge - INFO - Loaded 50 files from persisted knowledge
2026-01-02 10:01:02,194 - Knowledge - INFO - load persisted knowledge: end
2026-01-02 10:01:02,377 - Knowledge - INFO - Redis support added with prefix knowledge:b9205aw:
2026-01-02 10:01:02,782 - Knowledge - INFO - Starting knowledge initialization for ID: d9PsXG-b9205aw
2026-01-02 10:01:02,968 - Knowledge - INFO - 🔍 Checking Redis for build_id: b9205aw
2026-01-02 10:01:03,169 - Knowledge - INFO - 🔍 Full session ID: d9PsXG-b9205aw
2026-01-02 10:01:03,308 - Knowledge - INFO - 🔍 Redis prefix will be: knowledge:b9205aw:
2026-01-02 10:01:03,529 - Knowledge - INFO - 🔍 Using attached load_from_redis() method
2026-01-02 10:01:03,717 - Knowledge - INFO - 🔍 Attempting to load knowledge from Redis...
2026-01-02 10:01:03,874 - Knowledge - INFO - 🔍 Using derived instance_id for Redis lookup: b9205aw
2026-01-02 10:01:04,111 - Knowledge - INFO - ✅ Redis cache found! Loading knowledge...
2026-01-02 10:01:04,275 - Knowledge - INFO - ✅ Successfully loaded from Redis: 50 files
2026-01-02 10:01:04,487 - Knowledge - INFO - ✅ Redis load complete: 50 files in 0.96s
2026-01-02 10:01:04,662 - Knowledge - INFO - ⚡ Total Redis path: 0.96s (vs ~300s from disk)
2026-01-02 10:01:04,842 - Knowledge - INFO - Saving knowledge to Redis...
2026-01-02 10:01:05,072 - Knowledge - INFO - Knowledge saved to Redis successfully
